id;site;row_id;lien;titre;marque;categorie;sous_categorie;prix;devise;description;liens_images;nb_images;statut_scraping
0;jumia;0_jumia;https://www.jumia.ma/apple-iphone-17-pro-max-512gb-orange-cosmique-5g-lte-ip68-dual-sim-a19-pro-hexa-core-ecran-6.9-inch-1320-x-2868-ios-26-neuf-2-ans-garantie-67880376.html;iPhone 17 Pro Max / 512GB / Orange Cosmique / 5G-LTE IP68 Dual SIM - A19 Pro Hexa-Core - Écran 6.9-inch 1320 x 2868 - iOS 26 - Neuf 2 Ans garantie;Apple;Electronique;Smartphones;20489.00;MAD;"Cosmic Orange (Orange Cosmique). Taille de l&#039;&eacute;cran 6.9 pouces, Technologie d&#039;affichage SUPER RETINA XDR OLED M&eacute;moire 512 Go, RAM 12 Gb Processeur A19 Pro Cam&eacute;ra 48 Mpx, 48 Mpx, 48 Mpx Cam&eacute;ra avant 18 Mpx";https://ma.jumia.is/unsafe/fit-in/680x680/filters:fill(white)/product/67/308876/1.jpg?2823|https://ma.jumia.is/unsafe/fit-in/680x680/filters:fill(white)/product/67/308876/2.jpg?2824|https://ma.jumia.is/unsafe/fit-in/680x680/filters:fill(white)/product/67/308876/3.jpg?2825|https://ma.jumia.is/unsafe/fit-in/680x680/filters:fill(white)/product/67/308876/4.jpg?2826;4;ok
0;wildberries;0_wildberries;https://www.wildberries.ru/catalog/1141702149/detail.aspx;Смартфон iPhone 17 Pro Max 256GB Deep Blue eSIM+eSIM;Apple;Electronique;Smartphones;113 091;RUB;;https://basket-43.wbbasket.ru/vol11417/part1141702/1141702149/images/big/1.webp|https://basket-43.wbbasket.ru/vol11417/part1141702/1141702149/images/big/2.webp|https://basket-43.wbbasket.ru/vol11417/part1141702/1141702149/images/big/3.webp|https://basket-43.wbbasket.ru/vol11417/part1141702/1141702149/images/big/4.webp;4;ok
0;trendyol;0_trendyol;https://www.trendyol.com/en/apple/iphone-17-pro-max-512-gb-cosmic-orange-p-987169112;Apple iPhone 17 Pro Max (512 GB) - Cosmic Orange;Apple;Electronique;Smartphones;5800.00;AED;;https://cdn.dsmcdn.com/ty1757/prod/QC_PREP/20250918/17/dade68d6-90a2-3daa-ab45-84c8b31a4621/1_org_zoom.jpg|https://cdn.dsmcdn.com/ty1757/prod/QC_PREP/20250918/17/6c254c1e-f2b6-37b8-bfd9-d44ef55b30f0/1_org_zoom.jpg|https://cdn.dsmcdn.com/ty1757/prod/QC_PREP/20250918/17/dcb851a3-50ce-3635-ab53-c35cca122ace/1_org_zoom.jpg|https://cdn.dsmcdn.com/ty1757/prod/QC_PREP/20250918/17/65177680-b5e7-39fb-a242-6219a9191e07/1_org_zoom.jpg|https://cdn.dsmcdn.com/ty1757/prod/QC_PREP/20250918/17/b9989194-1b85-34c0-ae7d-aba73d96c654/1_org_zoom.jpg|https://cdn.dsmcdn.com/ty1757/prod/QC_PREP/20250918/17/8f8d73e4-74b5-3f07-9e5e-c51964c77208/1_org_zoom.jpg|https://cdn.dsmcdn.com/ty1757/prod/QC_PREP/20250918/17/3f43ace2-8b02-3eb3-ae38-7f1882743b23/1_org_zoom.jpg|https://cdn.dsmcdn.com/ty1757/prod/QC_PREP/20250918/17/947a6827-2022-3794-8f0d-016211640ed0/1_org_zoom.jpg;8;ok
0;daraz;0_daraz;https://www.daraz.pk/products/apple-iphone-17-pro-max-256gb-i1958136639-s14018953581.html?c=&channelLpJumpArgs=&clickTrackInfo=query%253AApple%252BiPhone%252B17%252BPro%252BMax%253Bnid%253A1958136639%253Bsrc%253ALazadaMainSrp%253Brn%253A060b976444a229212435c9e694e9e402%253Bregion%253Apk%253Bsku%253A1958136639_PK%253Bprice%253A511999%253Bclient%253Adesktop%253Bsupplier_id%253A1000000%253Bsession_id%253A%253Bbiz_source%253Ahttps%253A%252F%252Fwww.daraz.pk%252F%253Bslot%253A0%253Butlog_bucket_id%253A470687%253Basc_category_id%253A3%253Bitem_id%253A1958136639%253Bsku_id%253A14018953581%253Bshop_id%253A2559934%253BtemplateInfo%253A&freeshipping=1&fs_ab=1&fuse_fs=&lang=en&location=Punjab&price=511999&priceCompare=skuId%3A14018953581%3Bsource%3Alazada-search-voucher%3Bsn%3A060b976444a229212435c9e694e9e402%3BoriginPrice%3A51199900%3BdisplayPrice%3A51199900%3BisGray%3Afalse%3BsinglePromotionId%3A50000075583001%3BsingleToolCode%3AflashSale%3BvoucherPricePlugin%3A0%3Btimestamp%3A1783289090966&qSellingPoint=b--apple___p--iphone%2017%20pro%20max&ratingscore=4.2&request_id=060b976444a229212435c9e694e9e402&review=5&sale=30&search=1&source=search&spm=a2a0e.searchlist.list.0&stock=1 ;Apple iPhone 17 Pro Max - 256GB + 20W Free Charger;Apple;Electronique;Smartphones;500999;PKR;;https://static-01.daraz.pk/p/f4e0ecda0b4951e4c60dbb9c8007726c.png|https://static-01.daraz.pk/p/d01504d3dd145141cff46364d0b1c614.jpg|https://static-01.daraz.pk/p/b85cd02fea6a60998275d4d0e231492b.png|https://static-01.daraz.pk/p/188c82fbb0676d0b306c877a5fe59623.png|https://static-01.daraz.pk/p/e91eb88a1d95996579348000884b683c.png|https://static-01.daraz.pk/p/9aae8c40558eb6ad1444ce714e3ae67b.png|https://static-01.daraz.pk/p/02c72c9f1f61beb729c338d019add315.png|https://static-01.daraz.pk/p/c1fd49bf6ad4ff06dee4a98900d0e804.png|https://static-01.daraz.pk/p/5654299300e7569c97b66f2ce931c64c.png;9;ok
1;jumia;1_jumia;https://www.jumia.ma/apple-iphone-17-256gb-lavender-neuf-2-ans-garantie-67890952.html;iPhone 17 256GB - Lavender - Neuf 2 Ans garantie;Apple;Electronique;Smartphones;11190.00;MAD;"Marque : Apple
Modèle : iPhone 17
Couleur : Lavande
Stockage : 256 Go
Dimensions : 149,6 × 71,5 × 7,95 mm
Poids : 177 g
Écran : Super Retina XDR OLED, Always-On, Dynamic Island
Taille écran : 6,3 pouces (diagonale)
Résolution : 2 622 × 1 206 pixels à 460 ppi
Taux de rafraîchissement : ProMotion jusqu&#039;à 120 Hz
Luminosité max. : 3 000 nits (extérieur)
Puce : Apple A19 (CPU 6 cœurs, GPU 5 cœurs, Neural Engine 16 cœurs)
Puce réseau : Apple N1
Caméra principale : 48 MP Fusion, f/1,6, 26 mm, stabilisation optique, macro
Caméra ultra grand-angle : 48 MP Fusion Ultra Wide, f/2,2, 13 mm
Zoom optique : 2x | Zoom numérique jusqu&#039;à 10x
Caméra frontale : 18 MP Center Stage, f/1,9, autofocus
Vidéo : 4K Dolby Vision jusqu&#039;à 60 fps
Batterie : Jusqu&#039;à 30 h de lecture vidéo
Charge rapide : 50 % en 20 min (40 W+) via USB-C
MagSafe / Qi2 : Jusqu&#039;à 25 W
Réseau : 5G sub-6 GHz + mmWave, Gigabit LTE 4×4 MIMO
Wi-Fi : Wi-Fi 7 (802.11be)
Bluetooth : 6
NFC : Oui (Apple Pay)
UWB : 2ᵉ génération
SIM : Double eSIM (pas de SIM physique)
Résistance : IP68 (6 m / 30 min)
Face ID : Oui
Système d&#039;exploitation : iOS 26
Année de lancement : 2025";https://ma.jumia.is/unsafe/fit-in/680x680/filters:fill(white)/product/25/909876/1.jpg?0277|https://ma.jumia.is/unsafe/fit-in/680x680/filters:fill(white)/product/25/909876/2.jpg?0293|https://ma.jumia.is/unsafe/fit-in/680x680/filters:fill(white)/product/25/909876/3.jpg?0307|https://ma.jumia.is/unsafe/fit-in/680x680/filters:fill(white)/product/25/909876/4.jpg?0327;4;ok
1;wildberries;1_wildberries;https://www.wildberries.ru/catalog/1013704991/detail.aspx;Смартфон IPHONE 17 256GB BLACK esim;Apple;Electronique;Smartphones;83096;RUB;;https://basket-41.wbbasket.ru/vol10137/part1013704/1013704991/images/big/1.webp|https://basket-41.wbbasket.ru/vol10137/part1013704/1013704991/images/big/2.webp|https://basket-41.wbbasket.ru/vol10137/part1013704/1013704991/images/big/3.webp|https://basket-41.wbbasket.ru/vol10137/part1013704/1013704991/images/big/4.webp|https://basket-41.wbbasket.ru/vol10137/part1013704/1013704991/images/big/5.webp|https://basket-41.wbbasket.ru/vol10137/part1013704/1013704991/images/big/6.webp|https://basket-41.wbbasket.ru/vol10137/part1013704/1013704991/images/big/7.webp|https://basket-41.wbbasket.ru/vol10137/part1013704/1013704991/images/big/8.webp|https://basket-41.wbbasket.ru/vol10137/part1013704/1013704991/images/big/9.webp|https://basket-41.wbbasket.ru/vol10137/part1013704/1013704991/images/big/10.webp|https://basket-41.wbbasket.ru/vol10137/part1013704/1013704991/images/big/11.webp|https://basket-41.wbbasket.ru/vol10137/part1013704/1013704991/images/big/12.webp;12;ok
1;trendyol;1_trendyol;https://www.trendyol.com/en/apple/iphone-17-256-gb-black-p-987170285;Apple iPhone 17 (256 GB) - Black;Apple;Electronique;Smartphones;3300.00;AED;;https://cdn.dsmcdn.com/ty1757/prod/QC_PREP/20250918/17/2fd36d67-d981-33a7-8e35-2c840a5fb9f4/1_org_zoom.jpg|https://cdn.dsmcdn.com/ty1757/prod/QC_PREP/20250918/17/df95c741-3ecf-360b-8a71-9f171a5616d9/1_org_zoom.jpg|https://cdn.dsmcdn.com/ty1757/prod/QC_PREP/20250918/17/2f6d622d-7df0-3e18-8d74-67c6e839c4be/1_org_zoom.jpg|https://cdn.dsmcdn.com/ty1757/prod/QC_PREP/20250918/17/9908ee5b-928a-3c69-b87a-111d148af0c0/1_org_zoom.jpg|https://cdn.dsmcdn.com/ty1757/prod/QC_PREP/20250918/17/b2e87051-6d5d-383d-b8fa-2311480fab5a/1_org_zoom.jpg|https://cdn.dsmcdn.com/ty1757/prod/QC_PREP/20250918/17/5b32d784-1338-3d37-b622-54ce6b2ea102/1_org_zoom.jpg|https://cdn.dsmcdn.com/ty1757/prod/QC_PREP/20250918/17/2ba4d916-47eb-3db7-8c41-ef3124247733/1_org_zoom.jpg|https://cdn.dsmcdn.com/ty1757/prod/QC_PREP/20250918/17/c7a9d145-f9e1-3673-a3ea-5608bf91edb7/1_org_zoom.jpg;8;ok
1;daraz;1_daraz;https://www.daraz.pk/products/apple-iphone-17-256-gb-i1957775261-s14018978253.html?c=&channelLpJumpArgs=&clickTrackInfo=query%253AApple%252BiPhone%252B17%253Bnid%253A1957775261%253Bsrc%253ALazadaMainSrp%253Brn%253A84f880089dabe56bc9473a2d5720958e%253Bregion%253Apk%253Bsku%253A1957775261_PK%253Bprice%253A399000%253Bclient%253Adesktop%253Bsupplier_id%253A1000000%253Bsession_id%253A%253Bbiz_source%253Ah5_external%253Bslot%253A0%253Butlog_bucket_id%253A470687%253Basc_category_id%253A3%253Bitem_id%253A1957775261%253Bsku_id%253A14018978253%253Bshop_id%253A2559934%253BtemplateInfo%253A&freeshipping=1&fs_ab=1&fuse_fs=&lang=en&location=Punjab&price=3.99E%205&priceCompare=skuId%3A14018978253%3Bsource%3Alazada-search-voucher%3Bsn%3A84f880089dabe56bc9473a2d5720958e%3BoriginPrice%3A39900000%3BdisplayPrice%3A39900000%3BisGray%3Afalse%3BsinglePromotionId%3A-1%3BsingleToolCode%3A-1%3BvoucherPricePlugin%3A0%3Btimestamp%3A1783290176894&qSellingPoint=p--iphone%2017___b--apple&ratingscore=&request_id=84f880089dabe56bc9473a2d5720958e&review=&sale=2&search=1&source=search&spm=a2a0e.searchlist.list.0&stock=1;Apple iPhone 17 - 256 GB + 20W Free Charger;Apple;Electronique;Smartphones;362999;PKR;;https://static-01.daraz.pk/p/210f8d7a749fbf28ad6e6b754d04ce8f.png|https://static-01.daraz.pk/p/f8d8f9fe0da65c1d74efb49d34e29c57.png|https://static-01.daraz.pk/p/6d3dc1a5b0d7d578e4c3b532d4d6079b.png|https://static-01.daraz.pk/p/8425e760afdb0c6072c28d91a87a8347.png|https://static-01.daraz.pk/p/e322208878200b0b076a599df4505490.png|https://static-01.daraz.pk/p/849fcaf451db7f00bae0b928146e3ee7.png|https://static-01.daraz.pk/p/83d53d4ad4fbb151142ba6d6f0220557.png|https://static-01.daraz.pk/p/a1b30c220c2503304bf97306c0012d5d.png;8;ok
2;jumia;2_jumia;https://www.jumia.ma/apple-iphone-air-256-go-65-12-go-ram-puce-a19-pro-esim-noir-sideral-titane-ios-67365634.html;"iPhone Air 256 Go 6,5"" 12 Go RAM Puce A19 Pro eSIM Noir Sidéral Titane iOS";Apple;Electronique;Smartphones;10475.00;MAD;INFINIMENT FIN. INCROYABLEMENT LÉGER. IRRÉSISTIBLEMENT RÉSISTANT.PLUS RÉSISTANT QUE TOUS LES MODÈLES D’IPHONE PRÉCÉDENTS.DEUX CAMÉRAS AVANCÉES EN UNE.CAMÉRA AVANT CENTER STAGE 18 MP.PUCE A19 PRO. ULTRA-RAPIDE. ULTRA-ÉCONOME EN ÉNERGIE.AUTONOMIE D’UNE JOURNÉE.CONÇU POUR APPLE INTELLIGENCE.CONNECTIVITÉ RENFORCÉE. VITESSES ULTRA-RAPIDES.eSIM, FLEXIBILITÉ. SÉCURITÉ. SIMPLICITÉ.;https://ma.jumia.is/unsafe/fit-in/680x680/filters:fill(white)/product/43/656376/1.jpg?2344|https://ma.jumia.is/unsafe/fit-in/680x680/filters:fill(white)/product/43/656376/2.jpg?5767|https://ma.jumia.is/unsafe/fit-in/680x680/filters:fill(white)/product/43/656376/3.jpg?5767|https://ma.jumia.is/unsafe/fit-in/680x680/filters:fill(white)/product/43/656376/4.jpg?5767|https://ma.jumia.is/unsafe/fit-in/680x680/filters:fill(white)/product/43/656376/5.jpg?5767|https://ma.jumia.is/unsafe/fit-in/680x680/filters:fill(white)/product/43/656376/6.jpg?5767|https://ma.jumia.is/unsafe/fit-in/680x680/filters:fill(white)/product/43/656376/7.jpg?5767|https://ma.jumia.is/unsafe/fit-in/680x680/filters:fill(white)/product/43/656376/8.jpg?5767;8;ok
2;wildberries;2_wildberries;https://www.wildberries.ru/catalog/869220148/detail.aspx;iPhone Air 256GB;Apple;Electronique;Smartphones;83999;RUB;;https://basket-38.wbbasket.ru/vol8692/part869220/869220148/images/big/1.webp|https://basket-38.wbbasket.ru/vol8692/part869220/869220148/images/big/2.webp|https://basket-38.wbbasket.ru/vol8692/part869220/869220148/images/big/3.webp|https://basket-38.wbbasket.ru/vol8692/part869220/869220148/images/big/4.webp|https://basket-38.wbbasket.ru/vol8692/part869220/869220148/images/big/5.webp|https://basket-38.wbbasket.ru/vol8692/part869220/869220148/images/big/6.webp|https://basket-38.wbbasket.ru/vol8692/part869220/869220148/images/big/7.webp|https://basket-38.wbbasket.ru/vol8692/part869220/869220148/images/big/8.webp|https://basket-38.wbbasket.ru/vol8692/part869220/869220148/images/big/9.webp;9;ok
2;trendyol;2_trendyol;https://www.trendyol.com/en/apple/iphone-air-256gb-sky-blue-p-987170161?boutiqueId=61&merchantId=1010687;Apple iPhone Air 256GB Sky Blue;Apple;Electronique;Smartphones;3299.00;AED;;https://cdn.dsmcdn.com/ty1761/prod/QC_ENRICHMENT/20250919/07/faba0acd-2f21-384b-a648-660b113e4607/1_org_zoom.jpg|https://cdn.dsmcdn.com/ty1761/prod/QC_ENRICHMENT/20250919/07/f871cc53-78df-373a-b092-32693875bafa/1_org_zoom.jpg|https://cdn.dsmcdn.com/ty1761/prod/QC_ENRICHMENT/20250919/07/f201cc3d-08de-3786-b347-9b55965e3e68/1_org_zoom.jpg|https://cdn.dsmcdn.com/ty1762/prod/QC_ENRICHMENT/20250919/07/bc36f16f-b407-390d-94f8-3a8842fd8bb2/1_org_zoom.jpg|https://cdn.dsmcdn.com/ty1762/prod/QC_ENRICHMENT/20250919/07/65a07d53-2d8f-3e2d-80ca-74d0cfff9291/1_org_zoom.jpg|https://cdn.dsmcdn.com/ty1761/prod/QC_ENRICHMENT/20250919/07/59ae478f-7181-3219-8323-9b4f816222c9/1_org_zoom.jpg|https://cdn.dsmcdn.com/ty1763/prod/QC_ENRICHMENT/20250919/07/054744f0-0ae2-3d28-9121-c99427a4eeb8/1_org_zoom.jpg|https://cdn.dsmcdn.com/ty1761/prod/QC_ENRICHMENT/20250919/07/4c8379c6-89c0-3829-bd9a-112bff379827/1_org_zoom.jpg;8;ok
2;daraz;2_daraz;https://www.daraz.pk/products/iphone-air-256gb-i1957763410-s14018994084.html?c=&channelLpJumpArgs=&clickTrackInfo=query%253AApple%252BiPhones%253Bnid%253A1957763410%253Bsrc%253ALazadaMainSrp%253Brn%253Ac3d5b7037137cf6400c0ae60bdb469d4%253Bregion%253Apk%253Bsku%253A1957763410_PK%253Bprice%253A399999%253Bclient%253Adesktop%253Bsupplier_id%253A1000000%253Bsession_id%253A%253Bbiz_source%253Aall_channel%253Bslot%253A5%253Butlog_bucket_id%253A470687%253Basc_category_id%253A3%253Bitem_id%253A1957763410%253Bsku_id%253A14018994084%253Bshop_id%253A2559934%253BtemplateInfo%253A&freeshipping=1&fs_ab=1&fuse_fs=&lang=en&location=Punjab&price=399999&priceCompare=skuId%3A14018994084%3Bsource%3Alazada-search-voucher%3Bsn%3Ac3d5b7037137cf6400c0ae60bdb469d4%3BoriginPrice%3A39999900%3BdisplayPrice%3A39999900%3BisGray%3Afalse%3BsinglePromotionId%3A50000075583001%3BsingleToolCode%3AflashSale%3BvoucherPricePlugin%3A0%3Btimestamp%3A1783290628745&qSellingPoint=b--apple___p--iphones&ratingscore=&request_id=c3d5b7037137cf6400c0ae60bdb469d4&review=&sale=0&search=1&source=search&spm=a2a0e.searchlist.list.5&stock=1;iPhone Air- 256GB;Apple;Electronique;Smartphones;402999;PKR;;https://static-01.daraz.pk/p/771a94879b73969f52b9298f8d47948b.png|https://static-01.daraz.pk/p/dae702dcc8f83ba1c69139423bfcf3f0.png|https://static-01.daraz.pk/p/443ef220c2e24b9d62d63360b2409dd6.png|https://static-01.daraz.pk/p/5711ddc332c53784863f7790f7562de8.png|https://static-01.daraz.pk/p/c6bb42aab80439520730fbfe658480d8.png|https://static-01.daraz.pk/p/d7605e89e8d3c0bb0b2e3c47eda98e87.png|https://static-01.daraz.pk/p/38832134df8446e491f188628f73ddfc.png|https://static-01.daraz.pk/p/79e43c4787bf209c63320b3f8fcb5ba6.png|https://static-01.daraz.pk/p/d5e4816350d10fa604b652b32f78ec7b.png;9;ok
3;jumia;3_jumia;https://www.jumia.ma/samsung-galaxy-a16-4-128g-noir-2-ans-de-garantie-65981495.html;Galaxy A16 4-128G  Noir - 2 ans de Garantie;Samsung;Electronique;Smartphones;1370.00;MAD;"Processeur Octa-core, 2.2GHz&nbsp;Ecran Super AMOLED FHD+ de 6.7""Triple caméra arrière (50 MP + 5 MP + 2 MP)&nbsp;Caméra selfie 13 MPVidéo FHD à 30 fpsRAM 4GBROM 128GBDual-SIM, 4G LTE, NFCBluetooth v5.3USB Type-CBatterie : 5000 mAh";https://ma.jumia.is/unsafe/fit-in/680x680/filters:fill(white)/product/59/418956/1.jpg?4282|https://ma.jumia.is/unsafe/fit-in/680x680/filters:fill(white)/product/59/418956/2.jpg?4276|https://ma.jumia.is/unsafe/fit-in/680x680/filters:fill(white)/product/59/418956/3.jpg?4282|https://ma.jumia.is/unsafe/fit-in/680x680/filters:fill(white)/product/59/418956/4.jpg?4282|https://ma.jumia.is/unsafe/fit-in/680x680/filters:fill(white)/product/59/418956/5.jpg?4282|https://ma.jumia.is/unsafe/fit-in/680x680/filters:fill(white)/product/59/418956/6.jpg?4287;6;ok
3;wildberries;3_wildberries;https://www.wildberries.ru/catalog/1088391269/detail.aspx;Смартфон Galaxy A16 4/128 ГБ, Black (Черный);Samsung;Electronique;Smartphones;16472;RUB;;https://basket-42.wbbasket.ru/vol10883/part1088391/1088391269/images/big/1.webp|https://basket-42.wbbasket.ru/vol10883/part1088391/1088391269/images/big/2.webp|https://basket-42.wbbasket.ru/vol10883/part1088391/1088391269/images/big/3.webp|https://basket-42.wbbasket.ru/vol10883/part1088391/1088391269/images/big/4.webp|https://basket-42.wbbasket.ru/vol10883/part1088391/1088391269/images/big/5.webp|https://basket-42.wbbasket.ru/vol10883/part1088391/1088391269/images/big/6.webp|https://basket-42.wbbasket.ru/vol10883/part1088391/1088391269/images/big/7.webp|https://basket-42.wbbasket.ru/vol10883/part1088391/1088391269/images/big/8.webp;8;ok
3;trendyol;3_trendyol;https://www.trendyol.com/samsung/galaxy-a16-4-gb-ram-128-gb-gri-p-882761835?boutiqueId=61&merchantId=506217;SamsungGalaxy A16 4 Gb Ram 128 Gb Gray;Samsung;Electronique;Smartphones;1322.99;AED;;https://cdn.dsmcdn.com/mnresize/300/-/sfint/production/flags/ae.png|https://cdn.dsmcdn.com/mnresize/620/920/ty1701/prod/QC_PREP/20250630/11/7d13f4da-a5d8-387e-a54a-81872248996f/1_org_zoom.jpg|https://cdn.dsmcdn.com/mnresize/620/920/ty1719/prod/QC_ENRICHMENT/20250805/14/a9f7d337-1d17-3fad-bc6e-f8fb5484e94b/1_org_zoom.jpg|https://cdn.dsmcdn.com/mnresize/620/920/ty1721/prod/QC_ENRICHMENT/20250805/14/eb9eb77a-2871-3e02-bd2a-ab21bd5d2073/1_org_zoom.jpg|https://cdn.dsmcdn.com/mnresize/620/920/ty1720/prod/QC_ENRICHMENT/20250805/14/5d0b0441-fa9f-394d-8e3a-e63b20442f75/1_org_zoom.jpg|https://cdn.dsmcdn.com/mnresize/620/920/ty1719/prod/QC_ENRICHMENT/20250805/14/a4932b25-da82-373c-aab3-065a1a7ad15b/1_org_zoom.jpg|https://cdn.dsmcdn.com/mnresize/620/920/ty1719/prod/QC_ENRICHMENT/20250805/14/21a62299-c3c7-3675-8ed3-99f8a2334d1f/1_org_zoom.jpg|https://cdn.dsmcdn.com/mnresize/620/920/ty1720/prod/QC_ENRICHMENT/20250805/14/f5d9807b-ba7d-33e5-a339-dc6aeda41d99/1_org_zoom.jpg|https://cdn.dsmcdn.com/mnresize/620/920/ty1720/prod/QC_ENRICHMENT/20250805/14/e1565bfa-d4d5-346f-a63c-96199fedcbf1/1_org_zoom.jpg|https://cdn.dsmcdn.com/mnresize/30/30/mobile/reviewrating/kamera-emoji6x.png|https://cdn.dsmcdn.com/mnresize/30/30/mobile/pdp/Additional/basket3.png|https://cdn.dsmcdn.com/mnresize/30/30/mobile/pdp/Additional/orange-heart_1f9e1.png|https://cdn.dsmcdn.com/mnresize/30/30/mobile/pdp/Additional/view3.png|https://cdn.dsmcdn.com/mobile/international/PaymentLogo/tamara_snippet_en.png|https://cdn.dsmcdn.com/mobile/international/PaymentLogo/Tabby_snippet_new.png|https://cdn.dsmcdn.com/mobile/international/PaymentLogo/cod-v4.png|https://cdn.dsmcdn.com/mnresize/34/34/indexing-sticker-stamp/stage/4b0d7ef1-8e8f-4c8f-b1c7-637e432ea2b4.png|https://cdn.dsmcdn.com/ty1701/prod/QC_PREP/20250630/11/7d13f4da-a5d8-387e-a54a-81872248996f/1_org_zoom.jpg|https://cdn.dsmcdn.com/sfweb-checkout/images/basket-icon_1751630173674.png|https://cdn.dsmcdn.com/mobile/international/PaymentLogo/Mastercard3x.png|https://cdn.dsmcdn.com/mobile/international/PaymentLogo/Visa3x.png|https://cdn.dsmcdn.com/mobile/international/PaymentLogo/Applepay3x.png|https://cdn.dsmcdn.com/mobile/international/PaymentLogo/tamara_logo_en.png|https://cdn.dsmcdn.com/mobile/international/PaymentLogo/Tabby_Basket_new.png|https://cdn.dsmcdn.com/mobile/international/PaymentLogo/gpay3x.png|https://cdn.dsmcdn.com/sfweb-browsing/images/footer-pci-dss.png|https://cdn.dsmcdn.com/sfweb-browsing/images/footer-iso.png;27;ok
3;daraz;3_daraz;https://www.daraz.pk/products/a16-6gb-128gb-90hz-67-mah-25-pta-i846552119-s3804890552.html?c=&channelLpJumpArgs=&clickTrackInfo=query%253ASamsung%252BGalaxy%252BA16%253Bnid%253A846552119%253Bsrc%253ALazadaMainSrp%253Brn%253A252e5b09cf5ca6fe857e296889c41a9f%253Bregion%253Apk%253Bsku%253A846552119_PK%253Bprice%253A72999%253Bclient%253Adesktop%253Bsupplier_id%253A6005435360055%253Bsession_id%253A%253Bbiz_source%253Ah5_external%253Bslot%253A0%253Butlog_bucket_id%253A470687%253Basc_category_id%253A3%253Bitem_id%253A846552119%253Bsku_id%253A3804890552%253Bshop_id%253A2207986%253BtemplateInfo%253A&freeshipping=0&fs_ab=1&fuse_fs=&lang=en&location=Punjab&price=72999&priceCompare=skuId%3A3804890552%3Bsource%3Alazada-search-voucher%3Bsn%3A252e5b09cf5ca6fe857e296889c41a9f%3BoriginPrice%3A7299900%3BdisplayPrice%3A7299900%3BisGray%3Afalse%3BsinglePromotionId%3A-1%3BsingleToolCode%3AmockedSalePrice%3BvoucherPricePlugin%3A0%3Btimestamp%3A1783291018949&qSellingPoint=b--samsung___p--galaxy%20a16&ratingscore=&request_id=252e5b09cf5ca6fe857e296889c41a9f&review=&sale=2&search=1&source=search&spm=a2a0e.searchlist.list.0&stock=1;"Samsung Galaxy A16 6GB + 128GB  6.7"" Super AMOLED Display 90Hz 5000 mAh Battery Fast Charging 25W Fingerprint (side-mounted) PTA Approved";No Brand;Electronique;Smartphones;72999;PKR;;https://static-01.daraz.pk/p/18c5e022556f85ed115937823055b32d.jpg|https://static-01.daraz.pk/p/58f30ff2728fbfdb14efb0d9b03d5dd1.jpg|https://static-01.daraz.pk/p/af6aa51d0e6b57b376e2bf9490fef621.jpg|https://static-01.daraz.pk/p/43932f6471ff27e21972fb3c98da4b3f.jpg|https://static-01.daraz.pk/p/f1084482da32a932113610e99ba2243c.jpg|https://static-01.daraz.pk/p/695212bcd38c80fe401fedd493a7bac8.jpg;6;ok
4;jumia;4_jumia;https://www.jumia.ma/samsung-a17-4-128-gris-2-ans-de-garantie-67496925.html;A17 4-128 Gris - 2 ans de Garantie;Samsung;Electronique;Smartphones;1580.00;MAD;"&nbsp;  Écran immersif 6,7’’ Super AMOLED : couleurs riches, contrastes profonds et fluidité 90 Hz pour une expérience visuelle éclatante. Design élégant et fin (7,5 mm) : style moderne avec Key Island 2.0, disponible en noir, gris et bleu. Triple appareil photo polyvalent : 50 Mpx grand angle + 5 Mpx ultra grand angle + 2 Mpx macro pour des clichés détaillés et lumineux. Stabilisation optique (OIS) : des photos plus claires et des vidéos plus nettes même de nuit, jusqu’à 2,5 fois plus lumineuses. Performances puissantes : processeur octa-core 2,4 GHz pour un streaming HD fluide, des jeux réactifs et un multitâche sans effort.. Durabilité et sécurité : 6 générations de mises à jour Android et 6 ans de correctifs de sécurité pour un appareil toujours à jour. Protection renforcée : résistance aux éclaboussures IP54 et verre Corning® Gorilla® Victus® contre les rayures et les chocs du quotidien. Fonctions intelligentes Google : Gemini Live pour obtenir des infos en temps réel et Circle to Search pour rechercher en un geste ce que vous encerclez.  &nbsp;";https://ma.jumia.is/unsafe/fit-in/680x680/filters:fill(white)/product/52/969476/1.jpg?8683|https://ma.jumia.is/unsafe/fit-in/680x680/filters:fill(white)/product/52/969476/2.jpg?2265|https://ma.jumia.is/unsafe/fit-in/680x680/filters:fill(white)/product/52/969476/3.jpg?2274|https://ma.jumia.is/unsafe/fit-in/680x680/filters:fill(white)/product/52/969476/4.jpg?2286|https://ma.jumia.is/unsafe/fit-in/680x680/filters:fill(white)/product/52/969476/5.jpg?2302|https://ma.jumia.is/unsafe/fit-in/680x680/filters:fill(white)/product/52/969476/6.jpg?2317|https://ma.jumia.is/unsafe/fit-in/680x680/filters:fill(white)/product/52/969476/7.jpg?2335|https://ma.jumia.is/unsafe/fit-in/680x680/filters:fill(white)/product/52/969476/8.jpg?2344|https://ma.jumia.is/unsafe/fit-in/680x680/filters:fill(white)/product/52/969476/9.jpg?2353;9;ok
4;wildberries;4_wildberries;https://www.wildberries.ru/catalog/705982251/detail.aspx;Смартфон Galaxy A17 6+128ГБ, Серый (SM-A175FZACCAU);Samsung;Electronique;Smartphones;14188;RUB;;https://basket-33.wbbasket.ru/vol7059/part705982/705982251/images/big/1.webp|https://basket-33.wbbasket.ru/vol7059/part705982/705982251/images/big/2.webp|https://basket-33.wbbasket.ru/vol7059/part705982/705982251/images/big/3.webp|https://basket-33.wbbasket.ru/vol7059/part705982/705982251/images/big/4.webp|https://basket-33.wbbasket.ru/vol7059/part705982/705982251/images/big/5.webp|https://basket-33.wbbasket.ru/vol7059/part705982/705982251/images/big/6.webp|https://basket-33.wbbasket.ru/vol7059/part705982/705982251/images/big/7.webp|https://basket-33.wbbasket.ru/vol7059/part705982/705982251/images/big/8.webp|https://basket-33.wbbasket.ru/vol7059/part705982/705982251/images/big/9.webp|https://basket-33.wbbasket.ru/vol7059/part705982/705982251/images/big/10.webp|https://basket-33.wbbasket.ru/vol7059/part705982/705982251/images/big/11.webp;11;ok
4;trendyol;4_trendyol;https://www.trendyol.com/samsung/galaxy-a17-4-128-gb-siyah-cep-telefonu-p-975557855?boutiqueId=61&merchantId=200893;SamsungGalaxy A17 4/128 Gb Black Mobile Phone;Samsung;Electronique;Smartphones;1404.23;AED;;https://cdn.dsmcdn.com/mnresize/300/-/sfint/production/flags/ae.png|https://cdn.dsmcdn.com/mnresize/620/920/ty1000391/product/media/images/prod/PIM/20260425/10/35fee09a-a27a-4568-9b53-da4a7a1815c6/1_org_zoom.jpg|https://cdn.dsmcdn.com/mnresize/620/920/ty1767/prod/QC_ENRICHMENT/20251003/11/6b1796ea-e496-3f7d-b10e-d8dd712ca34b/1_org_zoom.jpg|https://cdn.dsmcdn.com/mnresize/620/920/ty1767/prod/QC_ENRICHMENT/20251003/11/d1008da5-f71d-3ff3-aefe-96d3646b5519/1_org_zoom.jpg|https://cdn.dsmcdn.com/mnresize/620/920/ty1769/prod/QC_ENRICHMENT/20251003/11/ecc7bc62-4f6a-3c4c-a645-78c8a0999c24/1_org_zoom.jpg|https://cdn.dsmcdn.com/mnresize/30/30/mobile/reviewrating/kamera-emoji6x.png|https://cdn.dsmcdn.com/mnresize/30/30/mobile/pdp/Additional/basket3.png|https://cdn.dsmcdn.com/mnresize/30/30/mobile/pdp/Additional/orange-heart_1f9e1.png|https://cdn.dsmcdn.com/mobile/international/PaymentLogo/tamara_snippet_en.png|https://cdn.dsmcdn.com/mobile/international/PaymentLogo/Tabby_snippet_new.png|https://cdn.dsmcdn.com/mobile/international/PaymentLogo/cod-v4.png|https://cdn.dsmcdn.com/mnresize/34/34/indexing-sticker-stamp/stage/4b0d7ef1-8e8f-4c8f-b1c7-637e432ea2b4.png|https://cdn.dsmcdn.com/ty1000391/product/media/images/prod/PIM/20260425/10/35fee09a-a27a-4568-9b53-da4a7a1815c6/1_org_zoom.jpg|https://cdn.dsmcdn.com/sfweb-checkout/images/basket-icon_1751630173674.png|https://cdn.dsmcdn.com/mobile/international/PaymentLogo/Mastercard3x.png|https://cdn.dsmcdn.com/mobile/international/PaymentLogo/Visa3x.png|https://cdn.dsmcdn.com/mobile/international/PaymentLogo/Applepay3x.png|https://cdn.dsmcdn.com/mobile/international/PaymentLogo/tamara_logo_en.png|https://cdn.dsmcdn.com/mobile/international/PaymentLogo/Tabby_Basket_new.png|https://cdn.dsmcdn.com/mobile/international/PaymentLogo/gpay3x.png|https://cdn.dsmcdn.com/sfweb-browsing/images/footer-pci-dss.png|https://cdn.dsmcdn.com/sfweb-browsing/images/footer-iso.png;22;ok
4;daraz;4_daraz;https://www.daraz.pk/products/8gb-a17-1-1-mah-pta-i924767196-s3981889726.html?c=&channelLpJumpArgs=&clickTrackInfo=query%253ASamsung%252BA17%253Bnid%253A924767196%253Bsrc%253ALazadaMainSrp%253Brn%253A287629c93479bc87ded344f00c62f146%253Bregion%253Apk%253Bsku%253A924767196_PK%253Bprice%253A64980%253Bclient%253Adesktop%253Bsupplier_id%253A1096030%253Bsession_id%253A%253Bbiz_source%253Ah5_external%253Bslot%253A2%253Butlog_bucket_id%253A470687%253Basc_category_id%253A3%253Bitem_id%253A924767196%253Bsku_id%253A3981889726%253Bshop_id%253A206899%253BtemplateInfo%253A&freeshipping=0&fs_ab=1&fuse_fs=&lang=en&location=Punjab&price=6.498E%204&priceCompare=skuId%3A3981889726%3Bsource%3Alazada-search-voucher%3Bsn%3A287629c93479bc87ded344f00c62f146%3BoriginPrice%3A6498000%3BdisplayPrice%3A6498000%3BisGray%3Afalse%3BsinglePromotionId%3A-1%3BsingleToolCode%3AmockedSalePrice%3BvoucherPricePlugin%3A0%3Btimestamp%3A1783291305009&qSellingPoint=p--a17___b--samsung&ratingscore=5.0&request_id=287629c93479bc87ded344f00c62f146&review=3&sale=12&search=1&source=search&spm=a2a0e.searchlist.list.2&stock=1;Samsung Galaxy A17 - 8GB RAM 256GB ROM 6.7'' AMOLED Display 500mAh Battery PTA Approved 1 Year Official Brand Warranty;SAMSUNG;Electronique;Smartphones;70980;PKR;;https://static-01.daraz.pk/p/3995f546acf402e0178b4d9cf03d9625.png|https://static-01.daraz.pk/p/1f2f7aee2f7f72ead2e55825c0050757.png|https://static-01.daraz.pk/p/b5da0b49aa153cf8309897e3dbfebaa7.png|https://static-01.daraz.pk/p/d2a94c06c1350dc3baa5e042e5ddf464.png|https://static-01.daraz.pk/p/217b1aecb2e87474388b44bdc221c357.png|https://static-01.daraz.pk/p/ce833656dad697ffd6908cbdc268464f.png|https://static-01.daraz.pk/p/ec8862a2f6760bcc45123fcb53a78663.png|https://static-01.daraz.pk/p/c26c7f9b065e493c31fb77570f2a030b.png|https://static-01.daraz.pk/p/43945f7d10eab44900e64cbabbfd02a3.png|https://static-01.daraz.pk/p/6b4ac8ba1e2df546d9f7b5534b2064f9.png;10;ok
5;jumia;5_jumia;https://www.jumia.ma/samsung-a07-6-128-noir-2-ans-de-garantie-67237290.html;A07 6-128 Noir - 2 ans de Garantie;Samsung;Electronique;Smartphones;1360.00;MAD;"Dimensions 167.4 x 77.4 x 7.6 mm (6.59 x 3.05 x 0.30 in)
Weight 184 g (6.49 oz)
Build Glass front, plastic back, plastic frame
SIM Nano-SIM + Nano-SIM
OS Android 15, up to 6 major Android upgrades, One UI 7&nbsp;
Chipset Mediatek Helio G99 (6 nm)&nbsp;
Type PLS LCD, 90Hz
Size 6.7 inches, 108.4 cm2 (~83.6% screen-to-body ratio)
Camera 50 MP, f/1.8, (wide), 1/2.76"", 0.64&micro;m, PDAF 2 MP, f/2.4, (depth)
Battery 5000 mAh
Charging 25W wired";https://ma.jumia.is/unsafe/fit-in/680x680/filters:fill(white)/product/09/273276/1.jpg?7895|https://ma.jumia.is/unsafe/fit-in/680x680/filters:fill(white)/product/09/273276/2.jpg?3386|https://ma.jumia.is/unsafe/fit-in/680x680/filters:fill(white)/product/09/273276/3.jpg?3378|https://ma.jumia.is/unsafe/fit-in/680x680/filters:fill(white)/product/09/273276/4.jpg?3378|https://ma.jumia.is/unsafe/fit-in/680x680/filters:fill(white)/product/09/273276/5.jpg?3378|https://ma.jumia.is/unsafe/fit-in/680x680/filters:fill(white)/product/09/273276/6.jpg?3378;6;ok
5;wildberries;5_wildberries;https://www.wildberries.ru/catalog/538059642/detail.aspx;Смартфон Galaxy A07 6/128Gb, черный;Samsung;Electronique;Smartphones;20777.06;RUB;;https://basket-28.wbbasket.ru/vol5380/part538059/538059642/images/big/1.webp|https://basket-28.wbbasket.ru/vol5380/part538059/538059642/images/big/2.webp|https://basket-28.wbbasket.ru/vol5380/part538059/538059642/images/big/3.webp|https://basket-28.wbbasket.ru/vol5380/part538059/538059642/images/big/4.webp|https://basket-28.wbbasket.ru/vol5380/part538059/538059642/images/big/5.webp|https://basket-28.wbbasket.ru/vol5380/part538059/538059642/images/big/6.webp|https://basket-28.wbbasket.ru/vol5380/part538059/538059642/images/big/7.webp|https://basket-28.wbbasket.ru/vol5380/part538059/538059642/images/big/8.webp|https://basket-28.wbbasket.ru/vol5380/part538059/538059642/images/big/9.webp;9;ok
5;trendyol;5_trendyol;https://www.trendyol.com/samsung/galaxy-a07-4-128-gb-akilli-telefon-p-1090837476?boutiqueId=689770&merchantId=968;SamsungGalaxy A07 4/128 Gb Smartphone;Samsung;Electronique;Smartphones;1480.17;AED;;https://cdn.dsmcdn.com/mnresize/300/-/sfint/production/flags/ae.png|https://cdn.dsmcdn.com/mnresize/620/920/ty1818/prod/QC_PREP/20260202/07/34f21a18-af4a-30c1-907d-3e4531a9995f/1_org_zoom.jpg|https://cdn.dsmcdn.com/mnresize/620/920/ty1819/prod/QC_PREP/20260202/07/edd053fe-3d25-3353-9204-46246f4ced5a/1_org_zoom.jpg|https://cdn.dsmcdn.com/mnresize/620/920/ty1818/prod/QC_PREP/20260202/07/6b33ec76-fe81-39c6-88cd-aa83225c430b/1_org_zoom.jpg|https://cdn.dsmcdn.com/mnresize/620/920/ty1819/prod/QC_PREP/20260202/07/7103ea6a-4a93-3fd2-aa8b-7a4412a4b87b/1_org_zoom.jpg|https://cdn.dsmcdn.com/mnresize/620/920/ty1820/prod/QC_PREP/20260202/07/db20ee7a-d70d-303e-b7d2-1d5f82dbcb0a/1_org_zoom.jpg|https://cdn.dsmcdn.com/mnresize/620/920/ty1818/prod/QC_PREP/20260202/07/cbe79cfc-b769-370b-b2b4-601a62829391/1_org_zoom.jpg|https://cdn.dsmcdn.com/mnresize/620/920/ty1818/prod/QC_PREP/20260202/07/48422757-64eb-3707-ba77-1e637c65de04/1_org_zoom.jpg|https://cdn.dsmcdn.com/mnresize/620/920/ty1819/prod/QC_PREP/20260202/07/3448f361-7747-36a4-85f3-c44be5249337/1_org_zoom.jpg|https://cdn.dsmcdn.com/mnresize/30/30/mobile/reviewrating/kamera-emoji6x.png|https://cdn.dsmcdn.com/mnresize/30/30/mobile/pdp/Additional/basket3.png|https://cdn.dsmcdn.com/mnresize/30/30/mobile/pdp/Additional/orange-heart_1f9e1.png|https://cdn.dsmcdn.com/mnresize/30/30/mobile/pdp/Additional/view3.png|https://cdn.dsmcdn.com/mobile/international/PaymentLogo/tamara_snippet_en.png|https://cdn.dsmcdn.com/mobile/international/PaymentLogo/Tabby_snippet_new.png|https://cdn.dsmcdn.com/mobile/international/PaymentLogo/cod-v4.png|https://cdn.dsmcdn.com/mnresize/34/34/indexing-sticker-stamp/stage/4b0d7ef1-8e8f-4c8f-b1c7-637e432ea2b4.png|https://cdn.dsmcdn.com/ty1818/prod/QC_PREP/20260202/07/34f21a18-af4a-30c1-907d-3e4531a9995f/1_org_zoom.jpg|https://cdn.dsmcdn.com/sfweb-checkout/images/basket-icon_1751630173674.png|https://cdn.dsmcdn.com/mobile/international/PaymentLogo/Mastercard3x.png|https://cdn.dsmcdn.com/mobile/international/PaymentLogo/Visa3x.png|https://cdn.dsmcdn.com/mobile/international/PaymentLogo/Applepay3x.png|https://cdn.dsmcdn.com/mobile/international/PaymentLogo/tamara_logo_en.png|https://cdn.dsmcdn.com/mobile/international/PaymentLogo/Tabby_Basket_new.png|https://cdn.dsmcdn.com/mobile/international/PaymentLogo/gpay3x.png|https://cdn.dsmcdn.com/sfweb-browsing/images/footer-pci-dss.png|https://cdn.dsmcdn.com/sfweb-browsing/images/footer-iso.png;27;ok
5;daraz;5_daraz;https://www.daraz.pk/products/07-67-6-128-50-25-5000-1-i924754552-s3981879500.html?c=&channelLpJumpArgs=&clickTrackInfo=query%253ASamsung%252BA07%252B6-128%253Bnid%253A924754552%253Bsrc%253ALazadaMainSrp%253Brn%253A3d89ed3c1d368172d6a59386ef63bbf3%253Bregion%253Apk%253Bsku%253A924754552_PK%253Bprice%253A41980%253Bclient%253Adesktop%253Bsupplier_id%253A1096030%253Bsession_id%253A%253Bbiz_source%253Ah5_external%253Bslot%253A14%253Butlog_bucket_id%253A470687%253Basc_category_id%253A3%253Bitem_id%253A924754552%253Bsku_id%253A3981879500%253Bshop_id%253A206899%253BtemplateInfo%253A&freeshipping=0&fs_ab=1&fuse_fs=&lang=en&location=Punjab&price=4.198E%204&priceCompare=skuId%3A3981879500%3Bsource%3Alazada-search-voucher%3Bsn%3A3d89ed3c1d368172d6a59386ef63bbf3%3BoriginPrice%3A4198000%3BdisplayPrice%3A4198000%3BisGray%3Afalse%3BsinglePromotionId%3A-1%3BsingleToolCode%3AmockedSalePrice%3BvoucherPricePlugin%3A0%3Btimestamp%3A1783291470676&ratingscore=&request_id=3d89ed3c1d368172d6a59386ef63bbf3&review=&sale=1&search=1&source=search&spm=a2a0e.searchlist.list.14&stock=1;Samsung Galaxy A07 - 6.7'' Display 6GB RAM 128GB ROM 50MP Rear Camera 25w FastCharge 5000mAh Battery PTA Approved 1 Year Official Brand Warranty;SAMSUNG;Electronique;Smartphones;46980;PKR;;https://static-01.daraz.pk/p/bd3cd8039a07a3369d0c821c08818337.png|https://static-01.daraz.pk/p/4940d528ec1326da69ad44c7b1d45905.png|https://static-01.daraz.pk/p/88d5205699e1efcd855c9630e2ef67eb.png|https://static-01.daraz.pk/p/ec4e72face556a07c106f23614c57d13.png|https://static-01.daraz.pk/p/e42db074a6f60f582007f7940211dc92.png|https://static-01.daraz.pk/p/3bdad772f180547a85ccf11a5a590471.png|https://static-01.daraz.pk/p/a09719cadf060207461c42708a38d83a.png|https://static-01.daraz.pk/p/91885c8d43ca5b0259733487d0d387f6.png|https://static-01.daraz.pk/p/d29707ef384e27fdae9cb29f44bf673b.png|https://static-01.daraz.pk/p/625e035da769a17bd4186b2049139620.png;10;ok
6;jumia;6_jumia;https://www.jumia.ma/samsung-galaxy-a36-6.7-8gb-256gb-awesome-black-67732962.html;"Galaxy A36 - 6.7"" – 8GB + 256GB – Awesome Black";Samsung;Electronique;Smartphones;4990.00;MAD;"Processeur : 2.4GHz, 1.8GHzType de CPU : Octa-CoreTechnologie (Afficheur Principal) : Super AMOLEDTaille (Afficheur principal) : 6.7""Résolution (Afficheur principal) : 1080 x 2340 (FHD+)Technologie (Afficheur Principal) : Super AMOLEDCaméra Principale- Résolution (Multiple) : 50.0 MP + 8.0 MP + 5.0 MPMémoire_(GB) : 8Stockage (GB) : 256Systeme d'exploitation : AndroidCapacité de la Batterie (mAh, Typical) : 5000";https://ma.jumia.is/unsafe/fit-in/680x680/filters:fill(white)/product/26/923776/1.jpg?1739|https://ma.jumia.is/unsafe/fit-in/680x680/filters:fill(white)/product/26/923776/2.jpg?1739|https://ma.jumia.is/unsafe/fit-in/680x680/filters:fill(white)/product/26/923776/3.jpg?1739|https://ma.jumia.is/unsafe/fit-in/680x680/filters:fill(white)/product/26/923776/4.jpg?1739|https://ma.jumia.is/unsafe/fit-in/680x680/filters:fill(white)/product/26/923776/5.jpg?1739;5;ok
6;wildberries;6_wildberries;https://www.wildberries.ru/catalog/465664360/detail.aspx;Смартфон Galaxy A36 (8+256GB) Awesome Black, Черный;Samsung;Electronique;Smartphones;24388;RUB;;https://basket-26.wbbasket.ru/vol4656/part465664/465664360/images/big/1.webp|https://basket-26.wbbasket.ru/vol4656/part465664/465664360/images/big/2.webp|https://basket-26.wbbasket.ru/vol4656/part465664/465664360/images/big/3.webp|https://basket-26.wbbasket.ru/vol4656/part465664/465664360/images/big/4.webp|https://basket-26.wbbasket.ru/vol4656/part465664/465664360/images/big/5.webp|https://basket-26.wbbasket.ru/vol4656/part465664/465664360/images/big/6.webp|https://basket-26.wbbasket.ru/vol4656/part465664/465664360/images/big/7.webp|https://basket-26.wbbasket.ru/vol4656/part465664/465664360/images/big/8.webp|https://basket-26.wbbasket.ru/vol4656/part465664/465664360/images/big/9.webp|https://basket-26.wbbasket.ru/vol4656/part465664/465664360/images/big/10.webp|https://basket-26.wbbasket.ru/vol4656/part465664/465664360/images/big/11.webp|https://basket-26.wbbasket.ru/vol4656/part465664/465664360/images/big/12.webp;12;ok
6;trendyol;6_trendyol;https://www.trendyol.com/samsung/galaxy-a36-5g-128-gb-8-gb-ram-siyah-cep-telefonu-samsung-turkiye-garantili-p-924372954?boutiqueId=61&merchantId=1103793;SamsungGalaxy A36 5g 128 Gb 8 Gb Ram Black Mobile Phone (Samsung Turkey Warranty);Samsung;Electronique;Smartphones;2138.79;AED;;https://cdn.dsmcdn.com/mnresize/300/-/sfint/production/flags/ae.png|https://cdn.dsmcdn.com/mnresize/620/920/ty1657/prod/QC/20250403/17/ca6db524-da85-3677-9a59-0e16885dd83c/1_org_zoom.jpg|https://cdn.dsmcdn.com/mnresize/620/920/ty1657/prod/QC/20250403/17/26118a23-6616-396c-85b1-2212156e685e/1_org_zoom.jpg|https://cdn.dsmcdn.com/mnresize/620/920/ty1656/prod/QC/20250403/17/788c284c-caa0-3e5e-8c7a-e603d7eef352/1_org_zoom.jpg|https://cdn.dsmcdn.com/mnresize/620/920/ty1657/prod/QC/20250403/17/f4ec375d-8eb4-3d43-b769-9052a5288a5f/1_org_zoom.jpg|https://cdn.dsmcdn.com/mnresize/620/920/ty1657/prod/QC/20250403/17/85e41621-4d8f-314b-811e-b96ad8ea098a/1_org_zoom.jpg|https://cdn.dsmcdn.com/mnresize/620/920/ty1656/prod/QC/20250403/17/117163f3-17b1-3ccc-8ea8-9ded44afdf09/1_org_zoom.jpg|https://cdn.dsmcdn.com/mnresize/620/920/ty1658/prod/QC/20250403/17/0da9f2d5-f1d9-340e-9943-318cc751c642/1_org_zoom.jpg|https://cdn.dsmcdn.com/mnresize/620/920/ty1658/prod/QC/20250403/17/44245853-2247-39ba-838b-436ee6db2a25/1_org_zoom.jpg|https://cdn.dsmcdn.com/mnresize/30/30/mobile/reviewrating/kamera-emoji6x.png|https://cdn.dsmcdn.com/mnresize/30/30/mobile/pdp/Additional/basket3.png|https://cdn.dsmcdn.com/mnresize/30/30/mobile/pdp/Additional/orange-heart_1f9e1.png|https://cdn.dsmcdn.com/mnresize/30/30/mobile/pdp/Additional/view3.png|https://cdn.dsmcdn.com/mobile/international/PaymentLogo/tamara_snippet_en.png|https://cdn.dsmcdn.com/mobile/international/PaymentLogo/Tabby_snippet_new.png|https://cdn.dsmcdn.com/mobile/international/PaymentLogo/cod-v4.png|https://cdn.dsmcdn.com/mnresize/34/34/indexing-sticker-stamp/stage/4b0d7ef1-8e8f-4c8f-b1c7-637e432ea2b4.png|https://cdn.dsmcdn.com/ty1657/prod/QC/20250403/17/ca6db524-da85-3677-9a59-0e16885dd83c/1_org_zoom.jpg|https://cdn.dsmcdn.com/sfweb-checkout/images/basket-icon_1751630173674.png|https://cdn.dsmcdn.com/mobile/international/PaymentLogo/Mastercard3x.png|https://cdn.dsmcdn.com/mobile/international/PaymentLogo/Visa3x.png|https://cdn.dsmcdn.com/mobile/international/PaymentLogo/Applepay3x.png|https://cdn.dsmcdn.com/mobile/international/PaymentLogo/tamara_logo_en.png|https://cdn.dsmcdn.com/mobile/international/PaymentLogo/Tabby_Basket_new.png|https://cdn.dsmcdn.com/mobile/international/PaymentLogo/gpay3x.png|https://cdn.dsmcdn.com/sfweb-browsing/images/footer-pci-dss.png|https://cdn.dsmcdn.com/sfweb-browsing/images/footer-iso.png;27;ok
6;daraz;6_daraz;https://www.daraz.pk/products/8gb-5g-a36-256gb-50-mp-5000-mah-i757324387-s3545659310.html?c=&channelLpJumpArgs=&clickTrackInfo=query%253ASamsung%252BGalaxy%252BA36%253Bnid%253A757324387%253Bsrc%253ALazadaMainSrp%253Brn%253A2dd290c260f2d5655e00910027f680a6%253Bregion%253Apk%253Bsku%253A757324387_PK%253Bprice%253A112999%253Bclient%253Adesktop%253Bsupplier_id%253A6005016261687%253Bsession_id%253A%253Bbiz_source%253Ah5_external%253Bslot%253A2%253Butlog_bucket_id%253A470687%253Basc_category_id%253A3%253Bitem_id%253A757324387%253Bsku_id%253A3545659310%253Bshop_id%253A772876%253BtemplateInfo%253A&freeshipping=0&fs_ab=1&fuse_fs=&lang=en&location=Punjab&price=112999&priceCompare=skuId%3A3545659310%3Bsource%3Alazada-search-voucher%3Bsn%3A2dd290c260f2d5655e00910027f680a6%3BoriginPrice%3A11299900%3BdisplayPrice%3A11299900%3BisGray%3Afalse%3BsinglePromotionId%3A-1%3BsingleToolCode%3AmockedSalePrice%3BvoucherPricePlugin%3A0%3Btimestamp%3A1783291694206&qSellingPoint=p--galaxy%20a36___b--samsung&ratingscore=&request_id=2dd290c260f2d5655e00910027f680a6&review=&sale=0&search=1&source=search&spm=a2a0e.searchlist.list.2&stock=1;Samsung Galaxy A36 5G       8GB RAM   + 256GB Rom Back Triple Camera 50 MP      Battery      5000 mAh  +  One Year Brand Warranty;No Brand;Electronique;Smartphones;112999;PKR;;https://static-01.daraz.pk/p/0c70ab01755dc0dc2724bf22895b8b75.jpg|https://static-01.daraz.pk/p/e0cb7c3ad4219da4c6f89d43a264e145.jpg|https://static-01.daraz.pk/p/a15b83ccb41a1a16b09a09e1f2212a5e.jpg|https://static-01.daraz.pk/p/ad5bd218afb2d6763d0e1f6b26317c03.jpg;4;ok
7;jumia;7_jumia;https://www.jumia.ma/samsung-s25-6.2-fe-8go-256-go-white-67855274.html;"S25 - 6.2""- Fe 8Go -256 Go - White";Samsung;Electronique;Smartphones;6505.00;MAD;"&nbsp;6.2'' FHD+ Dynamic AMOLED 2X (2340 x 1080) 1~120Hz 
(Ultra Wide) 12 MP F2.2 FOV 120°, 1.4µm 
(Wide) : 50 MP F1.8 FOV 85°, 1.0µm Adaptive Pixel - Optical Quality 2x 
(Tele) : 10 MP F2.4 FOV 36°, 1.0µm 3x optical zoom 
12 MP F2.2&nbsp; 
FOV 80°, 1.12µm 
Snapdragon 8 Elite for Galaxy (3 nm) 
RAM : 8 GB 
Storage capacity : 256 - Micro SD : N/A 
4,000 mAh / Super Fast Charging / Fast wireless charging /wireless powerShare 
Dual Sim 
Fingerprint On display. 
70.5 x 146.9 x TBD mm 
TBD 
Data cable (c-to-c) , Ejection pin, Quick start guide.";https://ma.jumia.is/unsafe/fit-in/680x680/filters:fill(white)/product/47/255876/1.jpg?8675|https://ma.jumia.is/unsafe/fit-in/680x680/filters:fill(white)/product/47/255876/2.jpg?8675|https://ma.jumia.is/unsafe/fit-in/680x680/filters:fill(white)/product/47/255876/3.jpg?8675|https://ma.jumia.is/unsafe/fit-in/680x680/filters:fill(white)/product/47/255876/4.jpg?8675|https://ma.jumia.is/unsafe/fit-in/680x680/filters:fill(white)/product/47/255876/5.jpg?8675|https://ma.jumia.is/unsafe/fit-in/680x680/filters:fill(white)/product/47/255876/6.jpg?8675|https://ma.jumia.is/unsafe/fit-in/680x680/filters:fill(white)/product/47/255876/7.jpg?8675|https://ma.jumia.is/unsafe/fit-in/680x680/filters:fill(white)/product/47/255876/8.jpg?8675;8;ok
7;wildberries;7_wildberries;https://www.wildberries.ru/catalog/1017302544/detail.aspx;Galaxy S25 12+256 GB SM-S931N синий;Samsung;Electronique;Smartphones;54788;RUB;;https://basket-41.wbbasket.ru/vol10173/part1017302/1017302544/images/big/1.webp|https://basket-41.wbbasket.ru/vol10173/part1017302/1017302544/images/big/2.webp|https://basket-41.wbbasket.ru/vol10173/part1017302/1017302544/images/big/3.webp|https://basket-41.wbbasket.ru/vol10173/part1017302/1017302544/images/big/4.webp|https://basket-41.wbbasket.ru/vol10173/part1017302/1017302544/images/big/5.webp|https://basket-41.wbbasket.ru/vol10173/part1017302/1017302544/images/big/6.webp;6;ok
7;trendyol;7_trendyol;https://www.trendyol.com/samsung/galaxy-s25fe-8-256-gb-buz-mavisi-cep-telefonu-p-984233969?boutiqueId=689770&merchantId=968;SamsungGalaxy S25Fe 8/256 Gb Ice Blue Mobile Phone;Samsung;Electronique;Smartphones;5260.88;AED;;https://cdn.dsmcdn.com/mnresize/300/-/sfint/production/flags/ae.png|https://cdn.dsmcdn.com/mnresize/620/920/ty1745/product/media/images/prod/PIM/20250915/07/a71ba7f0-4ec6-491f-a6e1-f3e79f87d33b/1_org_zoom.jpg|https://cdn.dsmcdn.com/mnresize/620/920/ty1745/product/media/images/prod/PIM/20250915/07/863429cc-671e-40b1-8a7a-b83e7fda8f6b/1_org_zoom.jpg|https://cdn.dsmcdn.com/mnresize/620/920/ty1744/product/media/images/prod/PIM/20250915/07/b3685e13-3846-449d-9eab-80ef035c85fa/1_org_zoom.jpg|https://cdn.dsmcdn.com/mnresize/620/920/ty1744/product/media/images/prod/PIM/20250915/07/6059e28e-66f2-4099-8499-9ac4832dcb18/1_org_zoom.jpg|https://cdn.dsmcdn.com/mnresize/620/920/ty1745/product/media/images/prod/PIM/20250915/07/a2dc54cf-6706-4481-ac4d-c24f5daf1c06/1_org_zoom.jpg|https://cdn.dsmcdn.com/mnresize/620/920/ty1745/product/media/images/prod/PIM/20250915/07/1da75d1c-eecf-4515-a035-2a71ac5cd6b8/1_org_zoom.jpg|https://cdn.dsmcdn.com/mnresize/620/920/ty1743/product/media/images/prod/PIM/20250915/07/45689cc1-20ec-4731-983c-b4011a164851/1_org_zoom.jpg|https://cdn.dsmcdn.com/mnresize/620/920/ty1744/product/media/images/prod/PIM/20250915/07/dd6bd40f-8bec-4bab-8ec6-a8ef956a9216/1_org_zoom.jpg|https://cdn.dsmcdn.com/mnresize/620/920/ty1745/product/media/images/prod/PIM/20250915/07/f2e120e1-e709-44da-aec4-d336dc06269d/1_org_zoom.jpg|https://cdn.dsmcdn.com/mnresize/30/30/mobile/reviewrating/kamera-emoji6x.png|https://cdn.dsmcdn.com/mnresize/30/30/mobile/pdp/Additional/basket3.png|https://cdn.dsmcdn.com/mnresize/30/30/mobile/pdp/Additional/orange-heart_1f9e1.png|https://cdn.dsmcdn.com/mnresize/30/30/mobile/pdp/Additional/view3.png|https://cdn.dsmcdn.com/mobile/international/PaymentLogo/tamara_snippet_en.png|https://cdn.dsmcdn.com/mobile/international/PaymentLogo/Tabby_snippet_new.png|https://cdn.dsmcdn.com/mobile/international/PaymentLogo/cod-v4.png|https://cdn.dsmcdn.com/mnresize/34/34/indexing-sticker-stamp/stage/4b0d7ef1-8e8f-4c8f-b1c7-637e432ea2b4.png|https://cdn.dsmcdn.com/ty1745/product/media/images/prod/PIM/20250915/07/a71ba7f0-4ec6-491f-a6e1-f3e79f87d33b/1_org_zoom.jpg|https://cdn.dsmcdn.com/sfweb-checkout/images/basket-icon_1751630173674.png|https://cdn.dsmcdn.com/mobile/international/PaymentLogo/Mastercard3x.png|https://cdn.dsmcdn.com/mobile/international/PaymentLogo/Visa3x.png|https://cdn.dsmcdn.com/mobile/international/PaymentLogo/Applepay3x.png|https://cdn.dsmcdn.com/mobile/international/PaymentLogo/tamara_logo_en.png|https://cdn.dsmcdn.com/mobile/international/PaymentLogo/Tabby_Basket_new.png|https://cdn.dsmcdn.com/mobile/international/PaymentLogo/gpay3x.png|https://cdn.dsmcdn.com/sfweb-browsing/images/footer-pci-dss.png|https://cdn.dsmcdn.com/sfweb-browsing/images/footer-iso.png;28;ok
7;daraz;7_daraz;https://www.daraz.pk/products/s25-12gb-512gb-8-50mp-10mp-12mp-67-2x-120hz-20-i671381856-s3170377009.html?c=&channelLpJumpArgs=&clickTrackInfo=query%253ASamsung%252BS25%253Bnid%253A671381856%253Bsrc%253ALazadaMainSrp%253Brn%253A1c12fb08be1ae58bba36372d5449dde7%253Bregion%253Apk%253Bsku%253A671381856_PK%253Bprice%253A283499%253Bclient%253Adesktop%253Bsupplier_id%253A6005015469119%253Bsession_id%253A%253Bbiz_source%253Ah5_external%253Bslot%253A1%253Butlog_bucket_id%253A470687%253Basc_category_id%253A3%253Bitem_id%253A671381856%253Bsku_id%253A3170377009%253Bshop_id%253A735843%253BtemplateInfo%253A&freeshipping=0&fs_ab=1&fuse_fs=&lang=en&location=Punjab&price=283499&priceCompare=skuId%3A3170377009%3Bsource%3Alazada-search-voucher%3Bsn%3A1c12fb08be1ae58bba36372d5449dde7%3BoriginPrice%3A28349900%3BdisplayPrice%3A28349900%3BisGray%3Afalse%3BsinglePromotionId%3A-1%3BsingleToolCode%3AmockedSalePrice%3BvoucherPricePlugin%3A0%3Btimestamp%3A1783291970963&qSellingPoint=b--samsung___p--s25&ratingscore=&request_id=1c12fb08be1ae58bba36372d5449dde7&review=&sale=1&search=1&source=search&spm=a2a0e.searchlist.list.1&stock=1;Samsung Galaxy S25 || 12GB RAM 512GB ROM || Snapdragon 8 Elite ||50MP + 10MP + 12MP Back Camera || Dynamic AMOLED 2X, 120Hz Refresh Rate|| 6.2 Inches Display;No Brand;Electronique;Smartphones;283499;PKR;;https://static-01.daraz.pk/p/813f86a18e37e89ec9f3174d0f653823.png|https://static-01.daraz.pk/p/576b36df4d99e3b62ad6241c6308f13e.png|https://static-01.daraz.pk/p/a80155005c5f048f9bffca813ba48ce7.png|https://static-01.daraz.pk/p/601c898353bfabc5bbe8f7e1dd7aaff0.png;4;ok
8;jumia;8_jumia;https://www.jumia.ma/samsung-a57-6.7-8go-256-go-light-bleu-67855259.html;"A57 - 6.7"" - 8Go - 256 Go - Light Bleu";Samsung;Electronique;Smartphones;5098.00;MAD;"Processeur 2.9GHz, 2.6GHz, 1.9GHz 
Poids (g) 179 
Vitesse CPU 2.9GHz, 2.6GHz, 1.9GHz 
Type de CPU Octa-Core 
Taille (Afficheur principal) 171.1mm (6.7"") 
Résolution (Afficheur principal) 1080 x 2340 (FHD+) 
Technologie (Afficheur Principal) Super AMOLED Plus 
Profondeur de couleur (Afficheur principal) 16M 
Caméra arrière - Résolution (Multiple) 50.0 MP + 12.0 MP + 5.0 MP 
Caméra arrière - Ouverture Focale (Multiple) F1.8 , F2.2 , F2.4 
Caméra arrière Zoom Digital Zoom Jusqu'à 10x 
Caméra frontale - Résolution 12.0 MP 
Caméra arrière - Flash Oui 
Résolution de l'enregistrement vidéo UHD 4K (3840 x 2160) @30fps 
Mémoire_(GB) 8 
Stockage (GB) 256 
Stockage valable (GB) 231.9 
Capacité de la Batterie (mAh, Typical) 5000";https://ma.jumia.is/unsafe/fit-in/680x680/filters:fill(white)/product/95/255876/1.jpg?8469|https://ma.jumia.is/unsafe/fit-in/680x680/filters:fill(white)/product/95/255876/2.jpg?8469|https://ma.jumia.is/unsafe/fit-in/680x680/filters:fill(white)/product/95/255876/3.jpg?8469|https://ma.jumia.is/unsafe/fit-in/680x680/filters:fill(white)/product/95/255876/4.jpg?8469|https://ma.jumia.is/unsafe/fit-in/680x680/filters:fill(white)/product/95/255876/5.jpg?8469|https://ma.jumia.is/unsafe/fit-in/680x680/filters:fill(white)/product/95/255876/6.jpg?8469|https://ma.jumia.is/unsafe/fit-in/680x680/filters:fill(white)/product/95/255876/7.jpg?8469|https://ma.jumia.is/unsafe/fit-in/680x680/filters:fill(white)/product/95/255876/8.jpg?8469;8;ok
8;wildberries;8_wildberries;https://www.wildberries.ru/catalog/961954256/detail.aspx;Смартфон Galaxy A57 8+256GB Awesome Gray CAU;Samsung;Electronique;Smartphones;34370;RUB;;https://basket-41.wbbasket.ru/vol9619/part961954/961954256/images/big/1.webp|https://basket-41.wbbasket.ru/vol9619/part961954/961954256/images/big/2.webp|https://basket-41.wbbasket.ru/vol9619/part961954/961954256/images/big/3.webp|https://basket-41.wbbasket.ru/vol9619/part961954/961954256/images/big/4.webp|https://basket-41.wbbasket.ru/vol9619/part961954/961954256/images/big/5.webp|https://basket-41.wbbasket.ru/vol9619/part961954/961954256/images/big/6.webp|https://basket-41.wbbasket.ru/vol9619/part961954/961954256/images/big/7.webp|https://basket-41.wbbasket.ru/vol9619/part961954/961954256/images/big/8.webp|https://basket-41.wbbasket.ru/vol9619/part961954/961954256/images/big/9.webp|https://basket-41.wbbasket.ru/vol9619/part961954/961954256/images/big/10.webp|https://basket-41.wbbasket.ru/vol9619/part961954/961954256/images/big/11.webp|https://basket-41.wbbasket.ru/vol9619/part961954/961954256/images/big/12.webp|https://basket-41.wbbasket.ru/vol9619/part961954/961954256/images/big/13.webp|https://basket-41.wbbasket.ru/vol9619/part961954/961954256/images/big/14.webp;14;ok
8;trendyol;8_trendyol;https://www.trendyol.com/samsung/galaxy-a57-5g-8gb-256gb-buz-mavisi-cep-telefonu-p-1129889925?boutiqueId=61&merchantId=110963;SamsungGalaxy A57 5g 8Gb/256Gb Ice Blue Mobile Phone;Samsung;Electronique;Smartphones;3939.62;AED;;https://cdn.dsmcdn.com/mnresize/300/-/sfint/production/flags/ae.png|https://cdn.dsmcdn.com/mnresize/620/920/ty1000386/product/media/images/prod/PIM/20260408/13/26c76ae0-44f6-4dd9-9150-4f4561cc74cc/1_org_zoom.jpg|https://cdn.dsmcdn.com/mnresize/620/920/ty1000385/product/media/images/prod/PIM/20260408/13/4bc59ef5-4d4b-40ef-b5e1-8f7308fed9be/1_org_zoom.jpg|https://cdn.dsmcdn.com/mnresize/620/920/ty1000385/product/media/images/prod/PIM/20260408/13/6ac6e840-671a-44e8-93aa-869e71058500/1_org_zoom.jpg|https://cdn.dsmcdn.com/mnresize/620/920/ty1000385/product/media/images/prod/PIM/20260408/13/7c343992-39f0-4216-9139-67625cf31c05/1_org_zoom.jpg|https://cdn.dsmcdn.com/mnresize/620/920/ty1000387/product/media/images/prod/PIM/20260408/13/250f6b94-579a-4f07-90b8-ca2c2d9a465f/1_org_zoom.jpg|https://cdn.dsmcdn.com/mnresize/620/920/ty1000386/product/media/images/prod/PIM/20260408/13/7696dc48-5ac6-4452-ba6d-9455025f3722/1_org_zoom.jpg|https://cdn.dsmcdn.com/mnresize/620/920/ty1000387/product/media/images/prod/PIM/20260408/13/bc4ffdbb-faad-4bd2-a52d-914836c30543/1_org_zoom.jpg|https://cdn.dsmcdn.com/mnresize/620/920/ty1000387/product/media/images/prod/PIM/20260408/13/d63fec47-460f-41ac-bc48-f0f5f8d30323/1_org_zoom.jpg|https://cdn.dsmcdn.com/mnresize/620/920/ty1000387/product/media/images/prod/PIM/20260408/13/dfef6516-ab60-44b2-92eb-f919061467db/1_org_zoom.jpg|https://cdn.dsmcdn.com/mnresize/30/30/mobile/pdp/Additional/basket3.png|https://cdn.dsmcdn.com/mnresize/30/30/mobile/pdp/Additional/orange-heart_1f9e1.png|https://cdn.dsmcdn.com/mnresize/30/30/mobile/pdp/Additional/view3.png|https://cdn.dsmcdn.com/mobile/international/PaymentLogo/tamara_snippet_en.png|https://cdn.dsmcdn.com/mobile/international/PaymentLogo/Tabby_snippet_new.png|https://cdn.dsmcdn.com/mobile/international/PaymentLogo/cod-v4.png|https://cdn.dsmcdn.com/mnresize/34/34/indexing-sticker-stamp/stage/4b0d7ef1-8e8f-4c8f-b1c7-637e432ea2b4.png|https://cdn.dsmcdn.com/ty1000386/product/media/images/prod/PIM/20260408/13/26c76ae0-44f6-4dd9-9150-4f4561cc74cc/1_org_zoom.jpg|https://cdn.dsmcdn.com/sfweb-checkout/images/basket-icon_1751630173674.png|https://cdn.dsmcdn.com/mobile/international/PaymentLogo/Mastercard3x.png|https://cdn.dsmcdn.com/mobile/international/PaymentLogo/Visa3x.png|https://cdn.dsmcdn.com/mobile/international/PaymentLogo/Applepay3x.png|https://cdn.dsmcdn.com/mobile/international/PaymentLogo/tamara_logo_en.png|https://cdn.dsmcdn.com/mobile/international/PaymentLogo/Tabby_Basket_new.png|https://cdn.dsmcdn.com/mobile/international/PaymentLogo/gpay3x.png|https://cdn.dsmcdn.com/sfweb-browsing/images/footer-pci-dss.png|https://cdn.dsmcdn.com/sfweb-browsing/images/footer-iso.png;27;ok
8;daraz;8_daraz;https://www.daraz.pk/products/samsung-a57-5g-12gb256gb-i1953869960-s14015185945.html?c=&channelLpJumpArgs=&clickTrackInfo=query%253ASamsung%252BA57%253Bnid%253A1953869960%253Bsrc%253ALazadaMainSrp%253Brn%253A6d4671c3974b9f6b5bbf7621fc5b83a4%253Bregion%253Apk%253Bsku%253A1953869960_PK%253Bprice%253A165999%253Bclient%253Adesktop%253Bsupplier_id%253A6005425472002%253Bsession_id%253A%253Bbiz_source%253Ah5_external%253Bslot%253A0%253Butlog_bucket_id%253A470687%253Basc_category_id%253A3%253Bitem_id%253A1953869960%253Bsku_id%253A14015185945%253Bshop_id%253A1241021%253BtemplateInfo%253A&freeshipping=0&fs_ab=1&fuse_fs=&lang=en&location=Sindh&price=165999&priceCompare=skuId%3A14015185945%3Bsource%3Alazada-search-voucher%3Bsn%3A6d4671c3974b9f6b5bbf7621fc5b83a4%3BoriginPrice%3A16599900%3BdisplayPrice%3A16599900%3BisGray%3Afalse%3BsinglePromotionId%3A50000075583001%3BsingleToolCode%3AflashSale%3BvoucherPricePlugin%3A0%3Btimestamp%3A1783292582942&qSellingPoint=b--samsung___p--a57&ratingscore=5.0&request_id=6d4671c3974b9f6b5bbf7621fc5b83a4&review=3&sale=14&search=1&source=search&spm=a2a0e.searchlist.list.0&stock=1;Samsung A57 5G 12GB/256GB;SAMSUNG;Electronique;Smartphones;164999;PKR;;https://static-01.daraz.pk/p/7fb5f8add6c53151f8ab571abbc48bb4.jpg|https://static-01.daraz.pk/p/a582e7a535133790b66aa0c93093037d.jpg|https://static-01.daraz.pk/p/9494decbb854c36becaea1abd2f6b198.jpg|https://static-01.daraz.pk/p/bf74170e5f45030aa37378cfd3b7bb01.jpg|https://static-01.daraz.pk/p/d3fe76367f63161b5f26c528c84185e9.jpg|https://static-01.daraz.pk/p/a6fbe7f9886f248dd24f3a5ad0e8ffd1.jpg|https://static-01.daraz.pk/p/17c2e0d7841d71abe179b2a5e20945a8.jpg|https://static-01.daraz.pk/p/7caa11deac2086393aeca5766c343b02.jpg|https://static-01.daraz.pk/p/cdf26b98f59fb001d0e21b2f72c71384.jpg;9;ok
9;jumia;9_jumia;https://www.jumia.ma/samsung-galaxy-s26-ultra-5g-12-gb-512gb-200mp50mp12-mp32mp-noir-chargeur-secteur-rapide-65w-inclus-power-bank-fast-20000-mah-67895596.html;Galaxy S26 ULTRA 5G -(12 GB - 512GB)-200MP+50MP+12 MP+/32MP- NOIR +Chargeur Secteur Rapide 65W Inclus+ Power Bank Fast 20000 mAh;Samsung;Electronique;Smartphones;13300.00;MAD;Marque : SamsungModèle : Galaxy S26 UltraType de produit : SmartphoneRéseau : 5GProcesseur : Déca-CoreVitesse du processeur : 3,8 GHz, 3,26 GHz, 2,76 GHzMémoire RAM : 12 GoStockage interne : 512 GoTaille de l’écran : 6,9 poucesType d’écran : Dynamic AMOLED 2XRésolution écran : 2340 x 1080 (FHD+)Taux de rafraîchissement : 120 HzCaméra arrière : 200.0 MP + 50.0 MP + 50.0 MP + 10.0 MPCaméra frontale : 10 MPVidéo : UHD 8K (7680 x 4320) à 30 images/secondeBatterie : 5000 mAh;https://ma.jumia.is/unsafe/fit-in/680x680/filters:fill(white)/product/69/559876/1.jpg?2393|https://ma.jumia.is/unsafe/fit-in/680x680/filters:fill(white)/product/69/559876/2.jpg?2393|https://ma.jumia.is/unsafe/fit-in/680x680/filters:fill(white)/product/69/559876/3.jpg?2393|https://ma.jumia.is/unsafe/fit-in/680x680/filters:fill(white)/product/69/559876/4.jpg?2393|https://ma.jumia.is/unsafe/fit-in/680x680/filters:fill(white)/product/69/559876/5.jpg?2393;5;ok
9;wildberries;9_wildberries;https://www.wildberries.ru/catalog/1014163863/detail.aspx;Galaxy S26 Ultra 12/256 ГБ, Black;Samsung;Electronique;Smartphones;86002;RUB;;https://basket-41.wbbasket.ru/vol10141/part1014163/1014163863/images/big/1.webp|https://basket-41.wbbasket.ru/vol10141/part1014163/1014163863/images/big/2.webp|https://basket-41.wbbasket.ru/vol10141/part1014163/1014163863/images/big/3.webp|https://basket-41.wbbasket.ru/vol10141/part1014163/1014163863/images/big/4.webp|https://basket-41.wbbasket.ru/vol10141/part1014163/1014163863/images/big/5.webp;5;ok
9;trendyol;9_trendyol;https://www.trendyol.com/samsung/galaxy-s26-ultra-512-gb-12-gb-siyah-p-1100212111?boutiqueId=61&merchantId=844339;SamsungGalaxy S26 Ultra 512 Gb 12 Gb Black;Samsung;Electronique;Smartphones;13597.38;AED;;https://cdn.dsmcdn.com/mnresize/300/-/sfint/production/flags/ae.png|https://cdn.dsmcdn.com/mnresize/620/920/ty1834/prod/QC_PREP/20260309/08/0e64518e-538c-36de-b614-7dbf6eb6c016/1_org_zoom.jpg|https://cdn.dsmcdn.com/mnresize/620/920/ty1834/prod/QC_PREP/20260309/08/5d437cd8-1355-3603-9292-5cbc46a9bfe3/1_org_zoom.jpg|https://cdn.dsmcdn.com/mnresize/620/920/ty1834/prod/QC_PREP/20260309/08/e5fe4ad0-9cbc-3bd0-ba25-5da8013c0388/1_org_zoom.jpg|https://cdn.dsmcdn.com/mnresize/620/920/ty1835/prod/QC_PREP/20260309/08/e44ce841-3202-392d-854f-3eaaded1a3ae/1_org_zoom.jpg|https://cdn.dsmcdn.com/mnresize/620/920/ty1835/prod/QC_PREP/20260309/08/c88725e0-2c36-3020-b994-e4efd3370369/1_org_zoom.jpg|https://cdn.dsmcdn.com/mnresize/30/30/mobile/pdp/Additional/basket3.png|https://cdn.dsmcdn.com/mnresize/30/30/mobile/pdp/Additional/orange-heart_1f9e1.png|https://cdn.dsmcdn.com/mnresize/30/30/mobile/pdp/Additional/view3.png|https://cdn.dsmcdn.com/mobile/international/PaymentLogo/tamara_snippet_en.png|https://cdn.dsmcdn.com/mobile/international/PaymentLogo/Tabby_snippet_new.png|https://cdn.dsmcdn.com/mobile/international/PaymentLogo/cod-v4.png|https://cdn.dsmcdn.com/mnresize/34/34/indexing-sticker-stamp/stage/4b0d7ef1-8e8f-4c8f-b1c7-637e432ea2b4.png|https://cdn.dsmcdn.com/ty1834/prod/QC_PREP/20260309/08/0e64518e-538c-36de-b614-7dbf6eb6c016/1_org_zoom.jpg|https://cdn.dsmcdn.com/sfweb-checkout/images/basket-icon_1751630173674.png|https://cdn.dsmcdn.com/mobile/international/PaymentLogo/Mastercard3x.png|https://cdn.dsmcdn.com/mobile/international/PaymentLogo/Visa3x.png|https://cdn.dsmcdn.com/mobile/international/PaymentLogo/Applepay3x.png|https://cdn.dsmcdn.com/mobile/international/PaymentLogo/tamara_logo_en.png|https://cdn.dsmcdn.com/mobile/international/PaymentLogo/Tabby_Basket_new.png|https://cdn.dsmcdn.com/mobile/international/PaymentLogo/gpay3x.png|https://cdn.dsmcdn.com/sfweb-browsing/images/footer-pci-dss.png|https://cdn.dsmcdn.com/sfweb-browsing/images/footer-iso.png;23;ok
9;daraz;9_daraz;https://www.daraz.pk/products/samsung-galaxy-ultra-256-gb-i1947937840-s14011790053.html?c=&channelLpJumpArgs=&clickTrackInfo=query%253ASamsung%252BGalaxy%252BS26%252BUltra%253Bnid%253A1947937840%253Bsrc%253ALazadaMainSrp%253Brn%253A07ce849a09ed7c75acc8b07f30c8b420%253Bregion%253Apk%253Bsku%253A1947937840_PK%253Bprice%253A403999%253Bclient%253Adesktop%253Bsupplier_id%253A6005425472002%253Bsession_id%253A%253Bbiz_source%253Ah5_external%253Bslot%253A0%253Butlog_bucket_id%253A470687%253Basc_category_id%253A3%253Bitem_id%253A1947937840%253Bsku_id%253A14011790053%253Bshop_id%253A1241021%253BtemplateInfo%253A&freeshipping=0&fs_ab=1&fuse_fs=&lang=en&location=Sindh&price=403999&priceCompare=skuId%3A14011790053%3Bsource%3Alazada-search-voucher%3Bsn%3A07ce849a09ed7c75acc8b07f30c8b420%3BoriginPrice%3A40399900%3BdisplayPrice%3A40399900%3BisGray%3Afalse%3BsinglePromotionId%3A50000075583001%3BsingleToolCode%3AflashSale%3BvoucherPricePlugin%3A0%3Btimestamp%3A1783292963746&qSellingPoint=p--galaxy%20s26%20ultra___b--samsung&ratingscore=5.0&request_id=07ce849a09ed7c75acc8b07f30c8b420&review=5&sale=49&search=1&source=search&spm=a2a0e.searchlist.list.0&stock=1;Samsung Galaxy S26 Ultra - 256 GB;SAMSUNG;Electronique;Smartphones;394999;PKR;;https://static-01.daraz.pk/p/239ac15de616017881da7b93fb1ef1d8.png|https://static-01.daraz.pk/p/8cff887468ee28b58b0831a290997805.png|https://static-01.daraz.pk/p/5fa22842f61dac93e21cfdc53fa7f59d.jpg|https://static-01.daraz.pk/p/d0ae5fb7087a27b7bfa2e588e111960b.jpg|https://static-01.daraz.pk/p/e7aec1549b32379884f52a7df2b85730.png|https://static-01.daraz.pk/p/82a08241edb5c025bbf868efbf514ff9.png|https://static-01.daraz.pk/p/51d8d241c43b42b312f8e9484e9910ee.png|https://static-01.daraz.pk/p/727f8ddd7a68491640fd02d5ddfc5a07.png|https://static-01.daraz.pk/p/a9a241b04e712535eb66b6e8a88b0bcc.png;9;ok
10;jumia;10_jumia;https://www.jumia.ma/samsung-a37-6.7-8go-256-go-violet-67855261.html;"A37 - 6.7"" - 8Go - 256 Go - Violet";Samsung;Electronique;Smartphones;4414.00;MAD;"Processeur 2.75GHz, 2GHz 
Poids (g )196 
Vitesse CPU 2.75GHz, 2GHz 
Type de CPU Octa-Core 
Taille (Afficheur principal) 170.1mm (6.7"") 
Résolution (Afficheur principal) 1080 x 2340 (FHD+) 
Caméra arrière - Résolution (Multiple) 50.0 MP + 8.0 MP + 5.0 MP 
Caméra arrière - Ouverture Focale (Multiple) F1.8 , F2.2 , F2.4 
Caméra arrière - Auto Focus Oui 
Caméra arrière - OIS Oui 
Caméra arrière Zoom Digital Zoom Jusqu'à 10x 
Caméra frontale - Résolution 12.0 MP 
Mémoire_(GB) 8 
Stockage (GB) 256";https://ma.jumia.is/unsafe/fit-in/680x680/filters:fill(white)/product/16/255876/1.jpg?8471|https://ma.jumia.is/unsafe/fit-in/680x680/filters:fill(white)/product/16/255876/2.jpg?8471|https://ma.jumia.is/unsafe/fit-in/680x680/filters:fill(white)/product/16/255876/3.jpg?8471|https://ma.jumia.is/unsafe/fit-in/680x680/filters:fill(white)/product/16/255876/4.jpg?8471|https://ma.jumia.is/unsafe/fit-in/680x680/filters:fill(white)/product/16/255876/5.jpg?8471|https://ma.jumia.is/unsafe/fit-in/680x680/filters:fill(white)/product/16/255876/6.jpg?8471|https://ma.jumia.is/unsafe/fit-in/680x680/filters:fill(white)/product/16/255876/7.jpg?8471|https://ma.jumia.is/unsafe/fit-in/680x680/filters:fill(white)/product/16/255876/8.jpg?8471;8;ok
10;wildberries;10_wildberries;https://www.wildberries.ru/catalog/1053438022/detail.aspx;Galaxy A37 8/256 ГБ зеленый EAC;Samsung;Electronique;Smartphones;27900;RUB;;https://basket-42.wbbasket.ru/vol10534/part1053438/1053438022/images/big/1.webp|https://basket-42.wbbasket.ru/vol10534/part1053438/1053438022/images/big/2.webp|https://basket-42.wbbasket.ru/vol10534/part1053438/1053438022/images/big/3.webp;3;ok
10;trendyol;10_trendyol;https://www.trendyol.com/samsung/galaxy-a37-256gb-antrasit-p-1129889926?boutiqueId=689770&merchantId=968;SamsungGalaxy A37 256Gb Anthracite;Samsung;Electronique;Smartphones;3112.78;AED;;https://cdn.dsmcdn.com/mnresize/300/-/sfint/production/flags/ae.png|https://cdn.dsmcdn.com/mnresize/620/920/ty1898/prod/QC_PREP/20260515/13/5848a3bd-4a75-3e5e-80fd-7cc645121f43/1_org_zoom.jpg|https://cdn.dsmcdn.com/mnresize/620/920/ty1927/prod/QC_PREP/20260515/13/256b03b2-3da2-3e5d-8754-85cbd0262a5f/1_org_zoom.jpg|https://cdn.dsmcdn.com/mnresize/620/920/ty1894/prod/QC_PREP/20260515/13/1eedd0d7-70ad-3805-af45-35e8bad51735/1_org_zoom.jpg|https://cdn.dsmcdn.com/mnresize/620/920/ty1904/prod/QC_PREP/20260515/13/f3c7ec73-93c9-3734-81fc-ea1c6c3db4be/1_org_zoom.jpg|https://cdn.dsmcdn.com/mnresize/620/920/ty1918/prod/QC_PREP/20260515/13/2306d212-9fd9-353d-bea8-86c9ee027bb2/1_org_zoom.jpg|https://cdn.dsmcdn.com/mnresize/30/30/mobile/pdp/Additional/basket3.png|https://cdn.dsmcdn.com/mnresize/30/30/mobile/pdp/Additional/orange-heart_1f9e1.png|https://cdn.dsmcdn.com/mobile/international/PaymentLogo/tamara_snippet_en.png|https://cdn.dsmcdn.com/mobile/international/PaymentLogo/Tabby_snippet_new.png|https://cdn.dsmcdn.com/mobile/international/PaymentLogo/cod-v4.png|https://cdn.dsmcdn.com/mnresize/34/34/indexing-sticker-stamp/stage/4b0d7ef1-8e8f-4c8f-b1c7-637e432ea2b4.png|https://cdn.dsmcdn.com/ty1898/prod/QC_PREP/20260515/13/5848a3bd-4a75-3e5e-80fd-7cc645121f43/1_org_zoom.jpg|https://cdn.dsmcdn.com/sfweb-checkout/images/basket-icon_1751630173674.png|https://cdn.dsmcdn.com/mobile/international/PaymentLogo/Mastercard3x.png|https://cdn.dsmcdn.com/mobile/international/PaymentLogo/Visa3x.png|https://cdn.dsmcdn.com/mobile/international/PaymentLogo/Applepay3x.png|https://cdn.dsmcdn.com/mobile/international/PaymentLogo/tamara_logo_en.png|https://cdn.dsmcdn.com/mobile/international/PaymentLogo/Tabby_Basket_new.png|https://cdn.dsmcdn.com/mobile/international/PaymentLogo/gpay3x.png|https://cdn.dsmcdn.com/sfweb-browsing/images/footer-pci-dss.png|https://cdn.dsmcdn.com/sfweb-browsing/images/footer-iso.png;22;ok
10;daraz;10_daraz;https://www.daraz.pk/products/samsung-a37-5g-8gb256gb-i1954208040-s14015356242.html?c=&channelLpJumpArgs=&clickTrackInfo=query%253ASamsung%252BA37%253Bnid%253A1954208040%253Bsrc%253ALazadaMainSrp%253Brn%253A9faecc484df56a06a4abf2eca160d118%253Bregion%253Apk%253Bsku%253A1954208040_PK%253Bprice%253A135999%253Bclient%253Adesktop%253Bsupplier_id%253A6005425472002%253Bsession_id%253A%253Bbiz_source%253Ahttps%253A%252F%252Fwww.daraz.pk%252F%253Bslot%253A0%253Butlog_bucket_id%253A470687%253Basc_category_id%253A3%253Bitem_id%253A1954208040%253Bsku_id%253A14015356242%253Bshop_id%253A1241021%253BtemplateInfo%253A&freeshipping=0&fs_ab=1&fuse_fs=&lang=en&location=Sindh&price=135999&priceCompare=skuId%3A14015356242%3Bsource%3Alazada-search-voucher%3Bsn%3A9faecc484df56a06a4abf2eca160d118%3BoriginPrice%3A13599900%3BdisplayPrice%3A13599900%3BisGray%3Afalse%3BsinglePromotionId%3A50000075583001%3BsingleToolCode%3AflashSale%3BvoucherPricePlugin%3A0%3Btimestamp%3A1783293689118&ratingscore=&request_id=9faecc484df56a06a4abf2eca160d118&review=&sale=0&search=1&source=search&spm=a2a0e.searchlist.list.0&stock=1;Samsung A37 5G 8GB/256GB;SAMSUNG;Electronique;Smartphones;134999;PKR;;https://static-01.daraz.pk/p/fe4edcfb4f85ad5968155c52f273ca69.jpg|https://static-01.daraz.pk/p/bd8dad2b8f8ae7c20208b31c357b5347.jpg|https://static-01.daraz.pk/p/38bb20ecb33c2ae972ff699a49d9aaa8.jpg|https://static-01.daraz.pk/p/aedf22cba12dd341c75fff6f661d84b9.jpg|https://static-01.daraz.pk/p/12b63fa950aed8b2e332e65e5f40cf3b.jpg|https://static-01.daraz.pk/p/8ed2893afae79b1921f1262ab91d1c7d.jpg|https://static-01.daraz.pk/p/da83b16d5edb96b4c21415caf6a2ce0f.jpg|https://static-01.daraz.pk/p/9ffdc7c760335beb0353c5fadc07d9ba.jpg;8;ok
11;jumia;11_jumia;https://www.jumia.ma/xiaomi-redmi-note-15-pro-8gb-256gb-6.7-titanium-color-67545543.html;"Redmi Note 15 Pro - 8GB - 256GB - 6.7"" - Titanium Color";XIAOMI;Electronique;Smartphones;2999.00;MAD;"MediaTek&nbsp;Helio G200-Ultra
Technologie de fabrication en 4 nmCPU : processeur octa-core, jusqu’à 2,6 GHzGPU : Mali-G615
8 Go+256 Go
LPDDR4X + UFS 2.2
Hauteur : 163,61 mm
Largeur : 78,09 mm
Épaisseur : 7,96 mm
Poids : 210 g
6,83″ écran AMOLED
Résolution : 1,5K (2772 x 1280)
Caméra principale de 200 MP
Stabilisation optique de l’image (OIS)0,56 μm, 16-en-1, 2,24 μmf/1.7
Caméra avant de 20 MP Taille du capteur 1/4""f/2.2Objectif 4P";https://ma.jumia.is/unsafe/fit-in/680x680/filters:fill(white)/product/34/554576/1.jpg?2196|https://ma.jumia.is/unsafe/fit-in/680x680/filters:fill(white)/product/34/554576/2.jpg?2191|https://ma.jumia.is/unsafe/fit-in/680x680/filters:fill(white)/product/34/554576/3.jpg?1884|https://ma.jumia.is/unsafe/fit-in/680x680/filters:fill(white)/product/34/554576/4.jpg?1884|https://ma.jumia.is/unsafe/fit-in/680x680/filters:fill(white)/product/34/554576/5.jpg?1884;5;ok
11;wildberries;11_wildberries;https://www.wildberries.ru/catalog/1144818010/detail.aspx;Смартфон Xiaomi Redmi Note 15 Pro 4G, 12/256ГБ, global;Xiaomi;Electronique;Smartphones;17839;RUB;;https://basket-43.wbbasket.ru/vol11448/part1144818/1144818010/images/big/1.webp|https://basket-43.wbbasket.ru/vol11448/part1144818/1144818010/images/big/2.webp|https://basket-43.wbbasket.ru/vol11448/part1144818/1144818010/images/big/3.webp|https://basket-43.wbbasket.ru/vol11448/part1144818/1144818010/images/big/4.webp|https://basket-43.wbbasket.ru/vol11448/part1144818/1144818010/images/big/5.webp|https://basket-43.wbbasket.ru/vol11448/part1144818/1144818010/images/big/6.webp|https://basket-43.wbbasket.ru/vol11448/part1144818/1144818010/images/big/7.webp;7;ok
11;trendyol;11_trendyol;https://www.trendyol.com/xiaomi/redmi-note-15-pro-8-gb-256-gb-siyah-xiaomi-turkiye-garantili-p-1074984371?boutiqueId=689770&merchantId=968;XiaomiRedmi Note 15 Pro 8 Gb+256 Gb Black (Xiaomi Türkiye Guaranteed);Xiaomi;Electronique;Smartphones;2502.54;AED;;https://cdn.dsmcdn.com/mnresize/300/-/sfint/production/flags/ae.png|https://cdn.dsmcdn.com/mnresize/620/920/ty1813/prod/QC_ENRICHMENT/20260121/17/0969779e-63ee-3957-bb1b-e6416a10d894/1_org_zoom.jpg|https://cdn.dsmcdn.com/mnresize/620/920/ty1812/prod/QC_ENRICHMENT/20260121/17/1bc99897-e8d8-3534-891b-221e383ec4ed/1_org_zoom.jpg|https://cdn.dsmcdn.com/mnresize/620/920/ty1000411/product/media/images/prod/PIM/20260624/03/25b0fb1c-f312-4967-ac7a-754fec0dac7e/1_org_zoom.jpg|https://cdn.dsmcdn.com/mnresize/620/920/ty1000410/product/media/images/prod/PIM/20260624/03/144a998f-091e-4305-9f4e-c60e2dbd55bd/1_org_zoom.jpg|https://cdn.dsmcdn.com/mnresize/620/920/ty1000409/product/media/images/prod/PIM/20260624/03/c1a52c72-1086-4fed-a0be-53b0fb07fe88/1_org_zoom.jpg|https://cdn.dsmcdn.com/mnresize/620/920/ty1000409/product/media/images/prod/PIM/20260624/03/dc78c518-449b-4c4b-99a5-daec52bb08ab/1_org_zoom.jpg|https://cdn.dsmcdn.com/mnresize/620/920/ty1812/prod/QC_ENRICHMENT/20260121/17/65abf7b7-8e98-3936-a268-e489670d3fd6/1_org_zoom.jpg|https://cdn.dsmcdn.com/mnresize/620/920/ty1813/prod/QC_ENRICHMENT/20260121/17/3e9912d3-620a-374a-b759-98300d011906/1_org_zoom.jpg|https://cdn.dsmcdn.com/mnresize/30/30/mobile/reviewrating/kamera-emoji6x.png|https://cdn.dsmcdn.com/mnresize/30/30/mobile/pdp/Additional/basket3.png|https://cdn.dsmcdn.com/mnresize/30/30/mobile/pdp/Additional/orange-heart_1f9e1.png|https://cdn.dsmcdn.com/mnresize/30/30/mobile/pdp/Additional/view3.png|https://cdn.dsmcdn.com/mobile/international/PaymentLogo/tamara_snippet_en.png|https://cdn.dsmcdn.com/mobile/international/PaymentLogo/Tabby_snippet_new.png|https://cdn.dsmcdn.com/mobile/international/PaymentLogo/cod-v4.png|https://cdn.dsmcdn.com/mnresize/34/34/indexing-sticker-stamp/stage/4b0d7ef1-8e8f-4c8f-b1c7-637e432ea2b4.png|https://cdn.dsmcdn.com/ty1813/prod/QC_ENRICHMENT/20260121/17/0969779e-63ee-3957-bb1b-e6416a10d894/1_org_zoom.jpg|https://cdn.dsmcdn.com/sfweb-checkout/images/basket-icon_1751630173674.png|https://cdn.dsmcdn.com/mobile/international/PaymentLogo/Mastercard3x.png|https://cdn.dsmcdn.com/mobile/international/PaymentLogo/Visa3x.png|https://cdn.dsmcdn.com/mobile/international/PaymentLogo/Applepay3x.png|https://cdn.dsmcdn.com/mobile/international/PaymentLogo/tamara_logo_en.png|https://cdn.dsmcdn.com/mobile/international/PaymentLogo/Tabby_Basket_new.png|https://cdn.dsmcdn.com/mobile/international/PaymentLogo/gpay3x.png|https://cdn.dsmcdn.com/sfweb-browsing/images/footer-pci-dss.png|https://cdn.dsmcdn.com/sfweb-browsing/images/footer-iso.png;27;ok
11;daraz;11_daraz;https://www.daraz.pk/products/redmi-note-14-pro-8gbram-256gb-rom-667-amoled-display-5500mah-typ-battery-pta-approved-official-one-year-brand-warranty-i654390601-s3071059366.html?c=&channelLpJumpArgs=&clickTrackInfo=query%253AXIAOMI%252BRedmi%252BNote%252B15%252BPro%253Bnid%253A654390601%253Bsrc%253ALazadaMainSrp%253Brn%253A8f333002cd0a29e1a78c03beeb44a1d4%253Bregion%253Apk%253Bsku%253A654390601_PK%253Bprice%253A82250%253Bclient%253Adesktop%253Bsupplier_id%253A6005228848531%253Bsession_id%253A%253Bbiz_source%253Ah5_external%253Bslot%253A35%253Butlog_bucket_id%253A470687%253Basc_category_id%253A3%253Bitem_id%253A654390601%253Bsku_id%253A3071059366%253Bshop_id%253A1763349%253BtemplateInfo%253A&freeshipping=0&fs_ab=1&fuse_fs=&lang=en&location=Punjab&price=8.225E%204&priceCompare=skuId%3A3071059366%3Bsource%3Alazada-search-voucher%3Bsn%3A8f333002cd0a29e1a78c03beeb44a1d4%3BoriginPrice%3A8225000%3BdisplayPrice%3A8225000%3BisGray%3Afalse%3BsinglePromotionId%3A-1%3BsingleToolCode%3A-1%3BvoucherPricePlugin%3A0%3Btimestamp%3A1783294074215&qSellingPoint=b--xiaomi___p--note%2015%20pro___b--redmi&ratingscore=5.0&request_id=8f333002cd0a29e1a78c03beeb44a1d4&review=3&sale=23&search=1&source=search&spm=a2a0e.searchlist.list.35&stock=1;"Redmi Note 14 Pro 8GBRAM 256GB ROM 6.67"" AMOLED display 5500mAh (typ) Battery PTA Approved Official One Year Brand Warranty";XIAOMI;Electronique;Smartphones;82250;PKR;;https://static-01.daraz.pk/p/6d8d42992b68ea37c6c094562b816e6a.jpg|https://static-01.daraz.pk/p/22ed98fbf0e49d0a5c5e6ab2d1fbd70c.jpg|https://static-01.daraz.pk/p/58cd9f916149bca288a07063362725cc.jpg|https://static-01.daraz.pk/p/53edfeccf6c89c2a266859d7f6f8bdbc.jpg|https://static-01.daraz.pk/p/cd2406e03f97a9a57427d57964eefc3b.jpg|https://static-01.daraz.pk/p/0616097a6bbf360562f26cd9e281a3bc.jpg|https://static-01.daraz.pk/p/cea10e95f5c2245ced0333b4560d41b2.jpg|https://static-01.daraz.pk/p/517e04900a713385549174d582ca03c0.jpg|https://static-01.daraz.pk/p/73da64db157b041a3c43f1c482b7dc21.jpg|https://static-01.daraz.pk/p/015b0235254627659c9cfc06ad003704.jpg;10;ok
12;jumia;12_jumia;https://www.jumia.ma/xiaomi-redmi-note-14-pro-6.6-256gb-8gb-200mp-helio-g100-ultra-ocean-blue-65983313.html;"Redmi Note 14 Pro 6.6"" (256GB / 8GB ) 200MP- Helio G100 Ultra - Ocean Blue";XIAOMI;Electronique;Smartphones;3099.00;MAD;5200mAhRAM : 8GoROM : 256GoCaméra grand-angle 200 MP;https://ma.jumia.is/unsafe/fit-in/680x680/filters:fill(white)/product/31/338956/1.jpg?6925|https://ma.jumia.is/unsafe/fit-in/680x680/filters:fill(white)/product/31/338956/2.jpg?6925|https://ma.jumia.is/unsafe/fit-in/680x680/filters:fill(white)/product/31/338956/3.jpg?6925;3;ok
12;wildberries;12_wildberries;https://www.wildberries.ru/catalog/1184469318/detail.aspx;Смартфон Xiaomi Redmi Note 14 Pro 5G, 12/512ГБ, global;Xiaomi;Electronique;Smartphones;18998;RUB;;https://basket-43.wbbasket.ru/vol11844/part1184469/1184469318/images/big/1.webp|https://basket-43.wbbasket.ru/vol11844/part1184469/1184469318/images/big/2.webp|https://basket-43.wbbasket.ru/vol11844/part1184469/1184469318/images/big/3.webp|https://basket-43.wbbasket.ru/vol11844/part1184469/1184469318/images/big/4.webp|https://basket-43.wbbasket.ru/vol11844/part1184469/1184469318/images/big/5.webp|https://basket-43.wbbasket.ru/vol11844/part1184469/1184469318/images/big/6.webp|https://basket-43.wbbasket.ru/vol11844/part1184469/1184469318/images/big/7.webp;7;ok
12;trendyol;12_trendyol;https://www.trendyol.com/xiaomi/17t-12g-256g-mor-xiaomi-turkiye-garantili-p-1142590597?boutiqueId=689770&merchantId=968;Xiaomi17t 12G+256G Purple (Xiaomi Türkiye Guaranteed);Xiaomi;Electronique;Smartphones;5919.82;AED;;https://cdn.dsmcdn.com/mnresize/300/-/sfint/production/flags/ae.png|https://cdn.dsmcdn.com/mnresize/620/920/ty1906/prod/QC_PREP/20260506/11/42bfe2f7-8ed4-3a65-94e0-195b6727c4b7/1_org_zoom.jpg|https://cdn.dsmcdn.com/mnresize/620/920/ty1000400/product/media/images/prod/PIM/20260528/02/845bec45-e090-4cbe-b91f-87aa816042d0/1_org_zoom.jpg|https://cdn.dsmcdn.com/mnresize/620/920/ty1000402/product/media/images/prod/PIM/20260525/09/04782e2e-9f66-4691-b2af-f8da3d66e1ca/1_org_zoom.jpg|https://cdn.dsmcdn.com/mnresize/620/920/ty1000401/product/media/images/prod/PIM/20260525/09/897dea8b-3512-4d1c-8767-4ab32afe737f/1_org_zoom.jpg|https://cdn.dsmcdn.com/mnresize/620/920/ty1000400/product/media/images/prod/PIM/20260525/09/fc104a5f-a136-4c0c-a9a8-8dc3dcdd8cef/1_org_zoom.jpg|https://cdn.dsmcdn.com/mnresize/620/920/ty1930/prod/QC_ENRICHMENT/20260506/13/478268c3-6875-31d5-a514-45cfbdacd919/1_org_zoom.jpg|https://cdn.dsmcdn.com/mnresize/620/920/ty1905/prod/QC_ENRICHMENT/20260506/13/be81a761-b5e0-3c3b-a60e-993c196126d2/1_org_zoom.jpg|https://cdn.dsmcdn.com/mnresize/620/920/ty1931/prod/QC_ENRICHMENT/20260506/13/175eb2dc-e060-387d-9bf8-cf2e81a38d78/1_org_zoom.jpg|https://cdn.dsmcdn.com/mnresize/620/920/ty1939/prod/QC_ENRICHMENT/20260506/13/b21051cd-3cb1-3adf-904c-1536006c9a14/1_org_zoom.jpg|https://cdn.dsmcdn.com/mnresize/620/920/ty1941/prod/QC_ENRICHMENT/20260506/13/062821b1-61f2-3ea6-a7e7-734f7ab55e87/1_org_zoom.jpg|https://cdn.dsmcdn.com/mnresize/620/920/ty1893/prod/QC_ENRICHMENT/20260506/13/fdf9a8b5-822d-319a-85d6-9af4f559966b/1_org_zoom.jpg|https://cdn.dsmcdn.com/mnresize/30/30/mobile/pdp/Additional/basket3.png|https://cdn.dsmcdn.com/mnresize/30/30/mobile/pdp/Additional/orange-heart_1f9e1.png|https://cdn.dsmcdn.com/mnresize/30/30/mobile/pdp/Additional/view3.png|https://cdn.dsmcdn.com/mobile/international/PaymentLogo/tamara_snippet_en.png|https://cdn.dsmcdn.com/mobile/international/PaymentLogo/Tabby_snippet_new.png|https://cdn.dsmcdn.com/mobile/international/PaymentLogo/cod-v4.png|https://cdn.dsmcdn.com/mnresize/34/34/indexing-sticker-stamp/stage/4b0d7ef1-8e8f-4c8f-b1c7-637e432ea2b4.png|https://cdn.dsmcdn.com/ty1906/prod/QC_PREP/20260506/11/42bfe2f7-8ed4-3a65-94e0-195b6727c4b7/1_org_zoom.jpg|https://cdn.dsmcdn.com/sfweb-checkout/images/basket-icon_1751630173674.png|https://cdn.dsmcdn.com/mobile/international/PaymentLogo/Mastercard3x.png|https://cdn.dsmcdn.com/mobile/international/PaymentLogo/Visa3x.png|https://cdn.dsmcdn.com/mobile/international/PaymentLogo/Applepay3x.png|https://cdn.dsmcdn.com/mobile/international/PaymentLogo/tamara_logo_en.png|https://cdn.dsmcdn.com/mobile/international/PaymentLogo/Tabby_Basket_new.png|https://cdn.dsmcdn.com/mobile/international/PaymentLogo/gpay3x.png|https://cdn.dsmcdn.com/sfweb-browsing/images/footer-pci-dss.png|https://cdn.dsmcdn.com/sfweb-browsing/images/footer-iso.png;29;ok
12;daraz;12_daraz;https://www.daraz.pk/products/14-lcd-667-8gb-256gb-32mp-200mp-8mp-2mp-1-mah-i657298585-s3089903952.html?c=&channelLpJumpArgs=&clickTrackInfo=query%253Aredmi%253Bnid%253A657298585%253Bsrc%253ALazadaMainSrp%253Brn%253A5d303f4165aede0f00502e99f964438e%253Bregion%253Apk%253Bsku%253A657298585_PK%253Bprice%253A80999%253Bclient%253Adesktop%253Bsupplier_id%253A1008944%253Bsession_id%253A%253Bbiz_source%253Ah5_external%253Bslot%253A14%253Butlog_bucket_id%253A470687%253Basc_category_id%253A3%253Bitem_id%253A657298585%253Bsku_id%253A3089903952%253Bshop_id%253A120747%253BtemplateInfo%253A&freeshipping=0&fs_ab=1&fuse_fs=&lang=en&location=Sindh&price=80999&priceCompare=skuId%3A3089903952%3Bsource%3Alazada-search-voucher%3Bsn%3A5d303f4165aede0f00502e99f964438e%3BoriginPrice%3A8099900%3BdisplayPrice%3A8099900%3BisGray%3Afalse%3BsinglePromotionId%3A-1%3BsingleToolCode%3AmockedSalePrice%3BvoucherPricePlugin%3A0%3Btimestamp%3A1783295712286&ratingscore=5.0&request_id=5d303f4165aede0f00502e99f964438e&review=0&sale=5&search=1&source=search&spm=a2a0e.searchlist.list.14&stock=1;Redmi Note 14 Pro - AMOLED LCD - 6.67 Inches Display - 8GB RAM - 256GB ROM - 32MP Front Camera - 200MP+8MP+2MP Rear Camera - Dual SIM - 5500mAh Battery;No Brand;Electronique;Smartphones;80999;PKR;;https://static-01.daraz.pk/p/64b0714c1648ecd61775d042376a31d7.png|https://static-01.daraz.pk/p/db754caa550929357a94f572f58b4295.png|https://static-01.daraz.pk/p/88702b9cffbfd0eb91993cc48e46c75c.png;3;ok
13;jumia;13_jumia;https://www.jumia.ma/xiaomi-redmi-14c-6.88-6gb-128gb-starry-bleu-66003112.html;"REDMI 14C - 6.88"" - 6GB + 128GB - STARRY - Bleu";XIAOMI;Electronique;Smartphones;1529.00;MAD;Affichage : écran 6,88″Performances : Mediatek Helio G81 UltraRAM : 6GBROM : 128GB Caméra arrière : Caméra principale 50MPBatterie : 5160mAh (typique);https://ma.jumia.is/unsafe/fit-in/680x680/filters:fill(white)/product/21/130066/1.jpg?1685|https://ma.jumia.is/unsafe/fit-in/680x680/filters:fill(white)/product/21/130066/2.jpg?1685|https://ma.jumia.is/unsafe/fit-in/680x680/filters:fill(white)/product/21/130066/3.jpg?1685|https://ma.jumia.is/unsafe/fit-in/680x680/filters:fill(white)/product/21/130066/4.jpg?1685;4;ok
13;wildberries;13_wildberries;https://www.wildberries.ru/catalog/995031476/detail.aspx;Смартфон Xiaomi Redmi 14C 8ГБ 256 ГБ 120 Гц синий;Redmi;Electronique;Smartphones;8366;RUB;;https://basket-41.wbbasket.ru/vol9950/part995031/995031476/images/big/1.webp|https://basket-41.wbbasket.ru/vol9950/part995031/995031476/images/big/2.webp|https://basket-41.wbbasket.ru/vol9950/part995031/995031476/images/big/3.webp|https://basket-41.wbbasket.ru/vol9950/part995031/995031476/images/big/4.webp|https://basket-41.wbbasket.ru/vol9950/part995031/995031476/images/big/5.webp|https://basket-41.wbbasket.ru/vol9950/part995031/995031476/images/big/6.webp|https://basket-41.wbbasket.ru/vol9950/part995031/995031476/images/big/7.webp|https://basket-41.wbbasket.ru/vol9950/part995031/995031476/images/big/8.webp|https://basket-41.wbbasket.ru/vol9950/part995031/995031476/images/big/9.webp|https://basket-41.wbbasket.ru/vol9950/part995031/995031476/images/big/10.webp|https://basket-41.wbbasket.ru/vol9950/part995031/995031476/images/big/11.webp|https://basket-41.wbbasket.ru/vol9950/part995031/995031476/images/big/12.webp|https://basket-41.wbbasket.ru/vol9950/part995031/995031476/images/big/13.webp|https://basket-41.wbbasket.ru/vol9950/part995031/995031476/images/big/14.webp|https://basket-41.wbbasket.ru/vol9950/part995031/995031476/images/big/15.webp|https://basket-41.wbbasket.ru/vol9950/part995031/995031476/images/big/16.webp|https://basket-41.wbbasket.ru/vol9950/part995031/995031476/images/big/17.webp|https://basket-41.wbbasket.ru/vol9950/part995031/995031476/images/big/18.webp|https://basket-41.wbbasket.ru/vol9950/part995031/995031476/images/big/19.webp;19;ok
13;trendyol;13_trendyol;https://www.trendyol.com/xiaomi/redmi-14c-8-gb-ram-256-gb-mavi-xiaomi-turkiye-garantili-p-869864068?boutiqueId=61&merchantId=1176505;XiaomiRedmi 14C 8 GB RAM 256 GB Blue;Xiaomi;Electronique;Smartphones;399.00;AED;;https://cdn.dsmcdn.com/mnresize/300/-/sfint/production/flags/ae.png|https://cdn.dsmcdn.com/mnresize/620/920/ty1593/product/media/images/prod/PIM/20241025/12/219dd122-fbe8-461f-9f80-5f4a01593428/1_org_zoom.jpg|https://cdn.dsmcdn.com/mnresize/620/920/ty1593/product/media/images/prod/PIM/20241025/12/35799680-56cd-4501-acc9-3af0af755b98/1_org_zoom.jpg|https://cdn.dsmcdn.com/mnresize/620/920/ty1593/product/media/images/prod/PIM/20241025/12/bafdca42-f985-439f-8097-0b5a922dac4c/1_org_zoom.jpg|https://cdn.dsmcdn.com/mnresize/620/920/ty1593/product/media/images/prod/PIM/20241025/12/958d6533-6025-4b52-bb91-ce795af8003d/1_org_zoom.jpg|https://cdn.dsmcdn.com/mnresize/620/920/ty1594/product/media/images/prod/PIM/20241025/12/7e68b2d5-266d-48ea-961f-254584e523cf/1_org_zoom.jpg|https://cdn.dsmcdn.com/mnresize/30/30/mobile/reviewrating/kamera-emoji6x.png|https://cdn.dsmcdn.com/mnresize/30/30/mobile/pdp/Additional/orange-heart_1f9e1.png|https://cdn.dsmcdn.com/mobile/international/PaymentLogo/tamara_snippet_en.png|https://cdn.dsmcdn.com/mobile/international/PaymentLogo/Tabby_snippet_new.png|https://cdn.dsmcdn.com/mobile/international/PaymentLogo/cod-v4.png|https://cdn.dsmcdn.com/ty1593/product/media/images/prod/PIM/20241025/12/219dd122-fbe8-461f-9f80-5f4a01593428/1_org_zoom.jpg|https://cdn.dsmcdn.com/sfweb-checkout/images/basket-icon_1751630173674.png|https://cdn.dsmcdn.com/mobile/international/PaymentLogo/Mastercard3x.png|https://cdn.dsmcdn.com/mobile/international/PaymentLogo/Visa3x.png|https://cdn.dsmcdn.com/mobile/international/PaymentLogo/Applepay3x.png|https://cdn.dsmcdn.com/mobile/international/PaymentLogo/tamara_logo_en.png|https://cdn.dsmcdn.com/mobile/international/PaymentLogo/Tabby_Basket_new.png|https://cdn.dsmcdn.com/mobile/international/PaymentLogo/gpay3x.png|https://cdn.dsmcdn.com/sfweb-browsing/images/footer-pci-dss.png|https://cdn.dsmcdn.com/sfweb-browsing/images/footer-iso.png;21;ok
13;daraz;13_daraz;https://www.daraz.pk/products/14c-6gb-128gb-5160-mah-50mp-688-i595004124-s2741266698.html?c=&channelLpJumpArgs=&clickTrackInfo=query%253Aredmi%253Bnid%253A595004124%253Bsrc%253ALazadaMainSrp%253Brn%253A5d303f4165aede0f00502e99f964438e%253Bregion%253Apk%253Bsku%253A595004124_PK%253Bprice%253A36999%253Bclient%253Adesktop%253Bsupplier_id%253A6005044902477%253Bsession_id%253A%253Bbiz_source%253Ah5_external%253Bslot%253A27%253Butlog_bucket_id%253A470687%253Basc_category_id%253A3%253Bitem_id%253A595004124%253Bsku_id%253A2741266698%253Bshop_id%253A1127547%253BtemplateInfo%253A&freeshipping=0&fs_ab=1&fuse_fs=&lang=en&location=Punjab&price=36999&priceCompare=skuId%3A2741266698%3Bsource%3Alazada-search-voucher%3Bsn%3A5d303f4165aede0f00502e99f964438e%3BoriginPrice%3A3699900%3BdisplayPrice%3A3699900%3BisGray%3Afalse%3BsinglePromotionId%3A-1%3BsingleToolCode%3AmockedSalePrice%3BvoucherPricePlugin%3A0%3Btimestamp%3A1783295712286&ratingscore=&request_id=5d303f4165aede0f00502e99f964438e&review=&sale=3&search=1&source=search&spm=a2a0e.searchlist.list.27&stock=1;;;Electronique;Smartphones;558;PKR;;https://gw.alicdn.com/imgextra/i2/O1CN01jHjmpl1pxcRVgFrYS_!!6000000005427-0-tps-150-150.jpg|https://gw.alicdn.com/imgextra/i3/O1CN012f276t1zJuDINv48i_!!6000000006694-2-tps-600-600.png;2;ok
14;jumia;14_jumia;https://www.jumia.ma/realme-c75-67-256-go-rom-8gb-jusqua-24go-5828mah-fast-charge-45w-ip-68-50mp-noir-66965675.html;"C75 6,7"" -256 Go ROM /(8GB jusqu'à 24Go) - 5828Mah Fast Charge 45W-IP 68 - 50MP - Noir";realme;Electronique;Smartphones;2090.00;MAD;[Résistance à la poussière et à l'eau IP69] IP66/IP68/IP69 tout-en-un1, Premier certification TÜV Rheinland de smartphone ultra résistant.[Batterie puissante de 5 828 mAh] .[Expérience intelligente avec IA, Mini Capsule 3.0 [Écran FHD 90 Hz de 6,72 po] L’écran FHD 2400 x 1080 rend les images nettes et claires pour un visionnage de qualité supérieure.[Appareil photo de 50 MP super net] Capturez chaque instant avec un niveau de détail éblouissant. Caméra Principale- Résolution (Multiple) : 50.0 MP + 8.0 MP + 5.0 MPMémoire_(GB) : 8Stockage (GB) : 256Systeme d'exploitation : AndroidCapacité de la Batterie (mAh, Typical) : 5800;https://ma.jumia.is/unsafe/fit-in/680x680/filters:fill(white)/product/57/656966/1.jpg?0751|https://ma.jumia.is/unsafe/fit-in/680x680/filters:fill(white)/product/57/656966/2.jpg?0751|https://ma.jumia.is/unsafe/fit-in/680x680/filters:fill(white)/product/57/656966/3.jpg?0751|https://ma.jumia.is/unsafe/fit-in/680x680/filters:fill(white)/product/57/656966/4.jpg?0751|https://ma.jumia.is/unsafe/fit-in/680x680/filters:fill(white)/product/57/656966/5.jpg?0751|https://ma.jumia.is/unsafe/fit-in/680x680/filters:fill(white)/product/57/656966/6.jpg?0751|https://ma.jumia.is/unsafe/fit-in/680x680/filters:fill(white)/product/57/656966/7.jpg?0751|https://ma.jumia.is/unsafe/fit-in/680x680/filters:fill(white)/product/57/656966/8.jpg?0751;8;ok
14;wildberries;14_wildberries;https://www.wildberries.ru/catalog/316703025/detail.aspx;C75 8+128GB;Realme;Electronique;Smartphones;12636;RUB;;https://basket-19.wbbasket.ru/vol3167/part316703/316703025/images/big/1.webp;1;ok
14;trendyol;14_trendyol;https://www.trendyol.com/en/realme/c75-smartphone-dual-sim-8gb-ram-256gb-storage-international-version-storm-black-p-945474197;realme C75 Smartphone, Dual SIM, 8GB RAM + 256GB Storage - International Version (Storm Black);realme;Electronique;Smartphones;549.00;AED;;https://cdn.dsmcdn.com/ty1626/prod/QC/20250122/13/a60d8373-aecd-3073-b0fd-441b9aba6720/1_org_zoom.jpg|https://cdn.dsmcdn.com/ty1627/prod/QC/20250122/13/40261a0d-d105-3fba-ba39-07397f94d7ee/1_org_zoom.jpg|https://cdn.dsmcdn.com/ty1626/prod/QC/20250122/13/16fc5b5d-dd0e-311e-8eb4-5a53501b038e/1_org_zoom.jpg|https://cdn.dsmcdn.com/ty1626/prod/QC/20250122/13/1d7d4cea-0126-388b-86c7-66c6b499a778/1_org_zoom.jpg|https://cdn.dsmcdn.com/ty1627/prod/QC/20250122/13/8ceaca04-96e5-3dc2-8f42-9dd68396ac5b/1_org_zoom.jpg|https://cdn.dsmcdn.com/ty1626/prod/QC/20250122/13/68f37157-9628-35a8-aa7d-da790c2b12e0/1_org_zoom.jpg|https://cdn.dsmcdn.com/ty1627/prod/QC/20250122/13/7b6931f9-ec2b-3e69-927c-ee7d19b08676/1_org_zoom.jpg;7;ok
14;daraz;14_daraz;https://www.daraz.pk/products/16gb-8gb-c75-256gb-90hz-fhd-ip69-1-mah-45w-i656933835-s3088734933.html?c=&channelLpJumpArgs=&clickTrackInfo=query%253Arealme%252Bc75%253Bnid%253A656933835%253Bsrc%253ALazadaMainSrp%253Brn%253Ad195253f7123e68e9c06f1979cc061e5%253Bregion%253Apk%253Bsku%253A656933835_PK%253Bprice%253A68999%253Bclient%253Adesktop%253Bsupplier_id%253A6005013666315%253Bsession_id%253A%253Bbiz_source%253Ah5_external%253Bslot%253A5%253Butlog_bucket_id%253A470687%253Basc_category_id%253A3%253Bitem_id%253A656933835%253Bsku_id%253A3088734933%253Bshop_id%253A609985%253BtemplateInfo%253A&freeshipping=0&fs_ab=1&fuse_fs=&lang=en&location=Punjab&price=68999&priceCompare=skuId%3A3088734933%3Bsource%3Alazada-search-voucher%3Bsn%3Ad195253f7123e68e9c06f1979cc061e5%3BoriginPrice%3A6899900%3BdisplayPrice%3A6899900%3BisGray%3Afalse%3BsinglePromotionId%3A-1%3BsingleToolCode%3AmockedSalePrice%3BvoucherPricePlugin%3A0%3Btimestamp%3A1783297285543&qSellingPoint=p--c75___b--realme&ratingscore=&request_id=d195253f7123e68e9c06f1979cc061e5&review=&sale=1&search=1&source=search&spm=a2a0e.searchlist.list.5&stock=1;Realme C75 8GB+16GB Dynamic Ram 256GB Rom , 6.72'' 90Hz FHD Display , IP69 Dust & Water Resistance , 6000 mAh - Fast charging 45W;No Brand;Electronique;Smartphones;68999;PKR;;https://static-01.daraz.pk/p/79bfc3b8cfa27ef9df5f83013a51a5c2.png|https://static-01.daraz.pk/p/5db2edd78ead7d63b9563ad160607539.jpg|https://static-01.daraz.pk/p/8901deda7db42b776507e55e40b3dc8c.jpg|https://static-01.daraz.pk/p/f25e403c6cd2d6d1663a64278a783686.jpg|https://static-01.daraz.pk/p/07e2bc74ee37fdee576b6deb34db0ab8.jpg|https://static-01.daraz.pk/p/873f8728b859d333f1f881e175e20716.jpg|https://static-01.daraz.pk/p/975a59230695c9522adcb6c73a3307ad.jpg|https://static-01.daraz.pk/p/37b693b7305dd1788defa4deb285fa9a.jpg|https://static-01.daraz.pk/p/d505d651de458cf112e79595e6b78b36.jpg|https://static-01.daraz.pk/p/92567d1a93614fa81571bde8815294de.png;10;ok
15;jumia;15_jumia;https://www.jumia.ma/oppo-a6-pro-8go256go-7000mah-80w-supervooc-ip69-systeme-supercool-vc-stellar-blue-cadeau-67343659.html;A6 Pro (8Go+256Go) - 7000mAh 80W SUPERVOOC - IP69 - Système SuperCool VC - Stellar Blue + CADEAU;Oppo;Electronique;Smartphones;3499.00;MAD;"Taille et poids 


Hauteur environ 158,20 mm
Largeur environ 75,02 mm
Épaisseur environ 8,00 mm
Poids environ 188 g

Stockage

Capacités de la RAM et de la ROM 8 Go + 256 Go
Type de RAM LPDDR4X
Spécifications de la ROM UFS 2.2
Carte mémoire pour téléphone Soutenu
USB OTG Soutenu

 


Afficher

Taille 6,57 pouces
Rapport d'écran 93,0%
Résolution FHD+ 1080 × 2372 pixels
Taux de rafraîchissement Maximum : 120 Hz
Taux d'échantillonnage tactile
Maximum : 240 HzValeur par défaut : 120 Hz
Gamme de couleurs
Mode vif : 100 % DCI-P3 ;Mode naturel : 100 % sRGB
Profondeur de couleur 1,07 milliard de couleurs (10 bits)
Densité de pixels 397 PPI
Luminosité
Luminosité normale : 600 nits (typique) ;HBM : 1 400 nits (typique)
Panneau AMOLED (flexible)
Lunettes de protection AGC DT-Star D+


Caméra





Arrière

Grand angle : 50 Mpx ; f/1,8 ; champ de vision 76° ; objectif 5P ; autofocus pris en charge.
Monochrome : 2 Mpx ; f/2,4 ; champ de vision 89° ; objectif 3P.







Devant

16 Mpx ; f/2,4 ; champ de vision 85° ; objectif 4P






Mode de prise de vue

Caméra arrière : Photo, Vidéo, Portrait, Nuit, Panorama, Ralenti, Vidéo double vue, Accéléré, Autocollant, Haute résolution, Google Lens, Sous-marin

Batterie

7000 mAh/27,44 Wh (typique)
6830 mAh/26,78 Wh (nominale)

Charge rapide

Puissance maximale supportée : 80 W SUPERVOOC ™ Compatible avec : SUPERVOOC ™
67 W et moins , PPS 33 W, PD 13,5 W";https://ma.jumia.is/unsafe/fit-in/680x680/filters:fill(white)/product/95/634376/1.jpg?8762|https://ma.jumia.is/unsafe/fit-in/680x680/filters:fill(white)/product/95/634376/2.jpg?2234|https://ma.jumia.is/unsafe/fit-in/680x680/filters:fill(white)/product/95/634376/3.jpg?8786|https://ma.jumia.is/unsafe/fit-in/680x680/filters:fill(white)/product/95/634376/4.jpg?8786|https://ma.jumia.is/unsafe/fit-in/680x680/filters:fill(white)/product/95/634376/5.jpg?8786|https://ma.jumia.is/unsafe/fit-in/680x680/filters:fill(white)/product/95/634376/6.jpg?8786|https://ma.jumia.is/unsafe/fit-in/680x680/filters:fill(white)/product/95/634376/7.jpg?8786|https://ma.jumia.is/unsafe/fit-in/680x680/filters:fill(white)/product/95/634376/8.jpg?8786;8;ok
15;wildberries;15_wildberries;https://www.wildberries.ru/catalog/541404758/detail.aspx;Смартфон A6 Pro 8/256 Ростест (EAC), пыльно-зеленый;oppo;Electronique;Smartphones;21570;RUB;;https://basket-28.wbbasket.ru/vol5414/part541404/541404758/images/big/1.webp|https://basket-28.wbbasket.ru/vol5414/part541404/541404758/images/big/2.webp|https://basket-28.wbbasket.ru/vol5414/part541404/541404758/images/big/3.webp|https://basket-28.wbbasket.ru/vol5414/part541404/541404758/images/big/4.webp|https://basket-28.wbbasket.ru/vol5414/part541404/541404758/images/big/5.webp|https://basket-28.wbbasket.ru/vol5414/part541404/541404758/images/big/6.webp|https://basket-28.wbbasket.ru/vol5414/part541404/541404758/images/big/7.webp|https://basket-28.wbbasket.ru/vol5414/part541404/541404758/images/big/8.webp|https://basket-28.wbbasket.ru/vol5414/part541404/541404758/images/big/9.webp|https://basket-28.wbbasket.ru/vol5414/part541404/541404758/images/big/10.webp|https://basket-28.wbbasket.ru/vol5414/part541404/541404758/images/big/11.webp|https://basket-28.wbbasket.ru/vol5414/part541404/541404758/images/big/12.webp|https://basket-28.wbbasket.ru/vol5414/part541404/541404758/images/big/13.webp|https://basket-28.wbbasket.ru/vol5414/part541404/541404758/images/big/14.webp|https://basket-28.wbbasket.ru/vol5414/part541404/541404758/images/big/15.webp|https://basket-28.wbbasket.ru/vol5414/part541404/541404758/images/big/16.webp|https://basket-28.wbbasket.ru/vol5414/part541404/541404758/images/big/17.webp|https://basket-28.wbbasket.ru/vol5414/part541404/541404758/images/big/18.webp|https://basket-28.wbbasket.ru/vol5414/part541404/541404758/images/big/19.webp|https://basket-28.wbbasket.ru/vol5414/part541404/541404758/images/big/20.webp|https://basket-28.wbbasket.ru/vol5414/part541404/541404758/images/big/21.webp|https://basket-28.wbbasket.ru/vol5414/part541404/541404758/images/big/22.webp|https://basket-28.wbbasket.ru/vol5414/part541404/541404758/images/big/23.webp|https://basket-28.wbbasket.ru/vol5414/part541404/541404758/images/big/24.webp;24;ok
15;trendyol;15_trendyol;https://www.trendyol.com/en/oppo/a6-pro-5g-8-256-gb-star-blue-p-1056113783?choicennenabled=true;OppoA6 Pro 5g 8/256 Gb Star Blue;Oppo;Electronique;Smartphones;1189.95;AED;;https://cdn.dsmcdn.com/mnresize/300/-/sfint/production/flags/ae.png|https://cdn.dsmcdn.com/mnresize/620/920/ty1000312/product/media/images/prod/PIM/20260211/08/0eaec28a-8405-4d58-bcf1-94de76377059/1_org_zoom.jpg|https://cdn.dsmcdn.com/mnresize/620/920/ty1000318/product/media/images/prod/PIM/20260211/07/5dd1e97f-4c83-418b-a3d8-8cded5f23e73/1_org_zoom.jpg|https://cdn.dsmcdn.com/mnresize/620/920/ty1000317/product/media/images/prod/PIM/20260211/07/aaf23b83-2361-4365-a330-4d56fae46562/1_org_zoom.jpg|https://cdn.dsmcdn.com/mnresize/620/920/ty1000313/product/media/images/prod/PIM/20260211/08/86b03415-fa4e-43d1-9639-3aad580498b7/1_org_zoom.jpg|https://cdn.dsmcdn.com/mnresize/620/920/ty1000310/product/media/images/prod/PIM/20260211/07/d43d32ae-d35f-4f7c-bc54-63903c44c822/1_org_zoom.jpg|https://cdn.dsmcdn.com/mnresize/620/920/ty1000328/product/media/images/prod/PIM/20260211/07/3ed58062-f301-4ac8-926f-f3e21ccd3e1f/1_org_zoom.jpg|https://cdn.dsmcdn.com/mnresize/620/920/ty1000329/product/media/images/prod/PIM/20260211/07/8bc341bb-ff50-4a5e-a9a6-f1f4e42a81ab/1_org_zoom.jpg|https://cdn.dsmcdn.com/mnresize/620/920/ty1000319/product/media/images/prod/PIM/20260211/07/272f94e1-9029-46cb-8c5b-4b1dcc5288d6/1_org_zoom.jpg|https://cdn.dsmcdn.com/mobile/international/PaymentLogo/tamara_snippet_en.png|https://cdn.dsmcdn.com/mobile/international/PaymentLogo/Tabby_snippet_new.png|https://cdn.dsmcdn.com/mobile/international/PaymentLogo/cod-v4.png|https://cdn.dsmcdn.com/mnresize/30/30/mobile/reviewrating/kamera-emoji6x.png|https://cdn.dsmcdn.com/ty1000312/product/media/images/prod/PIM/20260211/08/0eaec28a-8405-4d58-bcf1-94de76377059/1_org_zoom.jpg|https://cdn.dsmcdn.com/sfweb-checkout/images/basket-icon_1751630173674.png|https://cdn.dsmcdn.com/mobile/international/PaymentLogo/Mastercard3x.png|https://cdn.dsmcdn.com/mobile/international/PaymentLogo/Visa3x.png|https://cdn.dsmcdn.com/mobile/international/PaymentLogo/Applepay3x.png|https://cdn.dsmcdn.com/mobile/international/PaymentLogo/tamara_logo_en.png|https://cdn.dsmcdn.com/mobile/international/PaymentLogo/Tabby_Basket_new.png|https://cdn.dsmcdn.com/mobile/international/PaymentLogo/gpay3x.png|https://cdn.dsmcdn.com/sfweb-browsing/images/footer-pci-dss.png|https://cdn.dsmcdn.com/sfweb-browsing/images/footer-iso.png;23;ok
15;daraz;15_daraz;https://www.daraz.pk/products/6-8256-302157-i933515040-s3990345630.html?c=&channelLpJumpArgs=&clickTrackInfo=query%253AOPPO%252BA6%252BPro%252B8%253Bnid%253A933515040%253Bsrc%253ALazadaMainSrp%253Brn%253Ab34fe1c6afedce3d46cbad0e3961246c%253Bregion%253Apk%253Bsku%253A933515040_PK%253Bprice%253A105000%253Bclient%253Adesktop%253Bsupplier_id%253A6005518800471%253Bsession_id%253A%253Bbiz_source%253Ah5_external%253Bslot%253A3%253Butlog_bucket_id%253A470687%253Basc_category_id%253A3%253Bitem_id%253A933515040%253Bsku_id%253A3990345630%253Bshop_id%253A2396681%253BtemplateInfo%253A-1_A3_C%2523&freeshipping=0&fs_ab=1&fuse_fs=&lang=en&location=Punjab&price=1.05E%205&priceCompare=skuId%3A3990345630%3Bsource%3Alazada-search-voucher%3Bsn%3Ab34fe1c6afedce3d46cbad0e3961246c%3BoriginPrice%3A10500000%3BdisplayPrice%3A10500000%3BisGray%3Afalse%3BsinglePromotionId%3A-1%3BsingleToolCode%3A-1%3BvoucherPricePlugin%3A0%3Btimestamp%3A1783298705179&ratingscore=&request_id=b34fe1c6afedce3d46cbad0e3961246c&review=&sale=0&search=1&source=search&spm=a2a0e.searchlist.list.3&stock=0;Carrefour MOB A6 PRO 8+256GB RED OPPO (302157);Carrefour;Electronique;Smartphones;105000;PKR;MOB A6 PRO 8+256GB RED OPPO (302157) MOB A6 PRO 8+256GB RED OPPO (302157) Specifications of Brand Carrefour SKU 933515040_PK-3990345630 Protection Not Specified Condition Brand New RAM Memory 8GB Number Of Cameras Not Specified Year Not Specified;https://static-01.daraz.pk/p/f529dba8ba884a3dcd8e03f43a2d86de.jpg;1;ok
16;jumia;16_jumia;https://www.jumia.ma/oppo-a6x-4go128go-chargeur-6100mah-de-batterie-endurante-60-mois-de-fluidite-ai-linkboost-30-ecran-120hz-charge-inversee-filaire-splash-touch-black-purple-67819571.html;A6X (4Go+128Go) + Chargeur - 6100mAh de batterie Endurante - 60 Mois de fluidité-AI LinkBoost 3,0 - Ecran 120Hz - Charge Inversée Filaire - Splash Touch - Black Purple;Oppo;Electronique;Smartphones;1699.00;MAD;"Écran 6.75 pouces HD+ avec taux de rafraîchissement 120Hz pour une navigation fluide
Batterie ultra grande capacité 6100 mAh pour une longue autonomie
Processeur Qualcomm Snapdragon 685 Octa-Core performant au quotidien
Double stockage disponible jusqu’à 256 Go avec extension mémoire externe
Appareil photo arrière 13 MP + caméra selfie 5 MP avec modes Nuit et Portrait
Double SIM, capteur d’empreinte latéral, reconnaissance faciale et port USB-C";https://ma.jumia.is/unsafe/fit-in/680x680/filters:fill(white)/product/17/591876/1.jpg?7027|https://ma.jumia.is/unsafe/fit-in/680x680/filters:fill(white)/product/17/591876/2.jpg?7027|https://ma.jumia.is/unsafe/fit-in/680x680/filters:fill(white)/product/17/591876/3.jpg?7027|https://ma.jumia.is/unsafe/fit-in/680x680/filters:fill(white)/product/17/591876/4.jpg?7027|https://ma.jumia.is/unsafe/fit-in/680x680/filters:fill(white)/product/17/591876/5.jpg?7027|https://ma.jumia.is/unsafe/fit-in/680x680/filters:fill(white)/product/17/591876/6.jpg?7027|https://ma.jumia.is/unsafe/fit-in/680x680/filters:fill(white)/product/17/591876/7.jpg?7027;7;ok
16;wildberries;16_wildberries;https://www.wildberries.ru/catalog/767040134/detail.aspx;Смартфон A6x 4/128 Ростест (EAC), темно-фиолетовый;oppo;Electronique;Smartphones;13181;RUB;;https://basket-35.wbbasket.ru/vol7670/part767040/767040134/images/big/1.webp|https://basket-35.wbbasket.ru/vol7670/part767040/767040134/images/big/2.webp|https://basket-35.wbbasket.ru/vol7670/part767040/767040134/images/big/3.webp|https://basket-35.wbbasket.ru/vol7670/part767040/767040134/images/big/4.webp|https://basket-35.wbbasket.ru/vol7670/part767040/767040134/images/big/5.webp|https://basket-35.wbbasket.ru/vol7670/part767040/767040134/images/big/6.webp|https://basket-35.wbbasket.ru/vol7670/part767040/767040134/images/big/7.webp|https://basket-35.wbbasket.ru/vol7670/part767040/767040134/images/big/8.webp|https://basket-35.wbbasket.ru/vol7670/part767040/767040134/images/big/9.webp|https://basket-35.wbbasket.ru/vol7670/part767040/767040134/images/big/10.webp|https://basket-35.wbbasket.ru/vol7670/part767040/767040134/images/big/11.webp|https://basket-35.wbbasket.ru/vol7670/part767040/767040134/images/big/12.webp|https://basket-35.wbbasket.ru/vol7670/part767040/767040134/images/big/13.webp|https://basket-35.wbbasket.ru/vol7670/part767040/767040134/images/big/14.webp|https://basket-35.wbbasket.ru/vol7670/part767040/767040134/images/big/15.webp|https://basket-35.wbbasket.ru/vol7670/part767040/767040134/images/big/16.webp|https://basket-35.wbbasket.ru/vol7670/part767040/767040134/images/big/17.webp|https://basket-35.wbbasket.ru/vol7670/part767040/767040134/images/big/18.webp|https://basket-35.wbbasket.ru/vol7670/part767040/767040134/images/big/19.webp;19;ok
16;trendyol;16_trendyol;https://www.trendyol.com/en/oppo/a6x-4g-256gb-4gb-ram-plum-purple-dual-sim-smartphone-p-1083986590;Oppo A6x 4G 256GB 4GB RAM Plum Purple Dual Sim Smartphone;Oppo;Electronique;Smartphones;632.61;AED;;https://cdn.dsmcdn.com/ty1810/prod/QC_PREP/20260113/11/2eff2050-4ef3-3546-908b-280f2999ca7a/1_org_zoom.jpg|https://cdn.dsmcdn.com/ty1811/prod/QC_PREP/20260113/11/27569d84-c37a-3f3d-a0e3-d1bf11994646/1_org_zoom.jpg|https://cdn.dsmcdn.com/ty1809/prod/QC_PREP/20260113/11/4d89ff7b-c669-305d-a85b-fbd376edcb00/1_org_zoom.jpg|https://cdn.dsmcdn.com/ty1810/prod/QC_PREP/20260113/11/83584221-31b8-3e9d-bcda-5d621bd6b4c8/1_org_zoom.jpg|https://cdn.dsmcdn.com/ty1810/prod/QC_PREP/20260113/11/26f3154d-db3a-36cd-9552-fe71b4c2ec37/1_org_zoom.jpg|https://cdn.dsmcdn.com/ty1811/prod/QC_PREP/20260113/11/f950cf86-af21-3243-b4fe-bf6527f260b4/1_org_zoom.jpg|https://cdn.dsmcdn.com/ty1811/prod/QC_PREP/20260113/11/7a5c346d-dfc7-33c5-86d6-a86c1fd52712/1_org_zoom.jpg;7;ok
16;daraz;16_daraz;https://www.daraz.pk/products/oppo-a6x-4gb128gb-i1961281293-s14030578374.html?c=&channelLpJumpArgs=&clickTrackInfo=query%253AOppo%252BA6X%253Bnid%253A1961281293%253Bsrc%253ALazadaMainSrp%253Brn%253A6741d7d6f6ed33a7d7f08aee892b5f39%253Bregion%253Apk%253Bsku%253A1961281293_PK%253Bprice%253A41998%253Bclient%253Adesktop%253Bsupplier_id%253A1000000%253Bsession_id%253A%253Bbiz_source%253Ah5_external%253Bslot%253A0%253Butlog_bucket_id%253A470687%253Basc_category_id%253A3%253Bitem_id%253A1961281293%253Bsku_id%253A14030578374%253Bshop_id%253A2277616%253BtemplateInfo%253A&freeshipping=1&fs_ab=1&fuse_fs=&lang=en&location=Punjab&price=41998&priceCompare=skuId%3A14030578374%3Bsource%3Alazada-search-voucher%3Bsn%3A6741d7d6f6ed33a7d7f08aee892b5f39%3BoriginPrice%3A4199800%3BdisplayPrice%3A4199800%3BisGray%3Afalse%3BsinglePromotionId%3A50000075583001%3BsingleToolCode%3AflashSale%3BvoucherPricePlugin%3A0%3Btimestamp%3A1783298890593&qSellingPoint=b--oppo___p--a6x&ratingscore=&request_id=6741d7d6f6ed33a7d7f08aee892b5f39&review=&sale=0&search=1&source=search&spm=a2a0e.searchlist.list.0&stock=1;Oppo A6x 4GB+128GB;OPPO Pakistan Official;Electronique;Smartphones;41999;PKR;;https://static-01.daraz.pk/p/6bb4665388b12d2d10aae1dd187a67e0.jpg|https://static-01.daraz.pk/p/cf941a489138071dd1853aff7bebc6ef.jpg|https://static-01.daraz.pk/p/9032c832b80f6e60a92d50325a5cf831.jpg|https://static-01.daraz.pk/p/4b05485cf0553e91302192c59ecc7854.jpg;4;ok
17;jumia;17_jumia;https://www.jumia.ma/infinix-hot-60-pro-plus-6.7-256go-rom-8gb-jusqua-16go-amoled-144hz-50mp-5160-mah45w-sleek-black-67197491.html;"HOT 60 Pro Plus - 6.7"" (256Go ROM / 8GB jusqu'à 16Go) Amoled 144Hz - 50MP - 5160 MAh/45W - Sleek Black";Infinix;Electronique;Smartphones;2299.00;MAD;"ROM : 256 GORAM : 8 GO jusqu'à 16 GoTAILLE : 6,7""Caméra frontale : 13 MPCaméra dorsale : Triple Caméra 50 MP Batterie : 5160mAh/45W";https://ma.jumia.is/unsafe/fit-in/680x680/filters:fill(white)/product/19/479176/1.jpg?5507|https://ma.jumia.is/unsafe/fit-in/680x680/filters:fill(white)/product/19/479176/2.jpg?5507|https://ma.jumia.is/unsafe/fit-in/680x680/filters:fill(white)/product/19/479176/3.jpg?5507|https://ma.jumia.is/unsafe/fit-in/680x680/filters:fill(white)/product/19/479176/4.jpg?5507|https://ma.jumia.is/unsafe/fit-in/680x680/filters:fill(white)/product/19/479176/5.jpg?5507;5;ok
17;wildberries;17_wildberries;https://www.wildberries.ru/catalog/478360207/detail.aspx;Смартфон HOT 60 Pro X6885 256+8 TITANIUM SILVER;Infinix;Electronique;Smartphones;21539.44;RUB;;https://basket-26.wbbasket.ru/vol4783/part478360/478360207/images/big/1.webp;1;ok
17;trendyol;17_trendyol;https://www.trendyol.com/en/infinix/hot-60i-4g-4g-smartphone-4-gb-ram-128-gb-storage-titanium-silver-p-1113119445;INFINIXHot 60i 4G 4G Smartphone, 4 GB RAM, 128 GB Storage, Titanium Silver;INFINIX;Electronique;Smartphones;399.00;AED;;https://cdn.dsmcdn.com/mnresize/300/-/sfint/production/flags/ae.png|https://cdn.dsmcdn.com/mnresize/620/920/ty1898/prod/QC_PREP/20260602/09/7f858f2b-b41d-3b81-9dd7-3161bdda0fd2/1_org_zoom.jpg|https://cdn.dsmcdn.com/mnresize/620/920/ty1894/prod/QC_PREP/20260602/09/a577a320-40d4-3e91-9695-e352f1a103c1/1_org_zoom.jpg|https://cdn.dsmcdn.com/mnresize/128/-/indexing-sticker-stamp/mars/f5a86130-7b62-457e-8562-25db0fb7f1be.png|https://cdn.dsmcdn.com/mnresize/620/920/ty1905/prod/QC_PREP/20260602/09/a5ae2d00-3787-37c3-ba26-c3678ccf9e54/1_org_zoom.jpg|https://cdn.dsmcdn.com/mnresize/620/920/ty1920/prod/QC_PREP/20260602/09/3314989d-08a3-33ba-bd6a-312a1d759840/1_org_zoom.jpg|https://cdn.dsmcdn.com/mnresize/620/920/ty1920/prod/QC_PREP/20260602/09/7d174d27-67a8-32c9-95af-2cb48970f90b/1_org_zoom.jpg|https://cdn.dsmcdn.com/mnresize/620/920/ty1909/prod/QC_PREP/20260602/09/96df54be-4722-376c-a311-ba5ddec15f01/1_org_zoom.jpg|https://cdn.dsmcdn.com/mnresize/620/920/ty1911/prod/QC_PREP/20260602/09/16130d83-6c81-3e11-81ef-06e7580f3e2d/1_org_zoom.jpg|https://cdn.dsmcdn.com/mnresize/620/920/ty1935/prod/QC_PREP/20260602/09/128d8450-a4d2-347c-85b8-2dc783f9999b/1_org_zoom.jpg|https://cdn.dsmcdn.com/mobile/international/PaymentLogo/tamara_snippet_en.png|https://cdn.dsmcdn.com/mobile/international/PaymentLogo/Tabby_snippet_new.png|https://cdn.dsmcdn.com/ty1898/prod/QC_PREP/20260602/09/7f858f2b-b41d-3b81-9dd7-3161bdda0fd2/1_org_zoom.jpg|https://cdn.dsmcdn.com/sfweb-checkout/images/basket-icon_1751630173674.png|https://cdn.dsmcdn.com/mobile/international/PaymentLogo/Mastercard3x.png|https://cdn.dsmcdn.com/mobile/international/PaymentLogo/Visa3x.png|https://cdn.dsmcdn.com/mobile/international/PaymentLogo/Applepay3x.png|https://cdn.dsmcdn.com/mobile/international/PaymentLogo/tamara_logo_en.png|https://cdn.dsmcdn.com/mobile/international/PaymentLogo/Tabby_Basket_new.png|https://cdn.dsmcdn.com/mobile/international/PaymentLogo/cod-v4.png|https://cdn.dsmcdn.com/mobile/international/PaymentLogo/gpay3x.png|https://cdn.dsmcdn.com/sfweb-browsing/images/footer-pci-dss.png|https://cdn.dsmcdn.com/sfweb-browsing/images/footer-iso.png;23;ok
17;daraz;17_daraz;https://www.daraz.pk/products/60-8-256-50-13-i915156048-s3988627211.html?c=&channelLpJumpArgs=&clickTrackInfo=query%253AInfinix%252BHOT%252B60%252BPro%252BPlus%253Bnid%253A915156048%253Bsrc%253ALazadaMainSrp%253Brn%253A82a5acf89e5f849994f668fb57595c02%253Bregion%253Apk%253Bsku%253A915156048_PK%253Bprice%253A109999%253Bclient%253Adesktop%253Bsupplier_id%253A6005012832316%253Bsession_id%253A%253Bbiz_source%253Ah5_external%253Bslot%253A1%253Butlog_bucket_id%253A470687%253Basc_category_id%253A3%253Bitem_id%253A915156048%253Bsku_id%253A3988627211%253Bshop_id%253A482819%253BtemplateInfo%253A&freeshipping=0&fs_ab=1&fuse_fs=&lang=en&location=Punjab&price=109999&priceCompare=skuId%3A3988627211%3Bsource%3Alazada-search-voucher%3Bsn%3A82a5acf89e5f849994f668fb57595c02%3BoriginPrice%3A10999900%3BdisplayPrice%3A10999900%3BisGray%3Afalse%3BsinglePromotionId%3A-1%3BsingleToolCode%3A-1%3BvoucherPricePlugin%3A0%3Btimestamp%3A1783300209073&qSellingPoint=p--hot%2060%20pro%20plus___b--infinix&ratingscore=&request_id=82a5acf89e5f849994f668fb57595c02&review=&sale=0&search=1&source=search&spm=a2a0e.searchlist.list.1&stock=1;Infinix Hot 60 Pro Plus, 8GB RAM + 256GB Storage 50MP Camera + 13MP Selfie;Infinix;Electronique;Smartphones;109999;PKR;;https://static-01.daraz.pk/p/e13733805b312fd258056c9e88efdf6d.jpg|https://static-01.daraz.pk/p/f9392e0195247d756253c1046584c2bf.jpg|https://static-01.daraz.pk/p/7c36afdaaf0d326bf030c948b4fa35a1.jpg|https://static-01.daraz.pk/p/4da5a137071d2f3100e1c80ba1691977.jpg|https://static-01.daraz.pk/p/7a35b90a81253780658531538affd75e.jpg;5;ok
18;jumia;18_jumia;https://www.jumia.ma/infinix-hot-60-pro-smartphone-4g-8-go-ram-256-go-rom-ecran-678-fhd-120hz-batterie-5000-mah-double-sim-noir-67296351.html;"HOT 60 Pro – Smartphone 4G – 8 Go RAM + 256 Go ROM – Écran 6,78"" FHD+ 120Hz – Batterie 5000 mAh – Double SIM – Noir";Infinix;Electronique;Smartphones;2330.00;MAD;"???? Écran 6,78"" FHD+ 120Hz : navigation et gaming ultra fluides⚡ 8 Go RAM + 256 Go ROM : rapidité et stockage massif???? Batterie 5000 mAh : autonomie longue durée???? Optimisé pour le gaming et le multitâche???? Double SIM 4G : pratique pour séparer travail et personnel";https://ma.jumia.is/unsafe/fit-in/680x680/filters:fill(white)/product/15/369276/1.jpg?5400;1;ok
18;wildberries;18_wildberries;https://www.wildberries.ru/catalog/1181547376/detail.aspx;Смартфон Infinix HOT 50 6/256 ГБ;Infinix;Electronique;Smartphones;17976;RUB;;https://basket-43.wbbasket.ru/vol11815/part1181547/1181547376/images/big/1.webp|https://basket-43.wbbasket.ru/vol11815/part1181547/1181547376/images/big/2.webp|https://basket-43.wbbasket.ru/vol11815/part1181547/1181547376/images/big/3.webp|https://basket-43.wbbasket.ru/vol11815/part1181547/1181547376/images/big/4.webp|https://basket-43.wbbasket.ru/vol11815/part1181547/1181547376/images/big/5.webp|https://basket-43.wbbasket.ru/vol11815/part1181547/1181547376/images/big/6.webp|https://basket-43.wbbasket.ru/vol11815/part1181547/1181547376/images/big/7.webp|https://basket-43.wbbasket.ru/vol11815/part1181547/1181547376/images/big/8.webp|https://basket-43.wbbasket.ru/vol11815/part1181547/1181547376/images/big/9.webp|https://basket-43.wbbasket.ru/vol11815/part1181547/1181547376/images/big/10.webp|https://basket-43.wbbasket.ru/vol11815/part1181547/1181547376/images/big/11.webp|https://basket-43.wbbasket.ru/vol11815/part1181547/1181547376/images/big/12.webp|https://basket-43.wbbasket.ru/vol11815/part1181547/1181547376/images/big/13.webp|https://basket-43.wbbasket.ru/vol11815/part1181547/1181547376/images/big/14.webp;14;ok
18;trendyol;18_trendyol;https://www.trendyol.com/en/infinix/hot-60-pro-4g-smartphone-8-gb-ram-256-gb-storage-sleek-black-p-963227717;INFINIX Hot 60 Pro+ 4G Smartphone, 8 GB RAM, 256 GB Storage, Sleek Black;INFINIX;Electronique;Smartphones;749.00;AED;;https://cdn.dsmcdn.com/ty1910/prod/QC_PREP/20260627/10/a540b2d6-090c-3be3-9c42-0692f76cbb29/1_org_zoom.jpg|https://cdn.dsmcdn.com/ty1904/prod/QC_PREP/20260627/10/75603ad6-73d1-341b-9a4f-447e3e9cb840/1_org_zoom.jpg|https://cdn.dsmcdn.com/ty1897/prod/QC_PREP/20260627/10/3c7b2107-8928-398e-bbc4-f5c568d51c7c/1_org_zoom.jpg|https://cdn.dsmcdn.com/ty1933/prod/QC_PREP/20260627/10/41b0ab91-26f4-3f5c-9c4e-86cd8c8830e9/1_org_zoom.jpg|https://cdn.dsmcdn.com/ty1891/prod/QC_PREP/20260627/10/7c71486a-1ee2-3c78-a5aa-bfd0984c0791/1_org_zoom.jpg|https://cdn.dsmcdn.com/ty1920/prod/QC_PREP/20260627/10/d82a5d48-2d6a-3490-a72d-3cc5c7fb5b02/1_org_zoom.jpg|https://cdn.dsmcdn.com/ty1905/prod/QC_PREP/20260627/10/6733a076-9559-3167-8707-af7a451f39d0/1_org_zoom.jpg|https://cdn.dsmcdn.com/ty1915/prod/QC_PREP/20260627/10/fe0390c2-88b7-3612-9d29-28964bf2ed72/1_org_zoom.jpg;8;ok
18;daraz;18_daraz;https://www.daraz.pk/products/50-8gb-128gb-678-ips-120hz-5000-mah-18-i825584180-s3756174229.html?c=&channelLpJumpArgs=&clickTrackInfo=query%253AInfinix%252BHOT%252B50%253Bnid%253A825584180%253Bsrc%253ALazadaMainSrp%253Brn%253A2e30e6bc76b733915b0b723c47ddeb19%253Bregion%253Apk%253Bsku%253A825584180_PK%253Bprice%253A67999%253Bclient%253Adesktop%253Bsupplier_id%253A6005435360055%253Bsession_id%253A%253Bbiz_source%253Ah5_external%253Bslot%253A0%253Butlog_bucket_id%253A470687%253Basc_category_id%253A3%253Bitem_id%253A825584180%253Bsku_id%253A3756174229%253Bshop_id%253A2207986%253BtemplateInfo%253A&freeshipping=0&fs_ab=1&fuse_fs=&lang=en&location=Punjab&price=67999&priceCompare=skuId%3A3756174229%3Bsource%3Alazada-search-voucher%3Bsn%3A2e30e6bc76b733915b0b723c47ddeb19%3BoriginPrice%3A6799900%3BdisplayPrice%3A6799900%3BisGray%3Afalse%3BsinglePromotionId%3A-1%3BsingleToolCode%3AmockedSalePrice%3BvoucherPricePlugin%3A0%3Btimestamp%3A1783300538534&qSellingPoint=b--infinix___p--hot%2050&ratingscore=5.0&request_id=2e30e6bc76b733915b0b723c47ddeb19&review=2&sale=3&search=1&source=search&spm=a2a0e.searchlist.list.0&stock=1;Infinix Hot 50 8GB + 128GB , 6.78 Inches IPS Display 120Hz , 5000 mAh Battery  - 18W wired,;No Brand;Electronique;Smartphones;67999;PKR;;https://static-01.daraz.pk/p/b7c368742e78db6a66e18b34e1a26eca.jpg|https://static-01.daraz.pk/p/5b5c9774151db8c22110a991712a8a36.png|https://static-01.daraz.pk/p/6da3b8ef0e1d1d96a655c50363d0438b.jpg|https://static-01.daraz.pk/p/f958b78dc44fd4cab6c7f427cb5e815c.png|https://static-01.daraz.pk/p/9b9d2ce3e5cff8e47b2f40b52a7b9a0a.jpg;5;ok
19;jumia;19_jumia;https://www.jumia.ma/tecno-spark-40-pro-678-256gb-8gb-noir-67293500.html;"SPARK 40 Pro 6,78"" – 256GB + 8GB – Noir";Tecno;Electronique;Smartphones;1930.00;MAD;"Syst&egrave;me d&#39;exploitation : Android 15
	Processeur : MediaTek Helio 100 Ultimate
	&Eacute;cran : &Eacute;cran flexible AMOLED 144 Hz de 6,78&quot;
	R&eacute;solution : 1 224*2 720
	Appareil photo : Avant : 13 MP
	Arri&egrave;re : 50 MP, double flash arri&egrave;re
	M&eacute;moire : 256&nbsp;Go + 8&nbsp;Go";https://ma.jumia.is/unsafe/fit-in/680x680/filters:fill(white)/product/00/539276/1.jpg?0696|https://ma.jumia.is/unsafe/fit-in/680x680/filters:fill(white)/product/00/539276/2.jpg?1061|https://ma.jumia.is/unsafe/fit-in/680x680/filters:fill(white)/product/00/539276/3.jpg?1674;3;ok
19;wildberries;19_wildberries;https://www.wildberries.ru/catalog/480686658/detail.aspx;Смартфон SPARK 40 Pro 8+256GB Lake Blue, Ростест;TECNO;Electronique;Smartphones;30200.07;RUB;;https://basket-26.wbbasket.ru/vol4806/part480686/480686658/images/big/1.webp|https://basket-26.wbbasket.ru/vol4806/part480686/480686658/images/big/2.webp|https://basket-26.wbbasket.ru/vol4806/part480686/480686658/images/big/3.webp|https://basket-26.wbbasket.ru/vol4806/part480686/480686658/images/big/4.webp|https://basket-26.wbbasket.ru/vol4806/part480686/480686658/images/big/5.webp|https://basket-26.wbbasket.ru/vol4806/part480686/480686658/images/big/6.webp|https://basket-26.wbbasket.ru/vol4806/part480686/480686658/images/big/7.webp|https://basket-26.wbbasket.ru/vol4806/part480686/480686658/images/big/8.webp|https://basket-26.wbbasket.ru/vol4806/part480686/480686658/images/big/9.webp|https://basket-26.wbbasket.ru/vol4806/part480686/480686658/images/big/10.webp|https://basket-26.wbbasket.ru/vol4806/part480686/480686658/images/big/11.webp|https://basket-26.wbbasket.ru/vol4806/part480686/480686658/images/big/12.webp|https://basket-26.wbbasket.ru/vol4806/part480686/480686658/images/big/13.webp|https://basket-26.wbbasket.ru/vol4806/part480686/480686658/images/big/14.webp|https://basket-26.wbbasket.ru/vol4806/part480686/480686658/images/big/15.webp|https://basket-26.wbbasket.ru/vol4806/part480686/480686658/images/big/16.webp|https://basket-26.wbbasket.ru/vol4806/part480686/480686658/images/big/17.webp|https://basket-26.wbbasket.ru/vol4806/part480686/480686658/images/big/18.webp|https://basket-26.wbbasket.ru/vol4806/part480686/480686658/images/big/19.webp|https://basket-26.wbbasket.ru/vol4806/part480686/480686658/images/big/20.webp|https://basket-26.wbbasket.ru/vol4806/part480686/480686658/images/big/21.webp|https://basket-26.wbbasket.ru/vol4806/part480686/480686658/images/big/22.webp|https://basket-26.wbbasket.ru/vol4806/part480686/480686658/images/big/23.webp|https://basket-26.wbbasket.ru/vol4806/part480686/480686658/images/big/24.webp|https://basket-26.wbbasket.ru/vol4806/part480686/480686658/images/big/25.webp|https://basket-26.wbbasket.ru/vol4806/part480686/480686658/images/big/26.webp|https://basket-26.wbbasket.ru/vol4806/part480686/480686658/images/big/27.webp;27;ok
19;trendyol;19_trendyol;https://www.trendyol.com/tecno/spark-40-pro-8-256-gb-akilli-telefon-titanyum-p-985350705?boutiqueId=61&merchantId=1234143;TECNOSpark 40 Pro 8/256 Gb Smartphone Titanium;TECNO;Electronique;Smartphones;2199.10;AED;;https://cdn.dsmcdn.com/mnresize/300/-/sfint/production/flags/ae.png|https://cdn.dsmcdn.com/mnresize/620/920/ty1749/prod/QC_PREP/20250910/10/2a2f9e50-fa52-39d0-967e-ac58145e2d4f/1_org_zoom.jpg|https://cdn.dsmcdn.com/mnresize/620/920/ty1754/prod/QC_PREP/20250910/21/cb21e088-8ec5-34d0-b801-e404d38724e1/1_org_zoom.jpg|https://cdn.dsmcdn.com/mnresize/620/920/ty1749/prod/QC_PREP/20250910/10/49c00736-5782-3237-80d0-ddd1544531a7/1_org_zoom.jpg|https://cdn.dsmcdn.com/mnresize/620/920/ty1749/prod/QC_PREP/20250910/10/631169bc-6f7f-3908-b6a5-04a3239d3f2d/1_org_zoom.jpg|https://cdn.dsmcdn.com/mnresize/620/920/ty1754/prod/QC_PREP/20250910/21/a766f022-3233-314e-8c58-efd68d73b721/1_org_zoom.jpg|https://cdn.dsmcdn.com/mnresize/620/920/ty1750/prod/QC_PREP/20250910/10/56f5eed8-f7fb-31d7-ab81-c546cbd02917/1_org_zoom.jpg|https://cdn.dsmcdn.com/mnresize/620/920/ty1752/prod/QC_PREP/20250910/21/eec46b11-7dac-37ff-9ba2-d64343a9def4/1_org_zoom.jpg|https://cdn.dsmcdn.com/mnresize/30/30/mobile/reviewrating/kamera-emoji6x.png|https://cdn.dsmcdn.com/mnresize/30/30/mobile/pdp/Additional/orange-heart_1f9e1.png|https://cdn.dsmcdn.com/mobile/international/PaymentLogo/tamara_snippet_en.png|https://cdn.dsmcdn.com/mobile/international/PaymentLogo/Tabby_snippet_new.png|https://cdn.dsmcdn.com/mobile/international/PaymentLogo/cod-v4.png|https://cdn.dsmcdn.com/mnresize/34/34/indexing-sticker-stamp/stage/4b0d7ef1-8e8f-4c8f-b1c7-637e432ea2b4.png|https://cdn.dsmcdn.com/ty1749/prod/QC_PREP/20250910/10/2a2f9e50-fa52-39d0-967e-ac58145e2d4f/1_org_zoom.jpg|https://cdn.dsmcdn.com/sfweb-checkout/images/basket-icon_1751630173674.png|https://cdn.dsmcdn.com/mobile/international/PaymentLogo/Mastercard3x.png|https://cdn.dsmcdn.com/mobile/international/PaymentLogo/Visa3x.png|https://cdn.dsmcdn.com/mobile/international/PaymentLogo/Applepay3x.png|https://cdn.dsmcdn.com/mobile/international/PaymentLogo/tamara_logo_en.png|https://cdn.dsmcdn.com/mobile/international/PaymentLogo/Tabby_Basket_new.png|https://cdn.dsmcdn.com/mobile/international/PaymentLogo/gpay3x.png|https://cdn.dsmcdn.com/sfweb-browsing/images/footer-pci-dss.png|https://cdn.dsmcdn.com/sfweb-browsing/images/footer-iso.png;24;ok
19;daraz;19_daraz;https://www.daraz.pk/products/40-8gb-256gb-678-mah-45-pta-1-i932120552-s3988505274.html?c=&channelLpJumpArgs=&clickTrackInfo=query%253ATECNO%252BSPARK%252B40%252BPRO%253Bnid%253A932120552%253Bsrc%253ALazadaMainSrp%253Brn%253Ad96c58d659071028faee3bb6f3b10464%253Bregion%253Apk%253Bsku%253A932120552_PK%253Bprice%253A63980%253Bclient%253Adesktop%253Bsupplier_id%253A1096030%253Bsession_id%253A%253Bbiz_source%253Ah5_external%253Bslot%253A4%253Butlog_bucket_id%253A470687%253Basc_category_id%253A3%253Bitem_id%253A932120552%253Bsku_id%253A3988505274%253Bshop_id%253A206899%253BtemplateInfo%253A&freeshipping=0&fs_ab=1&fuse_fs=&lang=en&location=Punjab&price=6.398E%204&priceCompare=skuId%3A3988505274%3Bsource%3Alazada-search-voucher%3Bsn%3Ad96c58d659071028faee3bb6f3b10464%3BoriginPrice%3A6398000%3BdisplayPrice%3A6398000%3BisGray%3Afalse%3BsinglePromotionId%3A-1%3BsingleToolCode%3AmockedSalePrice%3BvoucherPricePlugin%3A0%3Btimestamp%3A1783301958991&qSellingPoint=b--tecno___p--spark%2040%20pro&ratingscore=&request_id=d96c58d659071028faee3bb6f3b10464&review=&sale=0&search=1&source=search&spm=a2a0e.searchlist.list.4&stock=1;Tecno Spark 40 Pro - 8GB RAM 256GB ROM 6.78'' AMOLED Display 5200mAh Battery 45w Super Charge PTA Approved 1 Year Official Brand Warranty;TECNO;Electronique;Smartphones;65980;PKR;;https://static-01.daraz.pk/p/91f16957fa3f77ff93ef1fe016b158d2.png|https://static-01.daraz.pk/p/ea52150a4a4fb827bdfa97021712750f.png|https://static-01.daraz.pk/p/baa1dda9036323ca853cdb080727cebe.png|https://static-01.daraz.pk/p/b9b7968e1351d67f0eba015820d49398.png|https://static-01.daraz.pk/p/4cd027f7c5e25c79e2bfc1027d707171.png|https://static-01.daraz.pk/p/30a0a7260a8b6334889557a2a397b0bb.png;6;ok
20;jumia;20_jumia;https://www.jumia.ma/vivo-y04-6.7-128go-rom-4gb-jusqua-8go-green-67659793.html;"Y04 - 6.7"" - 128Go ROM + 4GB jusqu'à 8Go - Green";vivo;Electronique;Smartphones;1199.00;MAD;Système d'exploitation : Funtouch OS 14Version Android : Android 14Indice de protection IP : IP64RAM & ROM : 4 Go + 128 GoBatterie : 5500 mAh (TYPE)Puissance de chargement : 15 WTaille : 6,74 poucesRésolution : 1600 x 720Caméra : Avant 5 MP/Arrière 13 MP + 0,08 MP;https://ma.jumia.is/unsafe/fit-in/680x680/filters:fill(white)/product/39/795676/1.jpg?8983|https://ma.jumia.is/unsafe/fit-in/680x680/filters:fill(white)/product/39/795676/2.jpg?8983|https://ma.jumia.is/unsafe/fit-in/680x680/filters:fill(white)/product/39/795676/3.jpg?8983;3;ok
20;wildberries;20_wildberries;https://www.wildberries.ru/catalog/365785927/detail.aspx;Смартфон vivo Y04 4+128 Гб, Титановое Сияние;VIVO;Electronique;Smartphones;9215;RUB;;https://basket-21.wbbasket.ru/vol3657/part365785/365785927/images/big/1.webp|https://basket-21.wbbasket.ru/vol3657/part365785/365785927/images/big/2.webp|https://basket-21.wbbasket.ru/vol3657/part365785/365785927/images/big/3.webp|https://basket-21.wbbasket.ru/vol3657/part365785/365785927/images/big/4.webp|https://basket-21.wbbasket.ru/vol3657/part365785/365785927/images/big/5.webp|https://basket-21.wbbasket.ru/vol3657/part365785/365785927/images/big/6.webp|https://basket-21.wbbasket.ru/vol3657/part365785/365785927/images/big/7.webp|https://basket-21.wbbasket.ru/vol3657/part365785/365785927/images/big/8.webp|https://basket-21.wbbasket.ru/vol3657/part365785/365785927/images/big/9.webp|https://basket-21.wbbasket.ru/vol3657/part365785/365785927/images/big/10.webp|https://basket-21.wbbasket.ru/vol3657/part365785/365785927/images/big/11.webp|https://basket-21.wbbasket.ru/vol3657/part365785/365785927/images/big/12.webp|https://basket-21.wbbasket.ru/vol3657/part365785/365785927/images/big/13.webp|https://basket-21.wbbasket.ru/vol3657/part365785/365785927/images/big/14.webp|https://basket-21.wbbasket.ru/vol3657/part365785/365785927/images/big/15.webp|https://basket-21.wbbasket.ru/vol3657/part365785/365785927/images/big/16.webp|https://basket-21.wbbasket.ru/vol3657/part365785/365785927/images/big/17.webp|https://basket-21.wbbasket.ru/vol3657/part365785/365785927/images/big/18.webp|https://basket-21.wbbasket.ru/vol3657/part365785/365785927/images/big/19.webp|https://basket-21.wbbasket.ru/vol3657/part365785/365785927/images/big/20.webp|https://basket-21.wbbasket.ru/vol3657/part365785/365785927/images/big/21.webp|https://basket-21.wbbasket.ru/vol3657/part365785/365785927/images/big/22.webp|https://basket-21.wbbasket.ru/vol3657/part365785/365785927/images/big/23.webp|https://basket-21.wbbasket.ru/vol3657/part365785/365785927/images/big/24.webp|https://basket-21.wbbasket.ru/vol3657/part365785/365785927/images/big/25.webp|https://basket-21.wbbasket.ru/vol3657/part365785/365785927/images/big/26.webp|https://basket-21.wbbasket.ru/vol3657/part365785/365785927/images/big/27.webp;27;ok
20;trendyol;20_trendyol;https://www.trendyol.com/en/vivo/y04s-4g-smartphone-6-gb-ram-256-gb-storage-violet-p-1045076557;vivo Y04S 4G Smartphone, 6 GB RAM, 256 GB Storage, Violet;vivo;Electronique;Smartphones;599.00;AED;;https://cdn.dsmcdn.com/ty1891/prod/QC_PREP/20260518/08/0bc0137b-b713-35f6-816b-dac4a0d1a95e/1_org_zoom.jpg|https://cdn.dsmcdn.com/ty1943/prod/QC_PREP/20260518/08/e05fcb3e-c1d7-3383-a15c-ef71d8e1e690/1_org_zoom.jpg|https://cdn.dsmcdn.com/ty1913/prod/QC_PREP/20260518/08/042f87c8-1873-3a62-9db4-796e5b8d825a/1_org_zoom.jpg|https://cdn.dsmcdn.com/ty1893/prod/QC_PREP/20260518/08/9360227a-5e4b-38ef-9cb2-3077cb47cf75/1_org_zoom.jpg|https://cdn.dsmcdn.com/ty1927/prod/QC_PREP/20260518/08/a82e796b-155f-3a2e-bd64-f3f8c995a53c/1_org_zoom.jpg|https://cdn.dsmcdn.com/ty1943/prod/QC_PREP/20260518/08/81471c55-9ba4-3eef-9317-8471685d1d4c/1_org_zoom.jpg|https://cdn.dsmcdn.com/ty1906/prod/QC_PREP/20260518/08/19c81256-6f94-300a-b6fe-b61d6ea76be5/1_org_zoom.jpg|https://cdn.dsmcdn.com/ty1904/prod/QC_PREP/20260518/08/1a375ba7-d908-3323-bdc8-564a71c4e01c/1_org_zoom.jpg;8;ok
20;daraz;20_daraz;https://www.daraz.pk/products/4gb-y04-64gb-1-mah-pta-1-i725039068-s3414627083.html?c=&channelLpJumpArgs=&clickTrackInfo=query%253Avivo%252BY04%253Bnid%253A725039068%253Bsrc%253ALazadaMainSrp%253Brn%253A978a63d879d321dbf64381069c0fefde%253Bregion%253Apk%253Bsku%253A725039068_PK%253Bprice%253A41980%253Bclient%253Adesktop%253Bsupplier_id%253A1096030%253Bsession_id%253A%253Bbiz_source%253Ah5_external%253Bslot%253A0%253Butlog_bucket_id%253A470687%253Basc_category_id%253A3%253Bitem_id%253A725039068%253Bsku_id%253A3414627083%253Bshop_id%253A206899%253BtemplateInfo%253A&freeshipping=0&fs_ab=1&fuse_fs=&lang=en&location=Punjab&price=4.198E%204&priceCompare=skuId%3A3414627083%3Bsource%3Alazada-search-voucher%3Bsn%3A978a63d879d321dbf64381069c0fefde%3BoriginPrice%3A4198000%3BdisplayPrice%3A4198000%3BisGray%3Afalse%3BsinglePromotionId%3A-1%3BsingleToolCode%3AmockedSalePrice%3BvoucherPricePlugin%3A0%3Btimestamp%3A1783302887434&qSellingPoint=b--vivo___p--y04&ratingscore=&request_id=978a63d879d321dbf64381069c0fefde&review=&sale=2&search=1&source=search&spm=a2a0e.searchlist.list.0&stock=1;Vivo Y04 - 6.74'' Dispaly 4GB RAM 128GB ROM 5500mAh Battery PTA Approved 1 Year Official Brand Warranty;Vivo;Electronique;Smartphones;41980;PKR;PTA Approved 5500 mAh Battery Durable Battery Side-Mounted Fingerprint Anti-Drop Design IP64 Dust & Water Resistance YSO Cool SGS and Military-Grade Shock Resistance 4GB RAM 128GB ROM Basic Color Jade Green Titanium Gold Ingress Protection Rating IP64 Operating System Funtouch OS 14 Android Version Android 14 Platform Processor T7225 CPU Core Count 8 Process Node 12 nm CPU Clock Speed 2 × 1.8 GHz + 6 × 1.8 GHz Storage RAM & ROM 4 GB + 128 GB RAM Type LPDDR4X ROM Type eMMC 5.1 Expandable RAM Capacity 4 GB Expandable ROM Capacity 2 TB Battery Battery 5500 mAh (TYP) Charging Power 15W Battery Type Li-ion battery Design Dimensions 167.30 × 76.95 × 8.19 mm Weight 199g Back Cover Material Composite plastic sheet Fingerprint Sensor Type Side-mounted capacitive fingerprint sensor Display Size 6.74 inches Resolution 1600 × 720 Refresh Rate 90 Hz Color Gamut 70% NTSC Pixel Density 260 PPI Display Brightness (HBM Value) 570 nits Light-Emitting Material LED Type LCD Touch Screen Capacitive multi-touch Network 1 2G GSM 850/900/1800 MHz 3G WCDMA B1/B5/B8 4G FDD-LTE B1/B3/B5/B7/B8/B20/B28 4G TD-LTE B38/B40/B41 Card Slot 2 nano SIMs + 1 microSD Standby Mode Dual SIM Dual Standby (DSDS) Camera Camera Front 5 MP / Rear 13 MP + 0.08 MP Aperture Front f/2.2 (5 MP), Rear f/2.2 (13 MP) + f/3.0 (0.08 MP) Flash Rear flash Scene Mode Rear: Photo, Night, Portrait, Video, Live Photo, Slo-mo, Time-lapse, Pro, Pano, Documents Front: Photo, Night, Portrait, Video, Live Photo Media Audio Playback AAC, WAV, MP3, MIDI, VORBIS, APE, FLAC Video Playback MP4, 3GP, AVI, FLV, MKV, WEBM, TS, ASF Video Recording MP4 Voice Recording Supported Connectivity Wi-Fi 2.4 GHz / 5 GHz Bluetooth Bluetooth 5.2 USB USB 2.0 USB Port Type-C GPS Supported OTG Supported NFC Not supported FM Supported Location GPS, BeiDou, GLONASS, Galileo, QZSS Sensors Accelerometer Supported Ambient Light Sensor Supported Proximity Sensor Supported Motor Ordinary Specifications of Brand Vivo SKU 725039068_PK-3414627083 Express delivery ;https://static-01.daraz.pk/p/6490e506e3ef6dfefded86b5f2948060.png|https://static-01.daraz.pk/p/fe81c3252244c79c5f9d87b74bdd9413.png|https://static-01.daraz.pk/p/cbe38135f6d0309f703790a6b0b748d1.jpg|https://static-01.daraz.pk/p/f1e59da47176c42c8e744561f551a95e.jpg|https://static-01.daraz.pk/p/6e2bec18e6d8351b8696be9ea901ad97.jpg;5;ok
21;jumia;21_jumia;https://www.jumia.ma/realme-12-pro-5g-12-go-ram-512-go-rom-snapdragon-7s-gen-2-ecran-incurve-120-hz-beige-navigateur-67311335.html;12 Pro+ 5G – 12 Go RAM + 512 Go ROM – Snapdragon 7s Gen 2 – Écran incurvé 120 Hz – Beige Navigateur;realme;Electronique;Smartphones;5559.00;MAD;Processeur : Snapdragon 7s Gen 2 (4 nm, Octa-Core jusqu’à 2.4 GHz)GPU : Adreno 710Mémoire : 12 Go RAM (jusqu’à 24 Go dynamiques)Stockage : 512 Go UFS 3.1Écran : AMOLED incurvé 6.7” FHD+ (120 Hz, 2412×1080, 1,07 milliard de couleurs)Luminosité : Jusqu’à 950 nitsCaméra arrière :50 MP capteur IMX890 avec stabilisation optique64 MP téléobjectif périscopique (zoom optique x3)8 MP ultra grand-angleCaméra avant : 32 MP (capteur haute qualité IMX709)Vidéo : 4K / 1080p / ralenti 120 fpsBatterie : 5000 mAh – Charge rapide 67W SuperVOOCConnectivité : 5G Dual SIM, Wi-Fi 6, Bluetooth 5.2, NFC, USB-CAudio : Haut-parleurs stéréo Dolby Atmos, Hi-Res AudioSécurité : Capteur d’empreinte sous l’écran, reconnaissance facialeSystème : Realme UI 5.0 basé sur Android 14Dimensions : 161.47 × 74.02 × 8.75 mmPoids : 196 gCouleur : Beige Navigateur;https://ma.jumia.is/unsafe/fit-in/680x680/filters:fill(white)/product/53/311376/1.jpg?5841;1;ok
21;wildberries;21_wildberries;https://www.wildberries.ru/catalog/1098376493/detail.aspx;Смартфон 12 8/256 Гб;Realme;Electronique;Smartphones;15714;RUB;;https://basket-42.wbbasket.ru/vol10983/part1098376/1098376493/images/big/1.webp|https://basket-42.wbbasket.ru/vol10983/part1098376/1098376493/images/big/2.webp|https://basket-42.wbbasket.ru/vol10983/part1098376/1098376493/images/big/3.webp|https://basket-42.wbbasket.ru/vol10983/part1098376/1098376493/images/big/4.webp|https://basket-42.wbbasket.ru/vol10983/part1098376/1098376493/images/big/5.webp|https://basket-42.wbbasket.ru/vol10983/part1098376/1098376493/images/big/6.webp|https://basket-42.wbbasket.ru/vol10983/part1098376/1098376493/images/big/7.webp;7;ok
21;trendyol;21_trendyol;https://www.trendyol.com/en/phonextra/realme-12-plus-compatible-hd-glossy-nano-screen-protector-9h-flexible-shatterproof-protection-p-1157874624;Phonextra Realme 12 Plus Compatible Hd Glossy Nano Screen Protector 9H Flexible Shatterproof Protection;Phonextra;Electronique;Smartphones;27.09;AED;;https://cdn.dsmcdn.com/ty1936/prod/QC_PREP/20260618/14/3b18889f-9336-3f48-ba17-e486dc117541/1_org_zoom.jpg|https://cdn.dsmcdn.com/ty1897/prod/QC_ENRICHMENT/20260618/15/da1bcef3-85e3-3903-bcfc-287cbff58f1c/1_org_zoom.jpg|https://cdn.dsmcdn.com/ty1934/prod/QC_ENRICHMENT/20260618/15/48e6cd4d-1326-32d9-98b5-7b419ebb1bee/1_org_zoom.jpg|https://cdn.dsmcdn.com/ty1928/prod/QC_ENRICHMENT/20260618/15/bf176b55-de3a-3891-9378-f45c1fd97202/1_org_zoom.jpg;4;ok
21;daraz;21_daraz;https://www.daraz.pk/products/12-4g-wach-8gb-256gb-5000mah-i588822510-s2717758133.html?c=&channelLpJumpArgs=&clickTrackInfo=query%253AREALME%252B12%253Bnid%253A588822510%253Bsrc%253ALazadaMainSrp%253Brn%253A9cde84a336fef129ab53fe5845c0542f%253Bregion%253Apk%253Bsku%253A588822510_PK%253Bprice%253A59999%253Bclient%253Adesktop%253Bsupplier_id%253A6005037489508%253Bsession_id%253A%253Bbiz_source%253Ah5_external%253Bslot%253A0%253Butlog_bucket_id%253A470687%253Basc_category_id%253A3%253Bitem_id%253A588822510%253Bsku_id%253A2717758133%253Bshop_id%253A1011807%253BtemplateInfo%253A&freeshipping=0&fs_ab=1&fuse_fs=&lang=en&location=Punjab&price=59999&priceCompare=skuId%3A2717758133%3Bsource%3Alazada-search-voucher%3Bsn%3A9cde84a336fef129ab53fe5845c0542f%3BoriginPrice%3A5999900%3BdisplayPrice%3A5999900%3BisGray%3Afalse%3BsinglePromotionId%3A-1%3BsingleToolCode%3A-1%3BvoucherPricePlugin%3A0%3Btimestamp%3A1783343642281&ratingscore=&request_id=9cde84a336fef129ab53fe5845c0542f&review=&sale=0&search=1&source=search&spm=a2a0e.searchlist.list.0&stock=1;Realme 12 4G || 8GB Ram 256GB Rom || 5000mAh Battery;No Brand;Electronique;Smartphones;59999;PKR;67W SUPERVOOC Charge 5000mAh Massive Battery Qualcomm Snapdragon 685 Chipset Advanced 6nm Process 120Hz Ultra Smooth AMOLED Display Support Rainwater Smart Touch Sony LYT-600 OIS Camera 2X In-senzor Zoom Trendy Watch Design 7.92mm Ultra Slim realme UI 5.0 67W SUPERVOOC Charge 5000mAh Massive Battery Qualcomm Snapdragon 685 Chipset Advanced 6nm Process 120Hz Ultra Smooth AMOLED Display Support Rainwater Smart Touch Sony LYT-600 OIS Camera 2X In-senzor Zoom Trendy Watch Design 7.92mm Ultra Slim realme UI 5.0 Specifications of Brand No Brand SKU 588822510_PK-2717758133 Number Of Cameras Not Specified Year Not Specified Protection Not Specified Condition Brand New What’s in the box 1x Realme 12 4G;https://static-01.daraz.pk/p/84d4e53116675ea7cc00491f74839a12.png|https://static-01.daraz.pk/p/8b80600c9f5f3a5c76007d3d145c56b2.png;2;ok
22;jumia;22_jumia;https://www.jumia.ma/jbl-casque-bluetooth-tune-720bt-violet-jblt720btpur-66390948.html;Casque Bluetooth Tune 720BT - Violet (JBLT720BTPUR);JBL;Electronique;Casques audio & Écouteurs;712.00;MAD;Taille des Hauts-Parleurs (mm): 40Sensibilité des Haut-Parleurs à 1kHz / 1mW (dB): 101Réponse en fréquence dynamique (Hz): 20 Hz – 20 kHzVersion du Bluetooth: 5.3Temps de charge (heures si vide): 2Autonomie de lecture maximum (heures): 76Charging cable: OuiPliable: OuiJBL One App: OuiMicrophone intégré: OuiCâble détachable: OuiAppels mains-libres: OuiSon JBL Pure Bass: OuiConnexion multi-points: OuiRecharge rapide (5 min = 1 h de lecture): OuiWater Resistant: OuiVoice Aware: Oui;https://ma.jumia.is/unsafe/fit-in/680x680/filters:fill(white)/product/84/909366/1.jpg?1884|https://ma.jumia.is/unsafe/fit-in/680x680/filters:fill(white)/product/84/909366/2.jpg?1884|https://ma.jumia.is/unsafe/fit-in/680x680/filters:fill(white)/product/84/909366/3.jpg?1884|https://ma.jumia.is/unsafe/fit-in/680x680/filters:fill(white)/product/84/909366/4.jpg?1884|https://ma.jumia.is/unsafe/fit-in/680x680/filters:fill(white)/product/84/909366/5.jpg?1884;5;ok
22;wildberries;22_wildberries;https://www.wildberries.ru/catalog/331675700/detail.aspx;Беспроводные наушники Tune 720BT;JBL;Electronique;Casques audio & Écouteurs;3992;RUB;;https://basket-20.wbbasket.ru/vol3316/part331675/331675700/images/big/1.webp|https://basket-20.wbbasket.ru/vol3316/part331675/331675700/images/big/2.webp|https://basket-20.wbbasket.ru/vol3316/part331675/331675700/images/big/3.webp|https://basket-20.wbbasket.ru/vol3316/part331675/331675700/images/big/4.webp|https://basket-20.wbbasket.ru/vol3316/part331675/331675700/images/big/5.webp|https://basket-20.wbbasket.ru/vol3316/part331675/331675700/images/big/6.webp|https://basket-20.wbbasket.ru/vol3316/part331675/331675700/images/big/7.webp|https://basket-20.wbbasket.ru/vol3316/part331675/331675700/images/big/8.webp|https://basket-20.wbbasket.ru/vol3316/part331675/331675700/images/big/9.webp|https://basket-20.wbbasket.ru/vol3316/part331675/331675700/images/big/10.webp|https://basket-20.wbbasket.ru/vol3316/part331675/331675700/images/big/11.webp;11;ok
22;trendyol;22_trendyol;https://www.trendyol.com/jbl/tune-720bt-wireless-kulaklik-ct-oe-beyaz-p-844727847?boutiqueId=61&merchantId=830540;JBL Tune 720BT Wireless On-Ear Headphones - White;JBL;Electronique;Casques audio & Écouteurs;177.00;AED;;https://cdn.dsmcdn.com/ty1911/prod/QC_ENRICHMENT/20260626/20/62305c0c-d862-38d4-bead-aa85bb79355f/1_org_zoom.jpg|https://cdn.dsmcdn.com/ty1914/prod/QC_ENRICHMENT/20260626/20/041ea7c8-0c95-3126-a03b-1342cf355bfc/1_org_zoom.jpg|https://cdn.dsmcdn.com/ty1933/prod/QC_ENRICHMENT/20260626/20/f09f3196-057a-3e5a-be7d-7e37cfc5b757/1_org_zoom.jpg|https://cdn.dsmcdn.com/ty1927/prod/QC_ENRICHMENT/20260626/20/12af5a67-8209-3e38-bb72-52366ff2e2a3/1_org_zoom.jpg|https://cdn.dsmcdn.com/ty1895/prod/QC_ENRICHMENT/20260626/20/1cf2a5ae-e45e-38b9-9564-1fe9f119eaa3/1_org_zoom.jpg|https://cdn.dsmcdn.com/ty1932/prod/QC_ENRICHMENT/20260626/20/403fee49-29c8-33bf-920b-4b7bf3f589f0/1_org_zoom.jpg|https://cdn.dsmcdn.com/ty1917/prod/QC_ENRICHMENT/20260626/20/9fc151cb-518c-3908-8d77-a029399ec685/1_org_zoom.jpg|https://cdn.dsmcdn.com/ty1936/prod/QC_ENRICHMENT/20260626/20/168d6589-85f9-3ec5-88e0-e87c76814434/1_org_zoom.jpg;8;ok
22;daraz;22_daraz;https://www.daraz.pk/products/720-i1958701170-s14022835649.html?c=&channelLpJumpArgs=&clickTrackInfo=query%253AJBL%253Bnid%253A1958701170%253Bsrc%253ALazadaMainSrp%253Brn%253Ab85721982cf4f6eb88daf9d897f11092%253Bregion%253Apk%253Bsku%253A1958701170_PK%253Bprice%253A3999%253Bclient%253Adesktop%253Bsupplier_id%253A6005111024697%253Bsession_id%253A%253Bbiz_source%253Ah5_external%253Bslot%253A2%253Butlog_bucket_id%253A470687%253Basc_category_id%253A157%253Bitem_id%253A1958701170%253Bsku_id%253A14022835649%253Bshop_id%253A1461235%253BtemplateInfo%253A&freeshipping=1&fs_ab=1&fuse_fs=&lang=en&location=Punjab&price=3999&priceCompare=skuId%3A14022835649%3Bsource%3Alazada-search-voucher%3Bsn%3Ab85721982cf4f6eb88daf9d897f11092%3BoriginPrice%3A399900%3BdisplayPrice%3A399900%3BisGray%3Afalse%3BsinglePromotionId%3A-1%3BsingleToolCode%3AmockedSalePrice%3BvoucherPricePlugin%3A0%3Btimestamp%3A1783346246149&ratingscore=&request_id=b85721982cf4f6eb88daf9d897f11092&review=&sale=0&search=1&source=search&spm=a2a0e.searchlist.list.2&stock=1;;;Electronique;Casques audio & Écouteurs;1600;PKR;;https://gw.alicdn.com/imgextra/i2/O1CN01jHjmpl1pxcRVgFrYS_!!6000000005427-0-tps-150-150.jpg|https://gw.alicdn.com/imgextra/i3/O1CN012f276t1zJuDINv48i_!!6000000006694-2-tps-600-600.png;2;ok
23;jumia;23_jumia;https://www.jumia.ma/samsung-galaxy-buds-pro-3-argent-accsm-r630nzaamea-67251483.html;Galaxy Buds PRO 3 Argent- ACC_SM-R630NZAAMEA;Samsung;Electronique;Casques audio & Écouteurs;2600.00;MAD;écouteurs sans fil Samsungécouteurs Galaxy Buds Pro 3Galaxy Buds Pro 3 Silverécouteurs Bluetooth haut de gamme;https://ma.jumia.is/unsafe/fit-in/680x680/filters:fill(white)/product/38/415276/1.jpg?5252|https://ma.jumia.is/unsafe/fit-in/680x680/filters:fill(white)/product/38/415276/2.jpg?5252;2;ok
23;wildberries;23_wildberries;https://www.wildberries.ru/catalog/551349560/detail.aspx;Наушники Galaxy Buds3 Pro Silver, Серебро;Samsung;Electronique;Casques audio & Écouteurs;10507;RUB;;https://basket-29.wbbasket.ru/vol5513/part551349/551349560/images/big/1.webp|https://basket-29.wbbasket.ru/vol5513/part551349/551349560/images/big/2.webp|https://basket-29.wbbasket.ru/vol5513/part551349/551349560/images/big/3.webp|https://basket-29.wbbasket.ru/vol5513/part551349/551349560/images/big/4.webp|https://basket-29.wbbasket.ru/vol5513/part551349/551349560/images/big/5.webp|https://basket-29.wbbasket.ru/vol5513/part551349/551349560/images/big/6.webp|https://basket-29.wbbasket.ru/vol5513/part551349/551349560/images/big/7.webp|https://basket-29.wbbasket.ru/vol5513/part551349/551349560/images/big/8.webp|https://basket-29.wbbasket.ru/vol5513/part551349/551349560/images/big/9.webp|https://basket-29.wbbasket.ru/vol5513/part551349/551349560/images/big/10.webp|https://basket-29.wbbasket.ru/vol5513/part551349/551349560/images/big/11.webp|https://basket-29.wbbasket.ru/vol5513/part551349/551349560/images/big/12.webp|https://basket-29.wbbasket.ru/vol5513/part551349/551349560/images/big/13.webp|https://basket-29.wbbasket.ru/vol5513/part551349/551349560/images/big/14.webp|https://basket-29.wbbasket.ru/vol5513/part551349/551349560/images/big/15.webp|https://basket-29.wbbasket.ru/vol5513/part551349/551349560/images/big/16.webp|https://basket-29.wbbasket.ru/vol5513/part551349/551349560/images/big/17.webp|https://basket-29.wbbasket.ru/vol5513/part551349/551349560/images/big/18.webp;18;ok
23;trendyol;23_trendyol;https://www.trendyol.com/en/samsung/galaxy-buds-3-pro-silver-p-931439843?;Samsung Galaxy Buds 3 Pro Silver;Samsung;Electronique;Casques audio & Écouteurs;472.15;AED;;https://cdn.dsmcdn.com/ty1715/prod/QC_PREP/20250725/17/7a4393c1-dd75-30cd-b1aa-ced394c96759/1_org_zoom.jpg;1;ok
23;daraz;23_daraz;https://www.daraz.pk/products/3-i1957978590-s14018661185.html?c=&channelLpJumpArgs=&clickTrackInfo=query%253Asumsung%252BGalaxy%252Bbuds%252B3%253Bnid%253A1957978590%253Bsrc%253ALazadaMainSrp%253Brn%253Acb01258821c9471191e88804be15f55f%253Bregion%253Apk%253Bsku%253A1957978590_PK%253Bprice%253A2999%253Bclient%253Adesktop%253Bsupplier_id%253A6005647408634%253Bsession_id%253A%253Bbiz_source%253Ah5_external%253Bslot%253A0%253Butlog_bucket_id%253A470687%253Basc_category_id%253A9708%253Bitem_id%253A1957978590%253Bsku_id%253A14018661185%253Bshop_id%253A2638970%253BtemplateInfo%253A&freeshipping=0&fs_ab=1&fuse_fs=&lang=en&location=Punjab&price=2999&priceCompare=skuId%3A14018661185%3Bsource%3Alazada-search-voucher%3Bsn%3Acb01258821c9471191e88804be15f55f%3BoriginPrice%3A299900%3BdisplayPrice%3A299900%3BisGray%3Afalse%3BsinglePromotionId%3A-1%3BsingleToolCode%3A-1%3BvoucherPricePlugin%3A0%3Btimestamp%3A1783345964879&ratingscore=&request_id=cb01258821c9471191e88804be15f55f&review=&sale=0&search=1&source=search&spm=a2a0e.searchlist.list.0&stock=1;samsung galaxy  buds 3 pro with high quality music sound + data cable;Samsung Acessories;Electronique;Casques audio & Écouteurs;2999;PKR;;https://static-01.daraz.pk/p/b57ffccca09ca31a5737fb4c6127e2e4.jpg|https://static-01.daraz.pk/p/4d1429aca163f3ca9813d3f40f69fb12.jpg|https://static-01.daraz.pk/p/dc86e500426f974b3fa3d4ed468969c0.jpg|https://static-01.daraz.pk/p/83aadb5bb4ccfb71c9f82b447ae4da20.jpg;4;ok
24;jumia;24_jumia;https://www.jumia.ma/samsung-galaxy-buds-core-67154240.html;galaxy buds core;Samsung;Electronique;Casques audio & Écouteurs;499.00;MAD;Ajustement confortable pour un son puissantConçus pour un confort en continu, les Galaxy Buds Core sont dotés d’ailettes en silicone pour un ajustement sans pression. Légers et confortables, les Galaxy Buds Core restent en place en toutes circonstances, des moments de détente à la maison à vos joggings dans le parc.;https://ma.jumia.is/unsafe/fit-in/680x680/filters:fill(white)/product/04/245176/1.jpg?8363|https://ma.jumia.is/unsafe/fit-in/680x680/filters:fill(white)/product/04/245176/2.jpg?8363;2;ok
24;wildberries;24_wildberries;https://www.wildberries.ru/catalog/1047586185/detail.aspx;Беспроводные наушники Buds Core (Черный);Samsung;Electronique;Casques audio & Écouteurs;3070;RUB;;https://basket-42.wbbasket.ru/vol10475/part1047586/1047586185/images/big/1.webp|https://basket-42.wbbasket.ru/vol10475/part1047586/1047586185/images/big/2.webp|https://basket-42.wbbasket.ru/vol10475/part1047586/1047586185/images/big/3.webp|https://basket-42.wbbasket.ru/vol10475/part1047586/1047586185/images/big/4.webp|https://basket-42.wbbasket.ru/vol10475/part1047586/1047586185/images/big/5.webp|https://basket-42.wbbasket.ru/vol10475/part1047586/1047586185/images/big/6.webp|https://basket-42.wbbasket.ru/vol10475/part1047586/1047586185/images/big/7.webp|https://basket-42.wbbasket.ru/vol10475/part1047586/1047586185/images/big/8.webp|https://basket-42.wbbasket.ru/vol10475/part1047586/1047586185/images/big/9.webp|https://basket-42.wbbasket.ru/vol10475/part1047586/1047586185/images/big/10.webp|https://basket-42.wbbasket.ru/vol10475/part1047586/1047586185/images/big/11.webp|https://basket-42.wbbasket.ru/vol10475/part1047586/1047586185/images/big/12.webp|https://basket-42.wbbasket.ru/vol10475/part1047586/1047586185/images/big/13.webp|https://basket-42.wbbasket.ru/vol10475/part1047586/1047586185/images/big/14.webp|https://basket-42.wbbasket.ru/vol10475/part1047586/1047586185/images/big/15.webp|https://basket-42.wbbasket.ru/vol10475/part1047586/1047586185/images/big/16.webp;16;ok
24;trendyol;24_trendyol;https://www.trendyol.com/samsung/galaxy-buds-core-bluetooth-kulak-ici-kulaklik-siyah-p-952181478?boutiqueId=61&merchantId=639331;SamsungGalaxy Buds Core Bluetooth In-Ear Headphones Black;Samsung;Electronique;Casques audio & Écouteurs;301.59;AED;;https://cdn.dsmcdn.com/mnresize/300/-/sfint/production/flags/ae.png|https://cdn.dsmcdn.com/mnresize/620/920/ty1706/product/media/images/prod/PIM/20250707/07/88ece8e6-0234-4585-b13b-7d2a25133fcc/1_org_zoom.jpg|https://cdn.dsmcdn.com/mnresize/620/920/ty1705/product/media/images/prod/PIM/20250707/07/bd14b77d-c83f-423f-a39f-e55bee1874aa/1_org_zoom.jpg|https://cdn.dsmcdn.com/mnresize/620/920/ty1705/product/media/images/prod/PIM/20250707/07/fc9c352e-50d1-4b6b-b1dc-8e58528f3ad5/1_org_zoom.jpg|https://cdn.dsmcdn.com/mnresize/620/920/ty1704/product/media/images/prod/PIM/20250707/07/7e57e421-3eb1-4566-97a0-f8573191b2b2/1_org_zoom.jpg|https://cdn.dsmcdn.com/mnresize/620/920/ty1704/product/media/images/prod/PIM/20250707/07/75a41dd9-d955-464e-9d3e-0c606b5722bd/1_org_zoom.jpg|https://cdn.dsmcdn.com/mnresize/620/920/ty1704/product/media/images/prod/PIM/20250707/07/0767c14e-04b4-43ae-bd79-7739ca40d257/1_org_zoom.jpg|https://cdn.dsmcdn.com/mnresize/30/30/mobile/reviewrating/kamera-emoji6x.png|https://cdn.dsmcdn.com/mnresize/30/30/mobile/pdp/Additional/orange-heart_1f9e1.png|https://cdn.dsmcdn.com/mobile/international/PaymentLogo/tamara_snippet_en.png|https://cdn.dsmcdn.com/mobile/international/PaymentLogo/Tabby_snippet_new.png|https://cdn.dsmcdn.com/mobile/international/PaymentLogo/cod-v4.png|https://cdn.dsmcdn.com/mnresize/34/34/indexing-sticker-stamp/stage/4b0d7ef1-8e8f-4c8f-b1c7-637e432ea2b4.png|https://cdn.dsmcdn.com/ty1706/product/media/images/prod/PIM/20250707/07/88ece8e6-0234-4585-b13b-7d2a25133fcc/1_org_zoom.jpg|https://cdn.dsmcdn.com/sfweb-checkout/images/basket-icon_1751630173674.png|https://cdn.dsmcdn.com/mobile/international/PaymentLogo/Mastercard3x.png|https://cdn.dsmcdn.com/mobile/international/PaymentLogo/Visa3x.png|https://cdn.dsmcdn.com/mobile/international/PaymentLogo/Applepay3x.png|https://cdn.dsmcdn.com/mobile/international/PaymentLogo/tamara_logo_en.png|https://cdn.dsmcdn.com/mobile/international/PaymentLogo/Tabby_Basket_new.png|https://cdn.dsmcdn.com/mobile/international/PaymentLogo/gpay3x.png|https://cdn.dsmcdn.com/sfweb-browsing/images/footer-pci-dss.png|https://cdn.dsmcdn.com/sfweb-browsing/images/footer-iso.png;23;ok
24;daraz;24_daraz;https://www.daraz.pk/products/v54-usb-c-65mah-500mah-i913417852-s3958768398.html?c=&channelLpJumpArgs=&clickTrackInfo=query%253Asumsung%252BGalaxy%252Bbuds%252Bcore%253Bnid%253A913417852%253Bsrc%253ALazadaMainSrp%253Brn%253A2532331ad08206681c34a38959cc628b%253Bregion%253Apk%253Bsku%253A913417852_PK%253Bprice%253A17499%253Bclient%253Adesktop%253Bsupplier_id%253A10983%253Bsession_id%253A%253Bbiz_source%253Ah5_external%253Bslot%253A2%253Butlog_bucket_id%253A470687%253Basc_category_id%253A9708%253Bitem_id%253A913417852%253Bsku_id%253A3958768398%253Bshop_id%253A85694%253BtemplateInfo%253A&freeshipping=0&fs_ab=1&fuse_fs=&lang=en&location=Sindh&price=17499&priceCompare=skuId%3A3958768398%3Bsource%3Alazada-search-voucher%3Bsn%3A2532331ad08206681c34a38959cc628b%3BoriginPrice%3A1749900%3BdisplayPrice%3A1749900%3BisGray%3Afalse%3BsinglePromotionId%3A-1%3BsingleToolCode%3AmockedSalePrice%3BvoucherPricePlugin%3A0%3Btimestamp%3A1783346624520&ratingscore=&request_id=2532331ad08206681c34a38959cc628b&review=&sale=0&search=1&source=search&spm=a2a0e.searchlist.list.2&stock=1;Samsung Galaxy Buds Core - Bluetooth Version V5.4 - Charging Interface USB-C - Capacity for buds 65mAh - Capacity for Case 500mAh;No Brand;Electronique;Casques audio & Écouteurs;17499;PKR;;https://static-01.daraz.pk/p/625b4895262506a9c335425ce20e225d.jpg|https://static-01.daraz.pk/p/84bd5ba35e92aa14421818d4ad2c1185.jpg|https://static-01.daraz.pk/p/b0d8bc5e6f5633d7e11e0c43f2016c68.jpg|https://static-01.daraz.pk/p/82adff5cf317d337e08222879bbf3d81.jpg|https://static-01.daraz.pk/p/33ff57a9ebd08aae1ba7205837c05c17.jpg;5;ok
25;jumia;25_jumia;https://www.jumia.ma/xiaomi-redmi-buds-8-lite-black-67917504.html;Redmi Buds 8 Lite Black;XIAOMI;Electronique;Casques audio & Écouteurs;249.00;MAD;"Type : &Eacute;couteurs True Wireless (TWS)
R&eacute;duction de bruit : ANC jusqu&rsquo;&agrave; 35 dB
Autonomie : 6h (&eacute;couteurs) + 30h (bo&icirc;tier) = 36h total
Charge : USB-C, charge rapide (5 min = 1h d&rsquo;&eacute;coute)
Bluetooth : 5.4
Pilote audio : 10 mm
R&eacute;sistance : IP54 (r&eacute;sistant &agrave; l&rsquo;eau et &agrave; la poussi&egrave;re)
Commandes : Tactiles
Micro : 4 microphones (appels + r&eacute;duction de bruit)
Compatibilit&eacute; : Android et iOS
Poids : 4,5 g par &eacute;couteur
Couleur : Black";https://ma.jumia.is/unsafe/fit-in/680x680/filters:fill(white)/product/40/571976/1.jpg?3365|https://ma.jumia.is/unsafe/fit-in/680x680/filters:fill(white)/product/40/571976/2.jpg?3366|https://ma.jumia.is/unsafe/fit-in/680x680/filters:fill(white)/product/40/571976/3.jpg?3368|https://ma.jumia.is/unsafe/fit-in/680x680/filters:fill(white)/product/40/571976/4.jpg?3369;4;ok
25;wildberries;25_wildberries;https://www.wildberries.ru/catalog/786015389/detail.aspx;Наушники беспроводные Xiaomi Redmi Buds 8 Lite черная;Redmi;Electronique;Casques audio & Écouteurs;1718;RUB;;https://basket-36.wbbasket.ru/vol7860/part786015/786015389/images/big/1.webp|https://basket-36.wbbasket.ru/vol7860/part786015/786015389/images/big/2.webp|https://basket-36.wbbasket.ru/vol7860/part786015/786015389/images/big/3.webp|https://basket-36.wbbasket.ru/vol7860/part786015/786015389/images/big/4.webp|https://basket-36.wbbasket.ru/vol7860/part786015/786015389/images/big/5.webp|https://basket-36.wbbasket.ru/vol7860/part786015/786015389/images/big/6.webp|https://basket-36.wbbasket.ru/vol7860/part786015/786015389/images/big/7.webp|https://basket-36.wbbasket.ru/vol7860/part786015/786015389/images/big/8.webp;8;ok
25;trendyol;25_trendyol;https://www.trendyol.com/xiaomi/redmi-buds-8-lite-siyah-kulakici-kulaklik-tws-anc-bt-5-4-xiaomi-tr-garantili-p-1081766363?boutiqueId=61&merchantId=624588;XiaomiRedmi Buds 8 Lite Black Earphone Earbuds Tws - Anc Bt 5.4 (Xiaomi Tr Guaranteed);Xiaomi;Electronique;Casques audio & Écouteurs;192.34;AED;;https://cdn.dsmcdn.com/mnresize/300/-/sfint/production/flags/ae.png|https://cdn.dsmcdn.com/mnresize/620/920/ty1000057/product/media/images/prod/PIM/20260109/05/718c750d-07b8-45ba-9e25-0d91404b95d1/1_org_zoom.jpg|https://cdn.dsmcdn.com/mnresize/620/920/ty1000058/product/media/images/prod/PIM/20260114/11/59f995f3-4a12-46b3-8191-5e2abd7690f0/1_org_zoom.jpg|https://cdn.dsmcdn.com/mnresize/620/920/ty1000057/product/media/images/prod/PIM/20260114/11/91effdc6-1545-430b-914d-00090a1f45bb/1_org_zoom.jpg|https://cdn.dsmcdn.com/mnresize/620/920/ty1000059/product/media/images/prod/PIM/20260114/11/a72844c1-8b3e-4736-a27c-a0bd94dcb688/1_org_zoom.jpg|https://cdn.dsmcdn.com/mnresize/620/920/ty1000057/product/media/images/prod/PIM/20260114/11/d3ad7013-639e-4a80-8e73-317a5c2a9d75/1_org_zoom.jpg|https://cdn.dsmcdn.com/mnresize/620/920/ty1000059/product/media/images/prod/PIM/20260114/11/06309421-e3e9-4070-9459-9e9c9ab3c591/1_org_zoom.jpg|https://cdn.dsmcdn.com/mnresize/620/920/ty1000059/product/media/images/prod/PIM/20260114/11/9891a8e9-edd4-44f4-8b39-82edfd5a0227/1_org_zoom.jpg|https://cdn.dsmcdn.com/mnresize/620/920/ty1000058/product/media/images/prod/PIM/20260114/11/74efac48-d0da-4d98-ae66-4f10ef66ff1c/1_org_zoom.jpg|https://cdn.dsmcdn.com/mnresize/30/30/mobile/reviewrating/kamera-emoji6x.png|https://cdn.dsmcdn.com/mnresize/30/30/mobile/pdp/Additional/basket3.png|https://cdn.dsmcdn.com/mnresize/30/30/mobile/pdp/Additional/orange-heart_1f9e1.png|https://cdn.dsmcdn.com/mnresize/30/30/mobile/pdp/Additional/view3.png|https://cdn.dsmcdn.com/mnresize/128/192/ty1811/prod/QC_ENRICHMENT/20260114/13/4592d223-7294-31b5-b3fd-a9206e91ed4a/1_org_zoom.jpg|https://cdn.dsmcdn.com/mnresize/128/192/ty1000059/product/media/images/prod/PIM/20260108/14/ed06d222-4d84-4a30-9baa-68e505140a1e/1_org_zoom.jpg|https://cdn.dsmcdn.com/mobile/international/PaymentLogo/tamara_snippet_en.png|https://cdn.dsmcdn.com/mobile/international/PaymentLogo/Tabby_snippet_new.png|https://cdn.dsmcdn.com/mobile/international/PaymentLogo/cod-v4.png|https://cdn.dsmcdn.com/mnresize/34/34/indexing-sticker-stamp/stage/4b0d7ef1-8e8f-4c8f-b1c7-637e432ea2b4.png|https://cdn.dsmcdn.com/ty1000057/product/media/images/prod/PIM/20260109/05/718c750d-07b8-45ba-9e25-0d91404b95d1/1_org_zoom.jpg|https://cdn.dsmcdn.com/sfweb-checkout/images/basket-icon_1751630173674.png|https://cdn.dsmcdn.com/mobile/international/PaymentLogo/Mastercard3x.png|https://cdn.dsmcdn.com/mobile/international/PaymentLogo/Visa3x.png|https://cdn.dsmcdn.com/mobile/international/PaymentLogo/Applepay3x.png|https://cdn.dsmcdn.com/mobile/international/PaymentLogo/tamara_logo_en.png|https://cdn.dsmcdn.com/mobile/international/PaymentLogo/Tabby_Basket_new.png|https://cdn.dsmcdn.com/mobile/international/PaymentLogo/gpay3x.png|https://cdn.dsmcdn.com/sfweb-browsing/images/footer-pci-dss.png|https://cdn.dsmcdn.com/sfweb-browsing/images/footer-iso.png;29;ok
25;daraz;25_daraz;https://www.daraz.pk/products/xiaomi-redmi-buds-8-lite-original-i947899624-s4014135423.html?c=&channelLpJumpArgs=&clickTrackInfo=query%253AXIAOMI%252BRedmi%252BBuds%252B8%252BLite%253Bnid%253A947899624%253Bsrc%253ALazadaMainSrp%253Brn%253A0c4b79de7590ab02944262d037a2df04%253Bregion%253Apk%253Bsku%253A947899624_PK%253Bprice%253A9999%253Bclient%253Adesktop%253Bsupplier_id%253A6005039988708%253Bsession_id%253A%253Bbiz_source%253Ah5_external%253Bslot%253A0%253Butlog_bucket_id%253A470687%253Basc_category_id%253A9708%253Bitem_id%253A947899624%253Bsku_id%253A4014135423%253Bshop_id%253A1038737%253BtemplateInfo%253A&freeshipping=0&fs_ab=1&fuse_fs=&lang=en&location=Sindh&price=9999&priceCompare=skuId%3A4014135423%3Bsource%3Alazada-search-voucher%3Bsn%3A0c4b79de7590ab02944262d037a2df04%3BoriginPrice%3A999900%3BdisplayPrice%3A999900%3BisGray%3Afalse%3BsinglePromotionId%3A-1%3BsingleToolCode%3A-1%3BvoucherPricePlugin%3A0%3Btimestamp%3A1783348820093&qSellingPoint=b--xiaomi&ratingscore=&request_id=0c4b79de7590ab02944262d037a2df04&review=&sale=2&search=1&source=search&spm=a2a0e.searchlist.list.0&stock=1;Xiaomi Redmi Buds 8 Lite Original;No Brand;Electronique;Casques audio & Écouteurs;9999;PKR;;https://pk-live-21.slatic.net/kf/S00950c07140a47f9be17c2d42569555fj.jpg|https://pk-live-21.slatic.net/kf/S686069f041c84910a76201d074b1048fr.jpg|https://pk-live-21.slatic.net/kf/S2f9ee18e73494bb48a0b25e4c910820eq.jpg|https://pk-live-21.slatic.net/kf/S671c9b8b3c9e4aaaa7622092a0c6edf46.jpg;4;ok
26;jumia;26_jumia;https://www.jumia.ma/jbl-casque-tune-510bt-blanc-67244820.html;Casque Tune 510BT – BLANC;JBL;Electronique;Casques audio & Écouteurs;445.00;MAD;"&nbsp;

Sensibilit&eacute; des Haut-Parleurs &agrave; 1kHz / 1mW (dB) 103.5
R&eacute;ponse en fr&eacute;quence dynamique (Hz) 20 Hz &ndash; 20 kHz
Imp&eacute;dance (ohms) 32
Profondeur de l&#039;oreillette (cm) 1.7
Ear Cup Depth (in) 0.7
Hauteur externe de l&#039;oreillette (cm) 7.3
Ear Cup External Height (in) 2.9
Largeur externe de l&#039;oreillette (cm) 7.3
Headphone Cable Length (ft) 0.7
Poids (g) 160
Poids (oz) 5.6
Profils Bluetooth A2DP v1.3, AVRCP v1.6, HFP v1.7
Fr&eacute;quence de l&#039;&eacute;metteur Bluetooth 2.4 GHz &ndash; 2.4835 GHz
Puissance de l&#039;&eacute;metteur Bluetooth &lt;8 dBm
Version du Bluetooth 5
Temps de charge (heures si vide) 2
Autonomie de lecture maximum (heures) 40";https://ma.jumia.is/unsafe/fit-in/680x680/filters:fill(white)/product/02/844276/1.jpg?2556|https://ma.jumia.is/unsafe/fit-in/680x680/filters:fill(white)/product/02/844276/2.jpg?2557|https://ma.jumia.is/unsafe/fit-in/680x680/filters:fill(white)/product/02/844276/3.jpg?2558|https://ma.jumia.is/unsafe/fit-in/680x680/filters:fill(white)/product/02/844276/4.jpg?2559|https://ma.jumia.is/unsafe/fit-in/680x680/filters:fill(white)/product/02/844276/5.jpg?2675|https://ma.jumia.is/unsafe/fit-in/680x680/filters:fill(white)/product/02/844276/6.jpg?2685;6;ok
26;wildberries;26_wildberries;https://www.wildberries.ru/catalog/284541805/detail.aspx;Беспроводные наушники JBL Tune 510 большие оригинал;JBL;Electronique;Casques audio & Écouteurs;3358;RUB;;https://basket-18.wbbasket.ru/vol2845/part284541/284541805/images/big/1.webp|https://basket-18.wbbasket.ru/vol2845/part284541/284541805/images/big/2.webp|https://basket-18.wbbasket.ru/vol2845/part284541/284541805/images/big/3.webp|https://basket-18.wbbasket.ru/vol2845/part284541/284541805/images/big/4.webp|https://basket-18.wbbasket.ru/vol2845/part284541/284541805/images/big/5.webp|https://basket-18.wbbasket.ru/vol2845/part284541/284541805/images/big/6.webp|https://basket-18.wbbasket.ru/vol2845/part284541/284541805/images/big/7.webp|https://basket-18.wbbasket.ru/vol2845/part284541/284541805/images/big/8.webp|https://basket-18.wbbasket.ru/vol2845/part284541/284541805/images/big/9.webp|https://basket-18.wbbasket.ru/vol2845/part284541/284541805/images/big/10.webp;10;ok
26;trendyol;26_trendyol;https://www.trendyol.com/jbl/tune-520bt-multi-connect-wireless-blue-p-702008926?boutiqueId=61&merchantId=624588;JBLTune 520bt Multi Connect Wireless Blue;JBL;Electronique;Casques audio & Écouteurs;123.29;AED;;https://cdn.dsmcdn.com/mnresize/300/-/sfint/production/flags/ae.png|https://cdn.dsmcdn.com/mnresize/620/920/ty1545/product/media/images/ty1545/prod/QC/20240915/18/c2fedcd9-bfc1-39b7-92d9-aeacd35b3caf/1_org_zoom.jpg|https://cdn.dsmcdn.com/mnresize/620/920/ty1545/product/media/images/ty1546/prod/QC/20240915/18/f9736125-1019-3136-ab18-d09de06aa0a4/1_org_zoom.jpg|https://cdn.dsmcdn.com/mnresize/172/-/indexing-sticker-stamp/mars/acf59d35-333d-43ca-be8a-5521265f56e2.png|https://cdn.dsmcdn.com/mnresize/128/-/indexing-sticker-stamp/mars/f5a86130-7b62-457e-8562-25db0fb7f1be.png|https://cdn.dsmcdn.com/mnresize/620/920/ty1546/product/media/images/ty1547/prod/QC/20240915/18/a49690b2-c3e4-3820-bbff-8761e04ddccb/1_org_zoom.jpg|https://cdn.dsmcdn.com/mnresize/30/30/mobile/reviewrating/kamera-emoji6x.png|https://cdn.dsmcdn.com/mnresize/30/30/mobile/pdp/Additional/basket3.png|https://cdn.dsmcdn.com/mnresize/30/30/mobile/pdp/Additional/orange-heart_1f9e1.png|https://cdn.dsmcdn.com/mnresize/30/30/mobile/pdp/Additional/view3.png|https://cdn.dsmcdn.com/mnresize/128/192/ty1546/product/media/images/ty1545/prod/QC/20240915/08/2e0fd6a4-cbf8-36c4-a90d-39d842a83b27/1_org_zoom.jpg|https://cdn.dsmcdn.com/mnresize/128/192/ty1814/prod/QC_ENRICHMENT/20260122/13/4fbe5db2-6964-3625-a76d-88364fde8eb9/1_org_zoom.jpg|https://cdn.dsmcdn.com/mobile/international/PaymentLogo/tamara_snippet_en.png|https://cdn.dsmcdn.com/mobile/international/PaymentLogo/Tabby_snippet_new.png|https://cdn.dsmcdn.com/mobile/international/PaymentLogo/cod-v4.png|https://cdn.dsmcdn.com/ty1545/product/media/images/ty1545/prod/QC/20240915/18/c2fedcd9-bfc1-39b7-92d9-aeacd35b3caf/1_org_zoom.jpg|https://cdn.dsmcdn.com/sfweb-checkout/images/basket-icon_1751630173674.png|https://cdn.dsmcdn.com/mobile/international/PaymentLogo/Mastercard3x.png|https://cdn.dsmcdn.com/mobile/international/PaymentLogo/Visa3x.png|https://cdn.dsmcdn.com/mobile/international/PaymentLogo/Applepay3x.png|https://cdn.dsmcdn.com/mobile/international/PaymentLogo/tamara_logo_en.png|https://cdn.dsmcdn.com/mobile/international/PaymentLogo/Tabby_Basket_new.png|https://cdn.dsmcdn.com/mobile/international/PaymentLogo/gpay3x.png|https://cdn.dsmcdn.com/sfweb-browsing/images/footer-pci-dss.png|https://cdn.dsmcdn.com/sfweb-browsing/images/footer-iso.png;25;ok
26;daraz;26_daraz;https://www.daraz.pk/products/jbl-510bt-40h-i1949358511-s14012693063.html?c=&channelLpJumpArgs=&clickTrackInfo=query%253AJBL%252BTune%252B510BT%253Bnid%253A1949358511%253Bsrc%253ALazadaMainSrp%253Brn%253A022fe05297ec905960743d4602e13647%253Bregion%253Apk%253Bsku%253A1949358511_PK%253Bprice%253A4599%253Bclient%253Adesktop%253Bsupplier_id%253A6005583872733%253Bsession_id%253A%253Bbiz_source%253Ah5_external%253Bslot%253A0%253Butlog_bucket_id%253A470687%253Basc_category_id%253A157%253Bitem_id%253A1949358511%253Bsku_id%253A14012693063%253Bshop_id%253A2526494%253BtemplateInfo%253A&freeshipping=0&fs_ab=1&fuse_fs=&lang=en&location=Sindh&price=4599&priceCompare=skuId%3A14012693063%3Bsource%3Alazada-search-voucher%3Bsn%3A022fe05297ec905960743d4602e13647%3BoriginPrice%3A459900%3BdisplayPrice%3A459900%3BisGray%3Afalse%3BsinglePromotionId%3A-1%3BsingleToolCode%3AmockedSalePrice%3BvoucherPricePlugin%3A0%3Btimestamp%3A1783349722780&ratingscore=&request_id=022fe05297ec905960743d4602e13647&review=0&sale=1&search=1&source=search&spm=a2a0e.searchlist.list.0&stock=1;JBL Tune 510BT Wireless On-Ear Headphones - Pure Bass Sound, 40H Battery Life, Fast Charging & Multi-Point Connection;No Brand;Electronique;Casques audio & Écouteurs;4599;PKR;;https://pk-live-21.slatic.net/kf/S9cbfdaee3d754cd8920b55de9322d2654.jpg|https://static-01.daraz.pk/p/42b4b63d5087a29fea214a10387dd688.jpg|https://static-01.daraz.pk/p/ecc14155d06d296c537eb0b5abc11606.jpg|https://static-01.daraz.pk/p/55b516333f3bbbc5db639361700e183b.jpg;4;ok
27;jumia;27_jumia;https://www.jumia.ma/xiaomi-redmi-buds-6-active-rose-66374541.html;Redmi Buds 6 Active – Rose;XIAOMI;Electronique;Casques audio & Écouteurs;219.00;MAD;"Pilotes : 14,2 mm Connectivit&eacute; : Bluetooth 5.4 Port&eacute;e sans fil : jusqu&#39;&agrave; 10 m (en espace ouvert) Autonomie : Jusqu&#39;&agrave; 6 heures de lecture (batterie des &eacute;couteurs) / Jusqu&#39;&agrave; 30 heures (avec &eacute;tui de chargement) Port de chargement : USB Type C Dimensions des &eacute;couteurs : 32 x 17,8 x 18,5 mm Dimensions du bo&icirc;tier de chargement : 49 x 48,6 x 23 mm Poids de chaque &eacute;couteur : 4g Poids total du produit : 36g";https://ma.jumia.is/unsafe/fit-in/680x680/filters:fill(white)/product/14/547366/1.jpg?3855|https://ma.jumia.is/unsafe/fit-in/680x680/filters:fill(white)/product/14/547366/2.jpg?3867|https://ma.jumia.is/unsafe/fit-in/680x680/filters:fill(white)/product/14/547366/3.jpg?3892|https://ma.jumia.is/unsafe/fit-in/680x680/filters:fill(white)/product/14/547366/4.jpg?3909;4;ok
27;wildberries;27_wildberries;https://www.wildberries.ru/catalog/258138140/detail.aspx;Беспроводные наушники с микрофоном Buds 6 Active;Redmi;Electronique;Casques audio & Écouteurs;1620;RUB;;https://basket-16.wbbasket.ru/vol2581/part258138/258138140/images/big/1.webp|https://basket-16.wbbasket.ru/vol2581/part258138/258138140/images/big/2.webp|https://basket-16.wbbasket.ru/vol2581/part258138/258138140/images/big/3.webp|https://basket-16.wbbasket.ru/vol2581/part258138/258138140/images/big/4.webp|https://basket-16.wbbasket.ru/vol2581/part258138/258138140/images/big/5.webp|https://basket-16.wbbasket.ru/vol2581/part258138/258138140/images/big/6.webp;6;ok
27;trendyol;27_trendyol;https://www.trendyol.com/xiaomi/redmi-buds-6-active-siyah-kulakici-kulaklik-anc-gurultu-engelleme-bt-5-4-tws-xiaomi-tr-garantili-p-848123412?boutiqueId=61&merchantId=668231;XiaomiRedmi Buds 6 Active - Black Earbuds Headphones Tws;Xiaomi;Electronique;Casques audio & Écouteurs;69.00;AED;;https://cdn.dsmcdn.com/mnresize/300/-/sfint/production/flags/ae.png|https://cdn.dsmcdn.com/mnresize/620/920/ty1745/product/media/images/prod/PIM/20250911/11/08e55876-cbab-467d-a77f-4eff83ce9f31/1_org_zoom.jpg|https://cdn.dsmcdn.com/mnresize/620/920/ty1791/prod/IMAGE_TRANSLATION_PIM/20251121/22/f8a1a333-e926-4d39-8511-9ca4b7e78cc3/1_org_zoom.jpg|https://cdn.dsmcdn.com/mnresize/620/920/ty1793/prod/IMAGE_TRANSLATION_PIM/20251122/00/807e98d5-98a6-4531-bd8c-d4e4d25ea24c/1_org_zoom.jpg|https://cdn.dsmcdn.com/mnresize/620/920/ty1743/product/media/images/prod/PIM/20250911/11/d7726d70-8339-4410-aa38-c6fd1f1985a5/1_org_zoom.jpg|https://cdn.dsmcdn.com/mnresize/620/920/ty1792/prod/IMAGE_TRANSLATION_PIM/20251121/21/0fcba6d8-cedf-49a3-b6fa-9d16c81f682d/1_org_zoom.jpg|https://cdn.dsmcdn.com/mnresize/620/920/ty1743/product/media/images/prod/PIM/20250911/11/d43b7ff8-8829-48ab-b59d-0154ca405b79/1_org_zoom.jpg|https://cdn.dsmcdn.com/mnresize/620/920/ty1743/product/media/images/prod/PIM/20250911/11/b1ddb6f5-331d-4a84-8935-45058869ec6b/1_org_zoom.jpg|https://cdn.dsmcdn.com/mnresize/620/920/ty1793/prod/IMAGE_TRANSLATION_PIM/20251122/07/ee2a05a7-a09c-48e4-8229-b2b34a4cf7b7/1_org_zoom.jpg|https://cdn.dsmcdn.com/mnresize/620/920/ty1743/product/media/images/prod/PIM/20250911/11/2dff9441-5314-4313-acdb-89a65b435d66/1_org_zoom.jpg|https://cdn.dsmcdn.com/mnresize/620/920/ty1792/prod/IMAGE_TRANSLATION_PIM/20251122/03/b0a3eee0-2622-4020-bf82-c0c21bd71cf3/1_org_zoom.jpg|https://cdn.dsmcdn.com/mnresize/620/920/ty1791/prod/IMAGE_TRANSLATION_PIM/20251122/02/27427fdf-1b28-4857-b265-156c342004e8/1_org_zoom.jpg|https://cdn.dsmcdn.com/mnresize/620/920/ty1791/prod/IMAGE_TRANSLATION_PIM/20251121/21/96db680d-8f1b-4ea2-8918-765be1c50c00/1_org_zoom.jpg|https://cdn.dsmcdn.com/mnresize/620/920/ty1793/prod/IMAGE_TRANSLATION_PIM/20251122/07/9ac2bb2d-f3f6-459c-8c5c-8d70c7e75c25/1_org_zoom.jpg|https://cdn.dsmcdn.com/mnresize/620/920/ty1745/product/media/images/prod/PIM/20250911/11/da80dfa1-478e-4f84-ab9e-44dc10d94fec/1_org_zoom.jpg|https://cdn.dsmcdn.com/mnresize/620/920/ty1793/prod/IMAGE_TRANSLATION_PIM/20251122/01/506e8443-5b7a-49f3-bd87-1a77f0ec2a1d/1_org_zoom.jpg|https://cdn.dsmcdn.com/mnresize/620/920/ty1792/prod/IMAGE_TRANSLATION_PIM/20251122/06/7bb4f23d-8330-4449-90fe-b9ce90863b43/1_org_zoom.jpg|https://cdn.dsmcdn.com/mnresize/620/920/ty1791/prod/IMAGE_TRANSLATION_PIM/20251122/09/7a9a64c3-83fb-47ce-ac7b-cf954bf78359/1_org_zoom.jpg|https://cdn.dsmcdn.com/mnresize/30/30/mobile/reviewrating/kamera-emoji6x.png|https://cdn.dsmcdn.com/mnresize/30/30/mobile/pdp/Additional/orange-heart_1f9e1.png|https://cdn.dsmcdn.com/mobile/international/PaymentLogo/tamara_snippet_en.png|https://cdn.dsmcdn.com/mobile/international/PaymentLogo/Tabby_snippet_new.png|https://cdn.dsmcdn.com/mnresize/34/34/indexing-sticker-stamp/stage/4b0d7ef1-8e8f-4c8f-b1c7-637e432ea2b4.png|https://cdn.dsmcdn.com/ty1745/product/media/images/prod/PIM/20250911/11/08e55876-cbab-467d-a77f-4eff83ce9f31/1_org_zoom.jpg|https://cdn.dsmcdn.com/sfweb-checkout/images/basket-icon_1751630173674.png|https://cdn.dsmcdn.com/mobile/international/PaymentLogo/Mastercard3x.png|https://cdn.dsmcdn.com/mobile/international/PaymentLogo/Visa3x.png|https://cdn.dsmcdn.com/mobile/international/PaymentLogo/Applepay3x.png|https://cdn.dsmcdn.com/mobile/international/PaymentLogo/tamara_logo_en.png|https://cdn.dsmcdn.com/mobile/international/PaymentLogo/Tabby_Basket_new.png|https://cdn.dsmcdn.com/mobile/international/PaymentLogo/cod-v4.png|https://cdn.dsmcdn.com/mobile/international/PaymentLogo/gpay3x.png|https://cdn.dsmcdn.com/sfweb-browsing/images/footer-pci-dss.png|https://cdn.dsmcdn.com/sfweb-browsing/images/footer-iso.png;34;ok
27;daraz;27_daraz;https://www.daraz.pk/products/6-54-30-i673108732-s3178287663.html?c=&channelLpJumpArgs=&clickTrackInfo=query%253ARedmi%252BBuds%252B6%252BActive%253Bnid%253A673108732%253Bsrc%253ALazadaMainSrp%253Brn%253A4e967445b379738213d8fb1d709f23a4%253Bregion%253Apk%253Bsku%253A673108732_PK%253Bprice%253A7500%253Bclient%253Adesktop%253Bsupplier_id%253A6005040012083%253Bsession_id%253A%253Bbiz_source%253Ah5_external%253Bslot%253A0%253Butlog_bucket_id%253A470687%253Basc_category_id%253A9708%253Bitem_id%253A673108732%253Bsku_id%253A3178287663%253Bshop_id%253A1038902%253BtemplateInfo%253A&freeshipping=1&fs_ab=1&fuse_fs=&lang=en&location=Punjab&price=7.5E%203&priceCompare=skuId%3A3178287663%3Bsource%3Alazada-search-voucher%3Bsn%3A4e967445b379738213d8fb1d709f23a4%3BoriginPrice%3A750000%3BdisplayPrice%3A750000%3BisGray%3Afalse%3BsinglePromotionId%3A-1%3BsingleToolCode%3A-1%3BvoucherPricePlugin%3A0%3Btimestamp%3A1783350442664&qSellingPoint=p--buds%206%20active___b--redmi&ratingscore=&request_id=4e967445b379738213d8fb1d709f23a4&review=&sale=0&search=1&source=search&spm=a2a0e.searchlist.list.0&stock=1;Redmi Buds 6 Active Earbuds with Bluetooth 5.4 & Up to 30 Hours Playtime;No Brand;Electronique;Casques audio & Écouteurs;7500;PKR;;https://pk-live-21.slatic.net/kf/S8fde38099f274b8cbd7e8eb06910832cC.jpg|https://pk-live-21.slatic.net/kf/S57d539c96a56485686039bf5c41d646cV.jpg|https://pk-live-21.slatic.net/kf/Sb9cd3520bbf146b08346a2667aef822bi.jpg|https://pk-live-21.slatic.net/kf/S4c7fec8018f34739b545f51535f67f14d.jpg|https://pk-live-21.slatic.net/kf/S204b9f1cd4eb446b9dba819415bd57f5f.jpg|https://pk-live-21.slatic.net/kf/S344c06ad7f5d4ff4b67dc3cd83c08831h.jpg|https://pk-live-21.slatic.net/kf/Se8c66f8f646d4863941783065a1a96b0r.jpg|https://pk-live-21.slatic.net/kf/Se2fdd044a9b341ae90d074f1f1f2ddcfI.jpg|https://pk-live-21.slatic.net/kf/S6fca7da67e9440ac8f883e6c12f70041w.jpg;9;ok
28;jumia;28_jumia;https://www.jumia.ma/sony-casque-ch520-bluetooth-blanc-64793682.html;Casque CH520 Bluetooth - Blanc ;Sony;Electronique;Casques audio & Écouteurs;474.00;MAD;Poids: Environ 147gType de casque: FerméDiaphragme: 30 mmRéponse en fréquence: 20 Hz - 20000 HzRéglage du volume: OuiFonctionnement passif: NonMode bruit ambiant: NonTemps de charge de la batterie: Environ 3 heursMéthode de charge de la batterie: USB (Type-C)Autonomie de la batterie ( En conversation continue): 40 h maxAutonomie de la batterie (en veille): 200 heurs maxVersion Bluetooth: Caractéristique bluetooth version 5.2portée effective: 10 m;https://ma.jumia.is/unsafe/fit-in/680x680/filters:fill(white)/product/28/639746/1.jpg?2245|https://ma.jumia.is/unsafe/fit-in/680x680/filters:fill(white)/product/28/639746/2.jpg?2245|https://ma.jumia.is/unsafe/fit-in/680x680/filters:fill(white)/product/28/639746/3.jpg?2245|https://ma.jumia.is/unsafe/fit-in/680x680/filters:fill(white)/product/28/639746/4.jpg?2245;4;ok
28;wildberries;28_wildberries;https://www.wildberries.ru/catalog/608873897/detail.aspx;Беспроводные наушники WH-CH520, черный;SONY;Electronique;Casques audio & Écouteurs;4481;RUB;;https://basket-30.wbbasket.ru/vol6088/part608873/608873897/images/big/1.webp|https://basket-30.wbbasket.ru/vol6088/part608873/608873897/images/big/2.webp|https://basket-30.wbbasket.ru/vol6088/part608873/608873897/images/big/3.webp|https://basket-30.wbbasket.ru/vol6088/part608873/608873897/images/big/4.webp|https://basket-30.wbbasket.ru/vol6088/part608873/608873897/images/big/5.webp|https://basket-30.wbbasket.ru/vol6088/part608873/608873897/images/big/6.webp|https://basket-30.wbbasket.ru/vol6088/part608873/608873897/images/big/7.webp|https://basket-30.wbbasket.ru/vol6088/part608873/608873897/images/big/8.webp;8;ok
28;trendyol;28_trendyol;https://www.trendyol.com/sony/wh-ch520-bluetooth-kablosuz-kulaklik-50-saat-pil-omru-hizli-sarj-hafif-tasarim-siyah-2025-modeli-p-783492239?boutiqueId=61&merchantId=105350;SonyWHCH520 Wireless Headphones Black;Sony;Electronique;Casques audio & Écouteurs;185.4;AED;;https://cdn.dsmcdn.com/mnresize/300/-/sfint/production/flags/ae.png|https://cdn.dsmcdn.com/mnresize/620/920/ty1737/prod/QC_PREP/20250829/21/53865d65-83ab-301b-8761-2a866b13bda1/1_org_zoom.jpg|https://cdn.dsmcdn.com/mnresize/620/920/ty1738/prod/QC_PREP/20250829/21/8079196b-e67f-3462-9270-757722bd9bba/1_org_zoom.jpg|https://cdn.dsmcdn.com/mnresize/620/920/ty1739/prod/QC_PREP/20250829/21/921116bc-7e0c-3660-93f3-c5ea72bfc0f3/1_org_zoom.jpg|https://cdn.dsmcdn.com/mnresize/620/920/ty1739/prod/QC_PREP/20250829/21/5a72e572-b40c-37bd-9b8b-e921e2228eb8/1_org_zoom.jpg|https://cdn.dsmcdn.com/mnresize/620/920/ty1737/prod/QC_PREP/20250829/21/b7b07b7c-0507-3e29-a3ab-0306c62d07c6/1_org_zoom.jpg|https://cdn.dsmcdn.com/mnresize/620/920/ty1740/prod/QC_PREP/20250829/21/2136db62-1e54-3252-9d67-dc72721d4b9c/1_org_zoom.jpg|https://cdn.dsmcdn.com/mnresize/620/920/ty1737/prod/QC_PREP/20250829/21/9b354d22-aab3-3d03-9fb4-ed69912cbbd1/1_org_zoom.jpg|https://cdn.dsmcdn.com/mnresize/620/920/ty1739/prod/QC_PREP/20250829/21/488953ad-e2b9-3fd4-8027-3eec20587dc4/1_org_zoom.jpg|https://cdn.dsmcdn.com/mobile/international/PaymentLogo/tamara_snippet_en.png|https://cdn.dsmcdn.com/mobile/international/PaymentLogo/Tabby_snippet_new.png|https://cdn.dsmcdn.com/mobile/international/PaymentLogo/cod-v4.png|https://cdn.dsmcdn.com/mnresize/30/30/mobile/reviewrating/kamera-emoji6x.png|https://cdn.dsmcdn.com/ty1737/prod/QC_PREP/20250829/21/53865d65-83ab-301b-8761-2a866b13bda1/1_org_zoom.jpg|https://cdn.dsmcdn.com/sfweb-checkout/images/basket-icon_1751630173674.png|https://cdn.dsmcdn.com/mobile/international/PaymentLogo/Mastercard3x.png|https://cdn.dsmcdn.com/mobile/international/PaymentLogo/Visa3x.png|https://cdn.dsmcdn.com/mobile/international/PaymentLogo/Applepay3x.png|https://cdn.dsmcdn.com/mobile/international/PaymentLogo/tamara_logo_en.png|https://cdn.dsmcdn.com/mobile/international/PaymentLogo/Tabby_Basket_new.png|https://cdn.dsmcdn.com/mobile/international/PaymentLogo/gpay3x.png|https://cdn.dsmcdn.com/sfweb-browsing/images/footer-pci-dss.png|https://cdn.dsmcdn.com/sfweb-browsing/images/footer-iso.png;23;ok
28;daraz;28_daraz;https://www.daraz.pk/products/sony-wh-ch520-wireless-headphones-with-microphone-i411954719.htmlv;Sony WH-CH520 Wireless Headphones with Microphone;No Brand;Electronique;Casques audio & Écouteurs;14799;PKR;Headphone Type: Closed Driver Unit: 30mm Wearing Style: On Ear DSEE: Yes Frequency Response (Bluetooth® Communication): Frequency Range(A2DP): Yes General Features (Active Headphones) Volume Control: Yes Features WH-CH520 Stunning sound and longer battery life Enjoy high sound quality all day long. The WH-CH520 headphones with up to 50 hours of battery life, stable connectivity, and enhanced call performance, meet the demands of your day. AT A GLANCE All your favorite features in the box Stay powered up for days A listening experience just for you Crystal clear calls Designed for all-day comfort With up to 50 hours of battery life, you can listen to your favorite music without worrying about running out of charge. And, if your headphones battery is running low, a 3-minute quick-charge can give you 1.5 hours of listening time. Digital Sound Enhancement Engine (DSEE) restores the harmonics and liveliness lost during typical music compression, for a more authentic performance. You can even tailor music to your own taste with EQ settings on the Sony | Headphones Connect app, for a personalized listening experience. A built-in microphone provides you with hands-free calling, and it also works just as well for joining an online class or work meeting. 1 Not only is the design stylish, but it’s also crafted with ease-of-use in mind. The lightweight build and swivel earcups gently slip on and off, while the adjustable headband, cushion and soft ear pads give you all-day comfort. Learn More Learn More Learn More Learn More Stays powered up for days Listen longer with up to 50-hour battery life Keep your music playing all day with a battery life that delivers up to 50 hours of power. 1 USB Type-C quick charging gives up to 90 mins of play back from 3 minutes of charge. Now you’ll have enough power for multi-day road trips and long festival weekends. Enjoy all day comfort With an adjustable headband, soft earpads and lightweight design, you can find your perfect fit and stay co;https://static-01.daraz.pk/p/16de0cd674110da901e5a71712ef03ff.png;1;ok
29;jumia;29_jumia;https://www.jumia.ma/realme-ecouteurs-sans-fil-bluetooth-61366216.html;Ecouteurs sans fil Bluetooth;realme;Electronique;Casques audio & Écouteurs;230.00;MAD;Taille du pilote sonore-10mmCodec Audio-AAC, SBCcasque d’écoute avec suppression du bruit actif;https://ma.jumia.is/unsafe/fit-in/680x680/filters:fill(white)/product/61/266316/1.jpg?4786|https://ma.jumia.is/unsafe/fit-in/680x680/filters:fill(white)/product/61/266316/2.jpg?4786|https://ma.jumia.is/unsafe/fit-in/680x680/filters:fill(white)/product/61/266316/3.jpg?4786|https://ma.jumia.is/unsafe/fit-in/680x680/filters:fill(white)/product/61/266316/4.jpg?4786;4;ok
29;wildberries;29_wildberries;https://www.wildberries.ru/catalog/268855724/detail.aspx;Беспроводные наушники Realme Buds Air 6, Глобальная версия;Realme;Electronique;Casques audio & Écouteurs;3692.93;RUB;;https://basket-17.wbbasket.ru/vol2688/part268855/268855724/images/big/1.webp;1;ok
29;trendyol;29_trendyol;https://www.trendyol.com/realme/buds-air-6-tws-earbuds-with-12-4-mm-deep-bass-driver-bluetooth-v5-3-flame-silver-p-886434661;realmeBuds Air 6 TWS Earbuds with 12.4 mm Deep Bass Driver, Bluetooth v5.3 (Flame Silver);realme;Electronique;Casques audio & Écouteurs;140.00;AED;;https://cdn.dsmcdn.com/mnresize/300/-/sfint/production/flags/ae.png|https://cdn.dsmcdn.com/mnresize/620/920/ty1615/prod/QC/20241223/13/e93f91f2-d323-3cc7-abb7-e38309e7c7c9/1_org_zoom.jpg|https://cdn.dsmcdn.com/mnresize/620/920/ty1614/prod/QC/20241223/13/09f38ac1-c596-33aa-8b50-2863a1cee934/1_org_zoom.jpg|https://cdn.dsmcdn.com/mnresize/128/-/indexing-sticker-stamp/mars/f5a86130-7b62-457e-8562-25db0fb7f1be.png|https://cdn.dsmcdn.com/mnresize/620/920/ty1614/prod/QC/20241223/13/6cb335dd-1f52-334c-b272-492b3787c5b4/1_org_zoom.jpg|https://cdn.dsmcdn.com/mnresize/620/920/ty1616/prod/QC/20241223/13/ca949549-e5ce-3088-8b88-13c917ef3d31/1_org_zoom.jpg|https://cdn.dsmcdn.com/mnresize/620/920/ty1616/prod/QC/20241223/13/301af382-a233-3cac-befb-bd3b909153e2/1_org_zoom.jpg|https://cdn.dsmcdn.com/mnresize/30/30/mobile/pdp/Additional/orange-heart_1f9e1.png|https://cdn.dsmcdn.com/mnresize/128/192/ty1614/prod/QC/20241223/13/f223c14c-dfd8-322a-9a45-ef14c2f41c00/1_org_zoom.jpg|https://cdn.dsmcdn.com/mnresize/128/192/ty1615/prod/QC/20241223/13/e93f91f2-d323-3cc7-abb7-e38309e7c7c9/1_org_zoom.jpg|https://cdn.dsmcdn.com/mobile/international/PaymentLogo/tamara_snippet_en.png|https://cdn.dsmcdn.com/mobile/international/PaymentLogo/Tabby_snippet_new.png|https://cdn.dsmcdn.com/mobile/international/PaymentLogo/cod-v4.png|https://cdn.dsmcdn.com/mnresize/34/34/indexing-sticker-stamp/stage/4b0d7ef1-8e8f-4c8f-b1c7-637e432ea2b4.png|https://cdn.dsmcdn.com/ty1615/prod/QC/20241223/13/e93f91f2-d323-3cc7-abb7-e38309e7c7c9/1_org_zoom.jpg|https://cdn.dsmcdn.com/sfweb-checkout/images/basket-icon_1751630173674.png|https://cdn.dsmcdn.com/mobile/international/PaymentLogo/Mastercard3x.png|https://cdn.dsmcdn.com/mobile/international/PaymentLogo/Visa3x.png|https://cdn.dsmcdn.com/mobile/international/PaymentLogo/Applepay3x.png|https://cdn.dsmcdn.com/mobile/international/PaymentLogo/tamara_logo_en.png|https://cdn.dsmcdn.com/mobile/international/PaymentLogo/Tabby_Basket_new.png|https://cdn.dsmcdn.com/mobile/international/PaymentLogo/gpay3x.png|https://cdn.dsmcdn.com/sfweb-browsing/images/footer-pci-dss.png|https://cdn.dsmcdn.com/sfweb-browsing/images/footer-iso.png;24;ok
29;daraz;29_daraz;https://www.daraz.pk/products/realme-buds-air-6-i512755062.html;Realme buds air 6;No Brand;Electronique;Casques audio & Écouteurs;18000;PKR;Realme buds air 6 global version. Box pack branded new. 50db ANC IP55 Water resistant 12.4mm deep bass driver Transparency mood Game mood 6Mic call noise cancelation Hi-Res LHDC 5.0 Dynamic bass boost Bluetooth 5.3 Super low latency 55ms Upto 40 hours of playback 10 min charge for 7 hours playback Realme buds air 6 global version. Box pack branded new. 50db ANC IP55 Water resistant 12.4mm deep bass driver Transparency mood Game mood 6Mic call noise cancelation Hi-Res LHDC 5.0 Dynamic bass boost Bluetooth 5.3 Super low latency 55ms Upto 40 hours of playback 10 min charge for 7 hours playback Specifications of Brand No Brand SKU 512755062_PK-2439190882 Compatible Devices Not Specified;https://pk-live-21.slatic.net/kf/Scf2ea9719d5f4592942cece36758838a4.jpg;1;ok
30;jumia;30_jumia;https://www.jumia.ma/samsung-galaxy-buds-2-pro-noir-sans-fil-audio-360-autonomie-18-heures-64966793.html;Galaxy Buds 2 Pro Noir Sans Fil - Audio 360° - Autonomie 18 heures;Samsung;Electronique;Casques audio & Écouteurs;2514.00;MAD;Couleur : VioletType de Connexion : BluetoothSon : Audio 360°Autonomie de Batterie : Jusqu'à 18 heuresDesign : Ergonomique et légerRéduction de Bruit : Oui, technologie de réduction de bruit ambiantCompatibilité : Appareils Samsung et autres appareils compatibles BluetoothFonctionnalités : Compatibilité avec les assistants vocaux, contrôle tactile, étui de chargement compact;https://ma.jumia.is/unsafe/fit-in/680x680/filters:fill(white)/product/39/766946/1.jpg?5785|https://ma.jumia.is/unsafe/fit-in/680x680/filters:fill(white)/product/39/766946/2.jpg?5785|https://ma.jumia.is/unsafe/fit-in/680x680/filters:fill(white)/product/39/766946/3.jpg?5785|https://ma.jumia.is/unsafe/fit-in/680x680/filters:fill(white)/product/39/766946/4.jpg?5785|https://ma.jumia.is/unsafe/fit-in/680x680/filters:fill(white)/product/39/766946/5.jpg?5785|https://ma.jumia.is/unsafe/fit-in/680x680/filters:fill(white)/product/39/766946/6.jpg?5785;6;ok
30;wildberries;30_wildberries;https://www.wildberries.ru/catalog/53677212/detail.aspx;Наушники Samsung Galaxy Buds 2 черный;;Electronique;Casques audio & Écouteurs;14780.87;RUB;;https://basket-04.wbbasket.ru/vol536/part53677/53677212/images/big/1.webp|https://basket-04.wbbasket.ru/vol536/part53677/53677212/images/big/2.webp|https://basket-04.wbbasket.ru/vol536/part53677/53677212/images/big/3.webp|https://basket-04.wbbasket.ru/vol536/part53677/53677212/images/big/4.webp|https://basket-04.wbbasket.ru/vol536/part53677/53677212/images/big/5.webp|https://basket-04.wbbasket.ru/vol536/part53677/53677212/images/big/6.webp|https://basket-04.wbbasket.ru/vol536/part53677/53677212/images/big/7.webp|https://basket-04.wbbasket.ru/vol536/part53677/53677212/images/big/8.webp|https://basket-04.wbbasket.ru/vol536/part53677/53677212/images/big/9.webp;9;ok
30;trendyol;30_trendyol;https://www.trendyol.com/en/samsung/galaxy-buds2-wireless-headphones-purple-p-138402701?choicennenabled=true;SamsungGalaxy Buds2 Wireless Headphones Purple;Samsung;Electronique;Casques audio & Écouteurs;616.43;AED;;https://cdn.dsmcdn.com/mnresize/300/-/sfint/production/flags/ae.png|https://cdn.dsmcdn.com/mnresize/620/920/ty1550/prod/QC/20240917/02/77d33427-7a90-3294-935e-61dd9228a99f/1_org_zoom.jpg|https://cdn.dsmcdn.com/mnresize/620/920/ty1548/prod/QC/20240917/02/eb82b925-bc46-33ce-870b-1da5613a0f15/1_org_zoom.jpg|https://cdn.dsmcdn.com/mnresize/620/920/ty1550/prod/QC/20240917/02/b2ac204b-28df-3a4a-b2bf-a1bb1e7daf55/1_org_zoom.jpg|https://cdn.dsmcdn.com/mnresize/620/920/ty1549/prod/QC/20240917/02/282576d4-9d43-3ce5-a208-9c91f4da54b3/1_org_zoom.jpg|https://cdn.dsmcdn.com/mnresize/620/920/ty1550/prod/QC/20240917/02/ccc48b3a-3a69-3a4f-96cd-ba74e63a5ab7/1_org_zoom.jpg|https://cdn.dsmcdn.com/mnresize/620/920/ty1548/prod/QC/20240917/02/50b731e0-28d5-3886-b5cd-99681e8c25f7/1_org_zoom.jpg|https://cdn.dsmcdn.com/mnresize/620/920/ty1550/prod/QC/20240917/02/3c0ba4c0-c757-3923-8e58-5f6ffbec8984/1_org_zoom.jpg|https://cdn.dsmcdn.com/mnresize/620/920/ty1549/prod/QC/20240917/02/242fa960-4332-3eb7-9f7e-2fafa86999df/1_org_zoom.jpg|https://cdn.dsmcdn.com/mobile/international/PaymentLogo/tamara_snippet_en.png|https://cdn.dsmcdn.com/mobile/international/PaymentLogo/Tabby_snippet_new.png|https://cdn.dsmcdn.com/mobile/international/PaymentLogo/cod-v4.png|https://cdn.dsmcdn.com/mnresize/30/30/mobile/reviewrating/kamera-emoji6x.png|https://cdn.dsmcdn.com/ty1550/prod/QC/20240917/02/77d33427-7a90-3294-935e-61dd9228a99f/1_org_zoom.jpg|https://cdn.dsmcdn.com/sfweb-checkout/images/basket-icon_1751630173674.png|https://cdn.dsmcdn.com/mobile/international/PaymentLogo/Mastercard3x.png|https://cdn.dsmcdn.com/mobile/international/PaymentLogo/Visa3x.png|https://cdn.dsmcdn.com/mobile/international/PaymentLogo/Applepay3x.png|https://cdn.dsmcdn.com/mobile/international/PaymentLogo/tamara_logo_en.png|https://cdn.dsmcdn.com/mobile/international/PaymentLogo/Tabby_Basket_new.png|https://cdn.dsmcdn.com/mobile/international/PaymentLogo/gpay3x.png|https://cdn.dsmcdn.com/sfweb-browsing/images/footer-pci-dss.png|https://cdn.dsmcdn.com/sfweb-browsing/images/footer-iso.png;23;ok
30;daraz;30_daraz;https://www.daraz.pk/products/samsung-galaxy-buds-2-original-galaxy-buds-2-i233145904.html;Samsung Galaxy Buds 2 Original / Galaxy Buds 2;No Brand;Electronique;Casques audio & Écouteurs;23499;PKR;"Your Ears Never Had It So Good: Galaxy Buds2 ear buds take your passion for music to new heights with booming sound that makes you feel like you’re on stage with your favorite band Tune Out Noises, Tune In Voices: Active Noise Cancellation blocks out unwanted sounds, helping you keep your focus wherever you are; Low latency Ambient Sound mode picks up the sounds you want to hear, so you always have the perfect audio level for every moment* Feels Good While Looking Good: Galaxy Buds2 have a comfortable, low profile design that’s 10% smaller and lighter than Galaxy Buds+; You may get to the end of your playlist before you remember you’re wearing them at all Hear Clearly, Speak Confidently: The earbuds’ 3 microphones and noise reduction technology ensures voices are transmitted crisply and clearly, whether you’re chatting with a friend or leading a high stakes conference call Power Worthy of Your Longest Playlist: Indulge your love of music with a long-lasting battery that’s up to the job — so your music doesn’t stop until you do* Tap for Total Control: Control your playlist or answer calls with the tap of a finger with touch control — no more fumbling for your phone to change a song Switch It Up: With Auto Switch, the earphones detect what connection you need and instantly shifts audio to that Galaxy device*; Shift effortlessly between your Galaxy phone, tablet, watch, or PC Connectivity BluetoothÃÂÃÂÃÂÃÂ® Version Bluetooth v5.2 General Color Olive Physical specification Earbud Dimension (W x H x D) 17.0(W) x 20.9(H) x 21.1(D) mm Battery Battery Capacity (Earbud) 61 Audio and Video Ambient Sound Yes Services and Applications Bixby Connection Yes General Feature Microphone 3 M=mic (2 outer + 1 inner) + Voice Pickup Unit Call Function Call Receiving 3 Mic + Voice Pickup Unit Bluetooth Profiles A2DP,AVRCP,HFP Compatible Specification of Smartphone Android 7.0 ÃÂÃÂ¢ÃÂÃÂÃÂÃÂ , 1.5GB ÃÂÃÂ¢ÃÂÃÂÃÂÃÂ Case Dimension (W x H x D) 50(W) x 50.2(H) x 27.";https://static-01.daraz.pk/p/3aeed240a6d9d16c2bc7509b4be42f6e.jpg;1;ok
31;jumia;31_jumia;https://www.jumia.ma/the-ordinary-niacinamide-10-zinc-1-produit-original-65874329.html;Niacinamide 10% + Zinc 1% Produit Original;The Ordinary;Beauté & Cosmétiques;Parfums;149.00;MAD;Atténue les imperfections de la peau.Affine le grain de peau.Sans alcool.Sans huile.Sans silicone.;https://ma.jumia.is/unsafe/fit-in/680x680/filters:fill(white)/product/92/347856/1.jpg?2745|https://ma.jumia.is/unsafe/fit-in/680x680/filters:fill(white)/product/92/347856/2.jpg?2745|https://ma.jumia.is/unsafe/fit-in/680x680/filters:fill(white)/product/92/347856/3.jpg?2745|https://ma.jumia.is/unsafe/fit-in/680x680/filters:fill(white)/product/92/347856/4.jpg?2745|https://ma.jumia.is/unsafe/fit-in/680x680/filters:fill(white)/product/92/347856/5.jpg?2745;5;ok
31;wildberries;31_wildberries;https://global.wildberries.ru/catalog/725831186/detail.aspx;Сыворотка против прыщей с ниацинамидом и цинком;The ordinary;Beauté & Cosmétiques;Parfums;888;RUB;;https://basket-34.wbbasket.ru/vol7258/part725831/725831186/images/big/1.webp|https://basket-34.wbbasket.ru/vol7258/part725831/725831186/images/big/2.webp;2;ok
31;trendyol;31_trendyol;https://www.trendyol.com/the-ordinary/niacinamide-10-zinc-1-leke-ve-gozenek-gorunumu-karsiti-serumu-30-ml-beauty-p-951534098?boutiqueId=61&merchantId=1178602;The Ordinary Niacinamide 10% + Zinc 1% - Anti-Blemish and Pore Appearance Serum 30 ml Beauty;The Ordinary;Beauté & Cosmétiques;Parfums;38.89;AED;;https://cdn.dsmcdn.com/ty1702/prod/QC_PREP/20250701/13/7ee514ce-a600-384e-8359-4bd8e5ab7dff/1_org_zoom.jpg|https://cdn.dsmcdn.com/ty1702/prod/QC_PREP/20250701/13/96b152da-c47d-398d-a6c7-f2466a33ef88/1_org_zoom.jpg|https://cdn.dsmcdn.com/ty1703/prod/QC_PREP/20250701/13/c36abbda-692f-345e-b645-c9f2611eb771/1_org_zoom.jpg|https://cdn.dsmcdn.com/ty1701/prod/QC_PREP/20250701/13/2924cfa7-37c4-387b-81f0-fb0e113a260a/1_org_zoom.jpg|https://cdn.dsmcdn.com/ty1703/prod/QC_PREP/20250701/13/c2219271-43c4-3bd4-b6d8-5e6345432528/1_org_zoom.jpg|https://cdn.dsmcdn.com/ty1703/prod/QC_PREP/20250701/13/654e0cc4-d7e0-3972-a774-36e48630c1df/1_org_zoom.jpg;6;ok
31;daraz;31_daraz;https://www.daraz.pk/products/10-1-i1948126056-s14011748569.html?c=&channelLpJumpArgs=&clickTrackInfo=query%253AThe%252BOrdinary%252BNiacinamide%252B10%252525%252B%25252B%252BZinc%252B1%252525%253Bnid%253A1948126056%253Bsrc%253ALazadaMainSrp%253Brn%253Ad66c31125fa45c488fd3fd2782da8bd7%253Bregion%253Apk%253Bsku%253A1948126056_PK%253Bprice%253A1890%253Bclient%253Adesktop%253Bsupplier_id%253A6005015799126%253Bsession_id%253A%253Bbiz_source%253Ah5_external%253Bslot%253A1%253Butlog_bucket_id%253A470687%253Basc_category_id%253A7286%253Bitem_id%253A1948126056%253Bsku_id%253A14011748569%253Bshop_id%253A738908%253BtemplateInfo%253A&freeshipping=0&fs_ab=1&fuse_fs=&lang=en&location=Khyber%20Pakhtunkhwa&price=1.89E%203&priceCompare=skuId%3A14011748569%3Bsource%3Alazada-search-voucher%3Bsn%3Ad66c31125fa45c488fd3fd2782da8bd7%3BoriginPrice%3A189000%3BdisplayPrice%3A189000%3BisGray%3Afalse%3BsinglePromotionId%3A-1%3BsingleToolCode%3AmockedSalePrice%3BvoucherPricePlugin%3A0%3Btimestamp%3A1783430189732&qSellingPoint=b--the%20ordinary___p--niacinamide%2010%25%20%2B%20zinc%201%25&ratingscore=4.25&request_id=d66c31125fa45c488fd3fd2782da8bd7&review=8&sale=80&search=1&source=search&spm=a2a0e.searchlist.list.1&stock=1;Ordinary Niacinamide 10% +zinc 1%;PALMERS;Beauté & Cosmétiques;Parfums;1890;PKR;;https://pk-live-21.slatic.net/kf/S2f1dc0e65cda4ec4a9e7b64748e2f99a0.jpg|https://pk-live-21.slatic.net/kf/Se91d37a2eaa84319b180c8fee0cfad4d8.jpg|https://pk-live-21.slatic.net/kf/Sa586d9906f4a40ff9679f071cb5f9212e.jpg;3;ok
32;jumia;32_jumia;https://www.jumia.ma/the-ordinary-glycolic-acid-7-solution-tonifiante-lotion-exfoliante-100ml-65418842.html;Glycolic acid 7% Solution Tonifiante - Lotion Exfoliante - 100ML;The Ordinary;Beauté & Cosmétiques;Parfums;179.00;MAD;Glycolic Acid: An alpha hydroxyl acid that exfoliates the skin. Tasmanian Pepperberry Derivative: Helps reduce irritation associated with acid use. Ginseng Root and Aloe Vera: Offer both visible radiance and soothing benefits. Water, Glycolic Acid, Rosa damascena flower water, Centaurea cyanus flower water, Aloe Barbadensis Leaf Water, Propanediol, Glycerin, Triethanolamine, Aminomethyl Propanol, Panax Ginseng Root Extract, Tasmannia Lanceolata Fruit/Leaf Extract, Aspartic Acid, Alanine, Glycine, Serine, Valine, Isoleucine, Proline, Threonine, Histidine, Phenylalanine, Glutamic Acid, Arginine, PCA, Sodium PCA, Sodium Lactate, Fructose, Glucose, Sucrose, Urea, Hexyl Nicotinate, Dextrin, Citric Acid, Polysorbate 20, Gellan Gum, Trisodium Ethylenediamine Disuccinate, Sodium Chloride, Hexylene Glycol, Potassium Sorbate, Sodium Benzoate, 1,2-Hexanediol, Caprylyl Glycol.;https://ma.jumia.is/unsafe/fit-in/680x680/filters:fill(white)/product/24/881456/1.jpg?6764|https://ma.jumia.is/unsafe/fit-in/680x680/filters:fill(white)/product/24/881456/2.jpg?6764|https://ma.jumia.is/unsafe/fit-in/680x680/filters:fill(white)/product/24/881456/3.jpg?6764|https://ma.jumia.is/unsafe/fit-in/680x680/filters:fill(white)/product/24/881456/4.jpg?6764;4;ok
32;wildberries;32_wildberries;https://global.wildberries.ru/catalog/548877005/detail.aspx;Тонер для лица Glycolic Acid 7% Exfoliating Toner;The ordinary;Beauté & Cosmétiques;Parfums;2229;RUB;;https://basket-28.wbbasket.ru/vol5488/part548877/548877005/images/big/1.webp|https://basket-28.wbbasket.ru/vol5488/part548877/548877005/images/big/2.webp;2;ok
32;trendyol;32_trendyol;https://www.trendyol.com/en/the-ordinary/the-ordinary-glycolic-acid-7-exfoliating-toner-240ml-p-99769856;The Ordinary The Ordinary Glycolic Acid 7% Exfoliating Toner 240ml;The Ordinary;Beauté & Cosmétiques;Parfums;77.7;AED;;https://cdn.dsmcdn.com/ty1316/product/media/images/prod/QC/20240516/08/cd5f0c41-bd42-3442-aa31-2d11a2702fed/1_org_zoom.jpg;1;ok
32;daraz;32_daraz;https://www.daraz.pk/products/the-ordinary-glycolic-acid-7-exfoliating-toner-240ml-i1960488444-s14025642574.html?c=&channelLpJumpArgs=&clickTrackInfo=query%253AThe%252BOrdinary%252BGlycolic%252Bacid%253Bnid%253A1960488444%253Bsrc%253ALazadaMainSrp%253Brn%253Ad3ca5add1c5b23cd7c9a2a19d28cf8e0%253Bregion%253Apk%253Bsku%253A1960488444_PK%253Bprice%253A1784.15%253Bclient%253Adesktop%253Bsupplier_id%253A6005039580121%253Bsession_id%253A%253Bbiz_source%253Ah5_external%253Bslot%253A0%253Butlog_bucket_id%253A470687%253Basc_category_id%253A7285%253Bitem_id%253A1960488444%253Bsku_id%253A14025642574%253Bshop_id%253A1030960%253BtemplateInfo%253A&freeshipping=1&fs_ab=1&fuse_fs=&lang=en&location=Sindh&price=1784.15&priceCompare=skuId%3A14025642574%3Bsource%3Alazada-search-voucher%3Bsn%3Ad3ca5add1c5b23cd7c9a2a19d28cf8e0%3BoriginPrice%3A178400%3BdisplayPrice%3A178400%3BisGray%3Afalse%3BsinglePromotionId%3A50000073372002%3BsingleToolCode%3ApromPrice%3BvoucherPricePlugin%3A0%3Btimestamp%3A1783430747676&qSellingPoint=b--the%20ordinary___p--glycolic%20acid&ratingscore=&request_id=d3ca5add1c5b23cd7c9a2a19d28cf8e0&review=&sale=3&search=1&source=search&spm=a2a0e.searchlist.list.0&stock=1;;;Beauté & Cosmétiques;Parfums;899;PKR;;https://gw.alicdn.com/imgextra/i2/O1CN01jHjmpl1pxcRVgFrYS_!!6000000005427-0-tps-150-150.jpg|https://gw.alicdn.com/imgextra/i3/O1CN012f276t1zJuDINv48i_!!6000000006694-2-tps-600-600.png;2;ok
33;jumia;33_jumia;https://www.jumia.ma/maybelline-fond-de-teint-fluide-fit-me-matte-poreless-peaux-normales-a-grasse-120-classique-ivory-30-ml-32208933.html;Fond de teint fluide - Fit Me Matte & Poreless - Peaux normales à grasse - 120 CLASSIQUE IVORY - 30 ml;Maybelline;Beauté & Cosmétiques;Parfums;92.00;MAD;"Appliquez une noisette de produit sur la zone médiane et étirez vers l&#039;extérieur du visage. Pour parfaire votre maquillage, utilisez l&#039;anti-cernes et la poudre FIT ME après avoir appliqué votre fond de teint.";https://ma.jumia.is/unsafe/fit-in/680x680/filters:fill(white)/product/33/980223/1.jpg?7196|https://ma.jumia.is/unsafe/fit-in/680x680/filters:fill(white)/product/33/980223/2.jpg?1738|https://ma.jumia.is/unsafe/fit-in/680x680/filters:fill(white)/product/33/980223/3.jpg?1739|https://ma.jumia.is/unsafe/fit-in/680x680/filters:fill(white)/product/33/980223/4.jpg?1741|https://ma.jumia.is/unsafe/fit-in/680x680/filters:fill(white)/product/33/980223/5.jpg?1743|https://ma.jumia.is/unsafe/fit-in/680x680/filters:fill(white)/product/33/980223/6.jpg?1746|https://ma.jumia.is/unsafe/fit-in/680x680/filters:fill(white)/product/33/980223/7.jpg?7196;7;ok
33;wildberries;33_wildberries;https://www.wildberries.ru/catalog/247895861/detail.aspx;Тональный крем Fit Me Matte + Poreless Fair Ivory;Maybelline New york;Beauté & Cosmétiques;Parfums;829;RUB;;https://basket-16.wbbasket.ru/vol2478/part247895/247895861/images/big/1.webp|https://basket-16.wbbasket.ru/vol2478/part247895/247895861/images/big/2.webp|https://basket-16.wbbasket.ru/vol2478/part247895/247895861/images/big/3.webp|https://basket-16.wbbasket.ru/vol2478/part247895/247895861/images/big/4.webp;4;ok
33;trendyol;33_trendyol;https://www.trendyol.com/maybelline-new-york/mat-fondoten-fit-me-matte-poreless-foundation-140-cool-medium-3600531551049-p-5217330;Maybelline New York Matte Foundation - Fit Me Matte + Poreless Foundation 140 Cool Medium3600531551049;Maybelline New York;Beauté & Cosmétiques;Parfums;100.82;AED;;https://cdn.dsmcdn.com/ty1725/prod/IMAGE_TRANSLATION/20250702/18/6aba579a-f560-48e5-a0f7-f7928895fee2/1_org_zoom.jpg|https://cdn.dsmcdn.com/ty1533/product/media/images/prod/QC/20240910/11/04004e14-12fa-3410-bc43-c70a6b57e827/1_org_zoom.jpg|https://cdn.dsmcdn.com/ty1534/product/media/images/prod/QC/20240910/11/c14f658e-95a0-30af-a42f-b8d8e9a189b0/1_org_zoom.jpg|https://cdn.dsmcdn.com/ty1535/product/media/images/prod/QC/20240910/11/c15d50e3-3383-390d-a161-f87762ba83ff/1_org_zoom.jpg|https://cdn.dsmcdn.com/ty1534/product/media/images/prod/QC/20240910/11/f33e331b-7bcf-3107-b64d-88743f2728aa/1_org_zoom.jpg;5;ok
33;daraz;33_daraz;https://www.daraz.pk/products/maybelline-new-york-fit-me-matte-poreless-liquid-foundation-18ml-tube-120-classic-ivory-for-normal-to-oily-skin-i270480028-s1483974908.html?c=&channelLpJumpArgs=&clickTrackInfo=query%253AMaybelline%252BFit%252BMe%252BFoundation%253Bnid%253A270480028%253Bsrc%253ALazadaMainSrp%253Brn%253Ad5bcb94bc94309cc1a6066fd19532954%253Bregion%253Apk%253Bsku%253A270480028_PK%253Bprice%253A1557%253Bclient%253Adesktop%253Bsupplier_id%253A6005425456003%253Bsession_id%253A%253Bbiz_source%253Ah5_external%253Bslot%253A1%253Butlog_bucket_id%253A470687%253Basc_category_id%253A1512%253Bitem_id%253A270480028%253Bsku_id%253A1483974908%253Bshop_id%253A794482%253BtemplateInfo%253A&freeshipping=0&fs_ab=1&fuse_fs=&lang=en&location=Punjab&price=1557&priceCompare=skuId%3A1483974908%3Bsource%3Alazada-search-voucher%3Bsn%3Ad5bcb94bc94309cc1a6066fd19532954%3BoriginPrice%3A155700%3BdisplayPrice%3A155700%3BisGray%3Afalse%3BsinglePromotionId%3A-1%3BsingleToolCode%3AmockedSalePrice%3BvoucherPricePlugin%3A0%3Btimestamp%3A1783431227403&qSellingPoint=p--fit%20me%20foundation___b--maybelline&ratingscore=4.428194993412385&request_id=d5bcb94bc94309cc1a6066fd19532954&review=883&sale=3568&search=1&source=search&spm=a2a0e.searchlist.list.1&stock=1;Maybelline New York Fit Me Matte & Poreless Liquid Foundation 18ml Tube - 120 Classic Ivory - For Normal to Oily Skin;Maybelline New York;Beauté & Cosmétiques;Parfums;1557;PKR;;https://static-01.daraz.pk/p/0bc98eb99767d04de5dc798b3c509877.jpg|https://static-01.daraz.pk/p/99b0eccb058f551d678d033aec1c196c.jpg|https://static-01.daraz.pk/p/0cec677682c35ca661c8a996d86392f6.png|https://static-01.daraz.pk/p/609412c32851e275987c3cf8736a4a0e.jpg|https://static-01.daraz.pk/p/880713771e56f7cd6b88916ab2f91f95.jpg|https://static-01.daraz.pk/p/f11e19ef40cb4f1c34e336fbc2d2c15f.jpg;6;ok
34;jumia;34_jumia;https://www.jumia.ma/intensive-care-cocoa-radiant-body-oil-200-ml-vaseline-mpg1412076.html;intensive care cocoa radiant body oil 200 ml;Vaseline;Beauté & Cosmétiques;Parfums;99.00;MAD;Régénère la peau et emprisonne l'humiditéPour une peau saine et éclatanteAu pur beurre de cacao;https://ma.jumia.is/unsafe/fit-in/680x680/filters:fill(white)/product/13/714236/1.jpg?3984|https://ma.jumia.is/unsafe/fit-in/680x680/filters:fill(white)/product/13/714236/2.jpg?3984;2;ok
34;wildberries;34_wildberries;https://www.wildberries.ru/catalog/558390773/detail.aspx;Масло для тела из какао-масла и смеси вазелинового желе;Vaseline;Beauté & Cosmétiques;Parfums;1099;RUB;;https://basket-29.wbbasket.ru/vol5583/part558390/558390773/images/big/1.webp|https://basket-29.wbbasket.ru/vol5583/part558390/558390773/images/big/2.webp|https://basket-29.wbbasket.ru/vol5583/part558390/558390773/images/big/3.webp;3;ok
34;trendyol;34_trendyol;https://www.trendyol.com/en/vaseline/intensive-care-cocoa-radiant-body-oil-white-200ml-p-937831684;Vaseline Intensive Care Cocoa Radiant Body Oil White 200ml;Vaseline;Beauté & Cosmétiques;Parfums;29.12;AED;;https://cdn.dsmcdn.com/ty1681/prod/QC/20250519/13/68670dcc-edd3-36fb-bc49-c8d73e72109b/1_org_zoom.jpg;1;ok
34;daraz;34_daraz;https://www.daraz.pk/products/200-i1958927683-s14023470292.html?c=&channelLpJumpArgs=&clickTrackInfo=query%253AVaseline%252Bintensive%252Bcare%252Bcocoa%252Bradiant%252Bbody%252Boil%253Bnid%253A1958927683%253Bsrc%253ALazadaMainSrp%253Brn%253Adb76ab3fcaada2eef4d9b5043add3614%253Bregion%253Apk%253Bsku%253A1958927683_PK%253Bprice%253A4849%253Bclient%253Adesktop%253Bsupplier_id%253A6005423184635%253Bsession_id%253A%253Bbiz_source%253Ah5_external%253Bslot%253A4%253Butlog_bucket_id%253A470687%253Basc_category_id%253A1468%253Bitem_id%253A1958927683%253Bsku_id%253A14023470292%253Bshop_id%253A2179640%253BtemplateInfo%253A&freeshipping=0&fs_ab=1&fuse_fs=&lang=en&location=Sindh&price=4849&priceCompare=skuId%3A14023470292%3Bsource%3Alazada-search-voucher%3Bsn%3Adb76ab3fcaada2eef4d9b5043add3614%3BoriginPrice%3A484900%3BdisplayPrice%3A484900%3BisGray%3Afalse%3BsinglePromotionId%3A-1%3BsingleToolCode%3AmockedSalePrice%3BvoucherPricePlugin%3A0%3Btimestamp%3A1783527847287&ratingscore=&request_id=db76ab3fcaada2eef4d9b5043add3614&review=&sale=0&search=1&source=search&spm=a2a0e.searchlist.list.4&stock=1;Vase-line Intensive Care Cocoa Radiant Body Oil 200ml in pakistan;No Brand;Beauté & Cosmétiques;Parfums;4849;PKR;;https://static-01.daraz.pk/p/87a9f24a90ab30af7647ecbda9ffc361.jpg|https://static-01.daraz.pk/p/e21fffea39319395a6804358445d1f8d.jpg|https://static-01.daraz.pk/p/a041bb238bfed0d68f8a976ef57de99f.jpg;3;ok
35;jumia;35_jumia;https://www.jumia.ma/vatika-huile-capillaire-enrichie-en-amande-avec-sesame-et-noix-de-coco-200-ml-65286805.html;Huile capillaire enrichie en amande avec sésame et noix de coco, 200 ml;Vatika;Beauté & Cosmétiques;Parfums;43.00;MAD;"La texture légère de l'Huile de Cheveux Enrichie aux Amandes Dabur Vatika Naturals permet une application facile et une absorption rapide, sans laisser de résidus gras.
	Il suffit de masser une petite quantité sur votre cuir chevelu et les cheveux, et laissez-le pendant quelques heures ou toute la nuit pour de meilleurs résultats. 
	Vous pouvez également l'utiliser comme traitement de prélavage ou comme conditionneur sans rinçage pour améliorer la douceur et la brillance de vos cheveux. 
	Convient à tous les types de cheveux, 
	Cette d'huile capillaire enrichie en amande est parfaite pour ceux qui veulent obtenir des cheveux sains et radieux.";https://ma.jumia.is/unsafe/fit-in/680x680/filters:fill(white)/product/50/868256/1.jpg?3285;1;ok
35;wildberries;35_wildberries;https://www.wildberries.ru/catalog/933483877/detail.aspx;Масло для волос Vatika с миндалем 200мл;;Beauté & Cosmétiques;Parfums;396;RUB;;https://basket-40.wbbasket.ru/vol9334/part933483/933483877/images/big/1.webp|https://basket-40.wbbasket.ru/vol9334/part933483/933483877/images/big/2.webp|https://basket-40.wbbasket.ru/vol9334/part933483/933483877/images/big/3.webp|https://basket-40.wbbasket.ru/vol9334/part933483/933483877/images/big/4.webp;4;ok
35;trendyol;35_trendyol;https://www.trendyol.com/en/vatika/naturals-almond-coconut-sesame-enriched-hair-oil-soft-shine-300-ml-p-928347997;Vatika Naturals Almond Coconut & Sesame Enriched Hair Oil Soft & Shine 300 ml;Vatika;Beauté & Cosmétiques;Parfums;45.00;AED;;https://cdn.dsmcdn.com/ty1713/prod/QC_ENRICHMENT/20250719/08/3a763a3f-da51-3c1a-a0e3-f0f5a96aaea0/1_org_zoom.jpg|https://cdn.dsmcdn.com/ty1714/prod/QC_ENRICHMENT/20250719/08/957cca9e-cae9-30c8-a066-cac9e2d40551/1_org_zoom.jpg|https://cdn.dsmcdn.com/ty1715/prod/QC_ENRICHMENT/20250719/08/b7c3746b-51c9-356b-847d-a1a5882c823a/1_org_zoom.jpg|https://cdn.dsmcdn.com/ty1713/prod/QC_ENRICHMENT/20250719/08/3666a19f-c153-385d-9d3c-b9e1b41d65c0/1_org_zoom.jpg|https://cdn.dsmcdn.com/ty1713/prod/QC_ENRICHMENT/20250719/08/50e51dd1-67d2-3208-8f77-f682685a8111/1_org_zoom.jpg;5;ok
35;daraz;35_daraz;https://www.daraz.pk/products/vatika-almond-hair-oil-300ml-i1951579208-s14014096659.html?c=&channelLpJumpArgs=&clickTrackInfo=query%253Avatika%252Bcoconut%252Bhair%252Boil%253Bnid%253A1951579208%253Bsrc%253ALazadaMainSrp%253Brn%253A2a82e141c0da2a0b11bb0806bacfa4fa%253Bregion%253Apk%253Bsku%253A1951579208_PK%253Bprice%253A810%253Bclient%253Adesktop%253Bsupplier_id%253A6005655424001%253Bsession_id%253A%253Bbiz_source%253Ahttps%253A%252F%252Fwww.daraz.pk%252F%253Bslot%253A5%253Butlog_bucket_id%253A470687%253Basc_category_id%253A5247%253Bitem_id%253A1951579208%253Bsku_id%253A14014096659%253Bshop_id%253A2604946%253BtemplateInfo%253A&freeshipping=0&fs_ab=1&fuse_fs=&lang=en&location=Sindh&price=8.1E%202&priceCompare=skuId%3A14014096659%3Bsource%3Alazada-search-voucher%3Bsn%3A2a82e141c0da2a0b11bb0806bacfa4fa%3BoriginPrice%3A81000%3BdisplayPrice%3A81000%3BisGray%3Afalse%3BsinglePromotionId%3A-1%3BsingleToolCode%3AmockedSalePrice%3BvoucherPricePlugin%3A0%3Btimestamp%3A1783529240103&ratingscore=5.0&request_id=2a82e141c0da2a0b11bb0806bacfa4fa&review=2&sale=12&search=1&source=search&spm=a2a0e.searchlist.list.5&stock=1;Vatika Almond Hair Oil 300ml;Vatika Official;Beauté & Cosmétiques;Parfums;.810;PKR;;https://static-01.daraz.pk/p/dbf3c92370b6b8d6f6a6242fa499c4c6.png;1;ok
36;jumia;36_jumia;https://www.jumia.ma/dove-1-pes-deodorant-original-250-ml-65282948.html;1 Pes Deodorant Original 250 Ml;Dove;Beauté & Cosmétiques;Parfums;60.00;MAD;deodorantMarque: DOVEContenance: 250 ml;https://ma.jumia.is/unsafe/fit-in/680x680/filters:fill(white)/product/84/928256/1.jpg?6045;1;ok
36;wildberries;36_wildberries;https://www.wildberries.ru/catalog/861361121/detail.aspx;Dove Original 250мл дезодорант-антиперспирант унисекс;;Beauté & Cosmétiques;Parfums;807;RUB;;https://basket-38.wbbasket.ru/vol8613/part861361/861361121/images/big/1.webp|https://basket-38.wbbasket.ru/vol8613/part861361/861361121/images/big/2.webp|https://basket-38.wbbasket.ru/vol8613/part861361/861361121/images/big/3.webp|https://basket-38.wbbasket.ru/vol8613/part861361/861361121/images/big/4.webp;4;ok
36;trendyol;36_trendyol;https://www.trendyol.com/en/dove/women-deodorant-spray-original-alcohol-free-48h-protection-moisturising-cream-150ml-p-873110634;Dove Women Deodorant Spray, Original, Alcohol-Free, 48h Protection, ¼ Moisturising Cream, 150ml;Dove;Beauté & Cosmétiques;Parfums;23.00;AED;;https://cdn.dsmcdn.com/ty1599/prod/QC/20241109/12/5725718c-262a-3ba2-b663-72e9e5babc68/1_org_zoom.jpg|https://cdn.dsmcdn.com/ty1600/prod/QC/20241109/12/27d23c34-6436-3e38-8fa7-74fdabd98062/1_org_zoom.jpg|https://cdn.dsmcdn.com/ty1601/prod/QC/20241109/12/40d1313b-ae90-3f99-a902-54b8ed1a0877/1_org_zoom.jpg|https://cdn.dsmcdn.com/ty1600/prod/QC/20241109/12/b1ad2330-ac51-36e0-863f-c0f2a2093b3b/1_org_zoom.jpg|https://cdn.dsmcdn.com/ty1601/prod/QC/20241109/12/2e5ebc6e-bc1f-34ef-a11b-b3f08318fbe8/1_org_zoom.jpg|https://cdn.dsmcdn.com/ty1727/prod/IMAGE_TRANSLATION/20250703/09/ef18a40b-8572-4005-8afe-7101ef36f5c2/1_org_zoom.jpg|https://cdn.dsmcdn.com/ty1727/prod/IMAGE_TRANSLATION/20250703/09/600166c6-84df-473f-ac00-24c9264b2cea/1_org_zoom.jpg;7;ok
36;daraz;36_daraz;https://www.daraz.pk/products/48h-0-250-i738498454-s3471633386.html?c=&channelLpJumpArgs=&clickTrackInfo=query%253ADove%252BOriginal%252BAntiperspirant%253Bnid%253A738498454%253Bsrc%253ALazadaMainSrp%253Brn%253A0038e2856aae9da451a56b2971e59c3d%253Bregion%253Apk%253Bsku%253A738498454_PK%253Bprice%253A1799%253Bclient%253Adesktop%253Bsupplier_id%253A6005012931022%253Bsession_id%253A%253Bbiz_source%253Ah5_external%253Bslot%253A39%253Butlog_bucket_id%253A470687%253Basc_category_id%253A7315%253Bitem_id%253A738498454%253Bsku_id%253A3471633386%253Bshop_id%253A489874%253BtemplateInfo%253A&freeshipping=0&fs_ab=1&fuse_fs=&lang=en&location=Punjab&price=1799&priceCompare=skuId%3A3471633386%3Bsource%3Alazada-search-voucher%3Bsn%3A0038e2856aae9da451a56b2971e59c3d%3BoriginPrice%3A179900%3BdisplayPrice%3A179900%3BisGray%3Afalse%3BsinglePromotionId%3A-1%3BsingleToolCode%3A-1%3BvoucherPricePlugin%3A0%3Btimestamp%3A1783529536708&ratingscore=&request_id=0038e2856aae9da451a56b2971e59c3d&review=&sale=5&search=1&source=search&spm=a2a0e.searchlist.list.39&stock=1;Dove 48H Original Deodorant Spray, For Women, 0% Alcohol, 250ml;BEAUTIFIES;Beauté & Cosmétiques;Parfums;1799;PKR;;https://pk-live-21.slatic.net/kf/Sd5f7e98256564b9c9a1467f26ecc6adfn.jpg|https://pk-live-21.slatic.net/kf/Sb29c8effad404c15a942089c9f78c052A.jpg|https://pk-live-21.slatic.net/kf/Sddfc9336f983423a84d95a05a526fb8bn.jpg;3;ok
37;jumia;37_jumia;https://www.jumia.ma/cerave-creme-lavante-hydratante-67332547.html;Crème lavante hydratante ;Cerave;Beauté & Cosmétiques;Parfums;178.99;MAD;- Nettoyage efficace et doux : formule élaborée pour une efficacité de nettoyage sans compromettre la barrière protectrice- Enrichie les 3 céramides essentiels et acides hyaluroniques : soutient la barrière cutanée pour une hydratation optimale- Texture onctueuse, non moussante : crème luxueuse qui nettoie en douceur sans produire de mousse excessive- Peau douce et soyeuse : laisse un fini délicat, préservant la douceur naturelle de la peau- Adaptée au visage et au corps : polyvalente, elle convient à la toilette quotidienne du visage et du corps- Effet hydratant immédiat : procure une hydratation dès la première utilisation .;https://ma.jumia.is/unsafe/fit-in/680x680/filters:fill(white)/product/74/523376/1.jpg?3555|https://ma.jumia.is/unsafe/fit-in/680x680/filters:fill(white)/product/74/523376/2.jpg?3555;2;ok
37;wildberries;37_wildberries;https://www.wildberries.ru/catalog/248930194/detail.aspx;Увлажняющий Крем-Гель CeraVe для Умывания 236мл;CeraVe;Beauté & Cosmétiques;Parfums;257;RUB;;https://basket-16.wbbasket.ru/vol2489/part248930/248930194/images/big/1.webp|https://basket-16.wbbasket.ru/vol2489/part248930/248930194/images/big/2.webp|https://basket-16.wbbasket.ru/vol2489/part248930/248930194/images/big/3.webp;3;ok
37;trendyol;37_trendyol;https://www.trendyol.com/en/cerave/face-wash-cleanser-and-moisturizer-for-normal-to-dry-skin-by-cerave-473-ml-p-930296115?boutiqueId=61&merchantId=1187504;CeraVe Face Wash Cleanser and Moisturizer for Normal to Dry Skin by CeraVe, 473 ml;CeraVe;Beauté & Cosmétiques;Parfums;95.59;AED;;https://cdn.dsmcdn.com/ty1668/prod/QC/20250427/22/97bda39f-74f6-3d51-b6bb-498341454c1f/1_org_zoom.jpg|https://cdn.dsmcdn.com/ty1668/prod/QC/20250427/22/326e06e5-6933-3381-86c7-f21681da848a/1_org_zoom.jpg|https://cdn.dsmcdn.com/ty1668/prod/QC/20250427/22/8be42170-5b79-39b9-9f52-ec285653e369/1_org_zoom.jpg|https://cdn.dsmcdn.com/ty1669/prod/QC/20250427/22/708fece1-c6f8-35b2-b84b-a139f4f588bd/1_org_zoom.jpg|https://cdn.dsmcdn.com/ty1670/prod/QC/20250427/22/1846432a-fb04-36bc-9647-cafefb35db9f/1_org_zoom.jpg|https://cdn.dsmcdn.com/ty1670/prod/QC/20250427/22/fea3759c-0caf-3ac3-bc31-b31bac9adbb4/1_org_zoom.jpg|https://cdn.dsmcdn.com/ty1668/prod/QC/20250427/22/1b4f838a-3830-314a-a3f5-43a49f222a10/1_org_zoom.jpg|https://cdn.dsmcdn.com/ty1669/prod/QC/20250427/22/67174e3b-ad9d-30aa-aed9-05ebb3341130/1_org_zoom.jpg|https://cdn.dsmcdn.com/ty1668/prod/QC/20250427/22/b6c2c605-fcfb-39f8-9e19-988927d30e2a/1_org_zoom.jpg;9;ok
37;daraz;37_daraz;https://www.daraz.pk/products/236-i1960880107-s14026615478.html?c=&channelLpJumpArgs=&clickTrackInfo=query%253Acerave%253Bnid%253A1960880107%253Bsrc%253ALazadaMainSrp%253Brn%253A793e43b644d3d2ac95f033133b7598c4%253Bregion%253Apk%253Bsku%253A1960880107_PK%253Bprice%253A1479%253Bclient%253Adesktop%253Bsupplier_id%253A6005652608253%253Bsession_id%253A%253Bbiz_source%253Ahttps%253A%252F%252Fwww.daraz.pk%252F%253Bslot%253A1%253Butlog_bucket_id%253A470687%253Basc_category_id%253A7280%253Bitem_id%253A1960880107%253Bsku_id%253A14026615478%253Bshop_id%253A2651274%253BtemplateInfo%253A&freeshipping=0&fs_ab=1&fuse_fs=&lang=en&location=Sindh&price=1479&priceCompare=skuId%3A14026615478%3Bsource%3Alazada-search-voucher%3Bsn%3A793e43b644d3d2ac95f033133b7598c4%3BoriginPrice%3A147900%3BdisplayPrice%3A147900%3BisGray%3Afalse%3BsinglePromotionId%3A50000076404002%3BsingleToolCode%3AshopPromPrice_newProdPrice%3BvoucherPricePlugin%3A0%3Btimestamp%3A1783624188190&ratingscore=&request_id=793e43b644d3d2ac95f033133b7598c4&review=&sale=4&search=1&source=search&spm=a2a0e.searchlist.list.1&stock=1;Ceraves Hydrating Cleanser 236ml Highl Quality Cleanser Hydrating Cleanser imported Skincare;No Brand;Beauté & Cosmétiques;Parfums;1479;PKR;;https://static-01.daraz.pk/p/0e803989ec97de715c076e2629d8070c.jpg|https://static-01.daraz.pk/p/b95d8c71028442b5460591008f0391f0.png|https://static-01.daraz.pk/p/2219817f76b0dda537d12854806a9302.png|https://static-01.daraz.pk/p/bce32658644a6462717739e5362f4de0.png|https://static-01.daraz.pk/p/718f4fc8d89fc929778845b1c48ff384.png;5;ok
38;jumia;38_jumia;https://www.jumia.ma/jean-paul-gaultier-le-male-eau-de-toilette-75ml-125ml-200ml-parfum-homme-fougere-67849367.html;Le Male Eau de Toilette 75ml 125ml 200ml Parfum Homme Fougère;Jean Paul Gaultier;Beauté & Cosmétiques;Produits cosmétiques;1325.00;MAD;Parfum 100% original - Le Male Eau de Toilette pour HommeNotes olfactives : Menthe fraîche, Lavande et Vanille envoûtanteFamille olfactive Fougère Oriental - sillage viril et moderneFlacon iconique en forme de buste masculin Disponible en 75ml, 125ml et 200ml;https://ma.jumia.is/unsafe/fit-in/680x680/filters:fill(white)/product/76/394876/1.jpg?3554|https://ma.jumia.is/unsafe/fit-in/680x680/filters:fill(white)/product/76/394876/2.jpg?3554|https://ma.jumia.is/unsafe/fit-in/680x680/filters:fill(white)/product/76/394876/3.jpg?3554|https://ma.jumia.is/unsafe/fit-in/680x680/filters:fill(white)/product/76/394876/4.jpg?3554|https://ma.jumia.is/unsafe/fit-in/680x680/filters:fill(white)/product/76/394876/5.jpg?3554;5;ok
38;wildberries;38_wildberries;https://www.wildberries.ru/catalog/226301208/detail.aspx;Le Male X-Mas Edition Toilette Jean Paul Gaultier;Парфюм евро люкс;Beauté & Cosmétiques;Produits cosmétiques;3129;RUB;;https://basket-15.wbbasket.ru/vol2263/part226301/226301208/images/big/1.webp|https://basket-15.wbbasket.ru/vol2263/part226301/226301208/images/big/2.webp;2;ok
38;trendyol;38_trendyol;https://www.trendyol.com/en/jean-paul-gaultier/jean-paul-gaultier-le-male-jean-eau-de-toilette-for-men-125ml-p-1110020;Jean Paul Gaultier Jean Paul Gaultier Le Male Jean Eau de Toilette for Men, 125ml;Jean Paul Gaultier;Beauté & Cosmétiques;Produits cosmétiques;245.99;AED;;https://cdn.dsmcdn.com/ty1693/prod/QC_PREP/20250612/12/44c21f71-73e2-3685-beaf-3bdca7df3d89/1_org_zoom.jpg|https://cdn.dsmcdn.com/ty1693/prod/QC_PREP/20250612/12/ef0b1e6f-4e5c-32aa-8ce3-5a54d672484c/1_org_zoom.jpg|https://cdn.dsmcdn.com/ty1694/prod/QC_PREP/20250612/12/6bcd774f-6663-3a26-a664-66cf1c9bc425/1_org_zoom.jpg|https://cdn.dsmcdn.com/ty1693/prod/QC_PREP/20250612/12/8ca94ef0-e1ae-3926-b659-5acadccc3532/1_org_zoom.jpg|https://cdn.dsmcdn.com/ty1692/prod/QC_PREP/20250612/12/8ccf0be8-7378-3e84-9d3a-8a290dcc4018/1_org_zoom.jpg|https://cdn.dsmcdn.com/ty1694/prod/QC_PREP/20250612/12/3b6535f2-c0c2-33a3-b1e9-c114aeed7646/1_org_zoom.jpg;6;ok
38;daraz;38_daraz;https://www.daraz.pk/products/125-i1953229061-s14014533243.html?c=&channelLpJumpArgs=&clickTrackInfo=query%253AJean%252BPaul%252BGaultier%252BLe%252BMale%253Bnid%253A1953229061%253Bsrc%253ALazadaMainSrp%253Brn%253A72266c879b3b45ddcf0cef003d7299dd%253Bregion%253Apk%253Bsku%253A1953229061_PK%253Bprice%253A4751.01%253Bclient%253Adesktop%253Bsupplier_id%253A6005014029334%253Bsession_id%253A%253Bbiz_source%253Ah5_external%253Bslot%253A19%253Butlog_bucket_id%253A470687%253Basc_category_id%253A10002064%253Bitem_id%253A1953229061%253Bsku_id%253A14014533243%253Bshop_id%253A667007%253BtemplateInfo%253A&freeshipping=1&fs_ab=1&fuse_fs=&lang=en&location=Sindh&price=4751.01&priceCompare=skuId%3A14014533243%3Bsource%3Alazada-search-voucher%3Bsn%3A72266c879b3b45ddcf0cef003d7299dd%3BoriginPrice%3A475100%3BdisplayPrice%3A475100%3BisGray%3Afalse%3BsinglePromotionId%3A50000073372002%3BsingleToolCode%3ApromPrice%3BvoucherPricePlugin%3A0%3Btimestamp%3A1783431871351&ratingscore=&request_id=72266c879b3b45ddcf0cef003d7299dd&review=&sale=0&search=1&source=search&spm=a2a0e.searchlist.list.19&stock=1;Jean Paul Gaultier Ultra Male Eau De Toilette 125ml – Sweet Vanilla Long Lasting Perfume for Men | Strong Projection Night Fragrance | Imported Scent;No Brand;Beauté & Cosmétiques;Produits cosmétiques;4751;PKR;;https://pk-live-21.slatic.net/kf/Safadf418ddd54f5886ca84d1fbafaa24T.jpg|https://pk-live-21.slatic.net/kf/S66130e5ef7bd423ba170fa04656b0164A.jpg|https://pk-live-21.slatic.net/kf/S6d5cac9b07fb4ceb9b39deb53daf3f545.jpg|https://pk-live-21.slatic.net/kf/Sd16a0da891914f14b9a1777bd1306c6cx.jpg;4;ok
39;jumia;39_jumia;https://www.jumia.ma/dior-hypnotic-poison-65765482.html;Hypnotic poison ;Dior;Beauté & Cosmétiques;Produits cosmétiques;1367.00;MAD;Notes d'amandeNotes de jasmin sambacNotes de vanille;https://ma.jumia.is/unsafe/fit-in/680x680/filters:fill(white)/product/28/456756/1.jpg?2925;1;ok
39;wildberries;39_wildberries;https://www.wildberries.ru/catalog/391318180/detail.aspx;Женские духи Гипнотик Пойзон HYPNOTIC POISON Dior;парфюм;Beauté & Cosmétiques;Produits cosmétiques;668;RUB;;https://basket-22.wbbasket.ru/vol3913/part391318/391318180/images/big/1.webp|https://basket-22.wbbasket.ru/vol3913/part391318/391318180/images/big/2.webp|https://basket-22.wbbasket.ru/vol3913/part391318/391318180/images/big/3.webp|https://basket-22.wbbasket.ru/vol3913/part391318/391318180/images/big/4.webp;4;ok
39;trendyol;39_trendyol;https://www.trendyol.com/dior/c-dior-hypnotic-poison-bayan-edp100ml-p-192720;Dior (Christian Dior) Hypnotic Poison EDP 100 ml;Dior;Beauté & Cosmétiques;Produits cosmétiques;500.00;AED;;https://cdn.dsmcdn.com/ty1691/prod/QC_PREP/20250604/09/1e698cb0-86bb-37b9-9762-7bb837620c9e/1_org_zoom.jpg;1;ok
39;daraz;39_daraz;https://www.daraz.pk/products/100-i1951108503-s14013778810.html?c=&channelLpJumpArgs=&clickTrackInfo=query%253ADior%252BHypnotic%252Bpoison%253Bnid%253A1951108503%253Bsrc%253ALazadaMainSrp%253Brn%253A2e3df55e0f435bdbf8828d37b2a54239%253Bregion%253Apk%253Bsku%253A1951108503_PK%253Bprice%253A4999%253Bclient%253Adesktop%253Bsupplier_id%253A6005618720418%253Bsession_id%253A%253Bbiz_source%253Ah5_external%253Bslot%253A3%253Butlog_bucket_id%253A470687%253Basc_category_id%253A10002063%253Bitem_id%253A1951108503%253Bsku_id%253A14013778810%253Bshop_id%253A2584856%253BtemplateInfo%253A&freeshipping=1&fs_ab=1&fuse_fs=&lang=en&location=Punjab&price=4999&priceCompare=skuId%3A14013778810%3Bsource%3Alazada-search-voucher%3Bsn%3A2e3df55e0f435bdbf8828d37b2a54239%3BoriginPrice%3A499900%3BdisplayPrice%3A499900%3BisGray%3Afalse%3BsinglePromotionId%3A-1%3BsingleToolCode%3AmockedSalePrice%3BvoucherPricePlugin%3A0%3Btimestamp%3A1783432153526&ratingscore=&request_id=2e3df55e0f435bdbf8828d37b2a54239&review=&sale=0&search=1&source=search&spm=a2a0e.searchlist.list.3&stock=1;Dior Hypnotic Poison Eau De Parfum 100ml for Women | Long Lasting Perfume | Luxury Fragran;No Brand;Beauté & Cosmétiques;Produits cosmétiques;4999;PKR;;https://static-01.daraz.pk/p/98ad9239c6d4161bbf740a76d668cefe.png|https://static-01.daraz.pk/p/43a6834cd55fca67b0e2992e22fe06bf.png|https://static-01.daraz.pk/p/d8305bd3a7b3293caed7065eef534c11.png|https://static-01.daraz.pk/p/c2a06567048770e95ac956a23fc9b5da.png;4;ok
40;jumia;40_jumia;https://www.jumia.ma/dior-sauvage-eau-de-parfum-65755531.html;Sauvage eau de parfum ;Dior;Beauté & Cosmétiques;Produits cosmétiques;1196.00;MAD;Notes de mandarine et bergamoteNotes de cèdre et essence de bois de santalNotes de vanille de Papouasie-Nouvelle-Guinée;https://ma.jumia.is/unsafe/fit-in/680x680/filters:fill(white)/product/13/555756/1.jpg?4655;1;ok
40;wildberries;40_wildberries;https://www.wildberries.ru/catalog/284865529/detail.aspx;Sauvage Eau Forte духи 100мл;ANI Perfumes;Beauté & Cosmétiques;Produits cosmétiques;1788;RUB;;https://basket-18.wbbasket.ru/vol2848/part284865/284865529/images/big/1.webp|https://basket-18.wbbasket.ru/vol2848/part284865/284865529/images/big/2.webp|https://basket-18.wbbasket.ru/vol2848/part284865/284865529/images/big/3.webp|https://basket-18.wbbasket.ru/vol2848/part284865/284865529/images/big/4.webp|https://basket-18.wbbasket.ru/vol2848/part284865/284865529/images/big/5.webp|https://basket-18.wbbasket.ru/vol2848/part284865/284865529/images/big/6.webp;6;ok
40;trendyol;40_trendyol;https://www.trendyol.com/dior/sauvage-100-ml-edp-p-2679765;Dior Sauvage Edp 100 ml Men's Perfume;Dior;Beauté & Cosmétiques;Produits cosmétiques;512.00;AED;;https://cdn.dsmcdn.com/ty1585/prod/QC/20241014/13/f6c01efa-d6f5-3806-a7b7-c5638551bc4f/1_org_zoom.jpg|https://cdn.dsmcdn.com/ty1586/prod/QC/20241014/13/124188f5-c6ea-3ece-892a-1ce665bc64f4/1_org_zoom.jpg;2;ok
40;daraz;40_daraz;https://www.daraz.pk/products/dior-sauvage-perfumes-for-men-sauvage-perfume-impression-100ml-best-for-mens-for-gift-sauvage-impression-perfume-100mlbest-for-mens-for-gift-i889164713-s3923267999.html?c=&channelLpJumpArgs=&clickTrackInfo=query%253Aperfume%253Bnid%253A889164713%253Bsrc%253ALazadaMainSrp%253Brn%253A834ba008c9597c153fdd318837d7b858%253Bregion%253Apk%253Bsku%253A889164713_PK%253Bprice%253A642.51%253Bclient%253Adesktop%253Bsupplier_id%253A6005449792976%253Bsession_id%253A%253Bbiz_source%253Ah5_external%253Bslot%253A3%253Butlog_bucket_id%253A470687%253Basc_category_id%253A10002064%253Bitem_id%253A889164713%253Bsku_id%253A3923267999%253Bshop_id%253A2246314%253BtemplateInfo%253A&freeshipping=0&fs_ab=1&fuse_fs=&lang=en&location=Punjab&price=642.51&priceCompare=skuId%3A3923267999%3Bsource%3Alazada-search-voucher%3Bsn%3A834ba008c9597c153fdd318837d7b858%3BoriginPrice%3A64300%3BdisplayPrice%3A64300%3BisGray%3Afalse%3BsinglePromotionId%3A50000073336006%3BsingleToolCode%3ApromPrice%3BvoucherPricePlugin%3A0%3Btimestamp%3A1783434029830&ratingscore=4.38659793814433&request_id=834ba008c9597c153fdd318837d7b858&review=194&sale=861&search=1&source=search&spm=a2a0e.searchlist.list.3&stock=1;"Dior Sauvage Perfumes for Men -SAUVAGE Perfume IMPRESSION 100ml - Best For Mens -For Gift SAUVAGE IMPRESSION Perfume 100ml

Best For Mens -

For Gift";No Brand;Beauté & Cosmétiques;Produits cosmétiques;.643;PKR;;https://pk-live-21.slatic.net/kf/S8eb3b10ee44b450382a1e4a1d6013692w.jpg|https://pk-live-21.slatic.net/kf/S055d7c6a6fbb4ad09be7ef6f24803a00L.jpg|https://pk-live-21.slatic.net/kf/Se3f7b6812c894bbe801a8fdbe3146c34g.jpg|https://pk-live-21.slatic.net/kf/S1fbcb23add194df5b140ad26e7c44e79m.jpg|https://pk-live-21.slatic.net/kf/Sda1f4e6013844eeda143915d5c1d9e57d.jpg;5;ok
41;jumia;41_jumia;https://www.jumia.ma/axe-black-48-hrs-non-stop-fresh-deodorant-body-spray-63005138.html;Black 48 HRS Non Stop Fresh Deodorant Body Spray;Axe;Beauté & Cosmétiques;Produits cosmétiques;45.00;MAD;48 heuresFraisDéodorant;https://ma.jumia.is/unsafe/fit-in/680x680/filters:fill(white)/product/83/150036/1.jpg?1107;1;ok
41;wildberries;41_wildberries;https://www.wildberries.ru/catalog/146312501/detail.aspx;Акс BLACK Дезодорант 2шт-флакона;Axe;Beauté & Cosmétiques;Produits cosmétiques;483;RUB;;https://basket-10.wbbasket.ru/vol1463/part146312/146312501/images/big/1.webp|https://basket-10.wbbasket.ru/vol1463/part146312/146312501/images/big/2.webp|https://basket-10.wbbasket.ru/vol1463/part146312/146312501/images/big/3.webp|https://basket-10.wbbasket.ru/vol1463/part146312/146312501/images/big/4.webp|https://basket-10.wbbasket.ru/vol1463/part146312/146312501/images/big/5.webp|https://basket-10.wbbasket.ru/vol1463/part146312/146312501/images/big/6.webp|https://basket-10.wbbasket.ru/vol1463/part146312/146312501/images/big/7.webp|https://basket-10.wbbasket.ru/vol1463/part146312/146312501/images/big/8.webp|https://basket-10.wbbasket.ru/vol1463/part146312/146312501/images/big/9.webp;9;ok
41;trendyol;41_trendyol;https://www.trendyol.com/en/axe/black-frozen-pear-and-cedarwood-scent-mens-deodorant-spray-with-48-hours-of-irresistible-fragran-p-1059431612;Axe Black Frozen Pear And Cedarwood Scent Mens Deodorant Spray with 48 hours Of Irresistible Fragran;Axe;Beauté & Cosmétiques;Produits cosmétiques;23.00;AED;;https://cdn.dsmcdn.com/ty1795/prod/QC_PREP/20251206/15/67c97c02-c671-3d85-aa70-6b4d23e4ca7e/1_org_zoom.jpg;1;ok
41;daraz;41_daraz;https://www.daraz.pk/products/150-afp-000180966-i469950367-s2217372871.html?c=&channelLpJumpArgs=&clickTrackInfo=query%253Aaxe%252Bdeodorant%252Bblack%253Bnid%253A469950367%253Bsrc%253ALazadaMainSrp%253Brn%253A01dc9c57a1aa9e46e0720094df3ff0f0%253Bregion%253Apk%253Bsku%253A469950367_PK%253Bprice%253A765%253Bclient%253Adesktop%253Bsupplier_id%253A6005067012199%253Bsession_id%253A%253Bbiz_source%253Ah5_external%253Bslot%253A0%253Butlog_bucket_id%253A470687%253Basc_category_id%253A10002064%253Bitem_id%253A469950367%253Bsku_id%253A2217372871%253Bshop_id%253A1355509%253BtemplateInfo%253A&freeshipping=0&fs_ab=1&fuse_fs=&lang=en&location=Punjab&price=765&priceCompare=skuId%3A2217372871%3Bsource%3Alazada-search-voucher%3Bsn%3A01dc9c57a1aa9e46e0720094df3ff0f0%3BoriginPrice%3A76500%3BdisplayPrice%3A76500%3BisGray%3Afalse%3BsinglePromotionId%3A50000073336006%3BsingleToolCode%3ApromPrice%3BvoucherPricePlugin%3A0%3Btimestamp%3A1783434760893&ratingscore=5.0&request_id=01dc9c57a1aa9e46e0720094df3ff0f0&review=1&sale=11&search=1&source=search&spm=a2a0e.searchlist.list.0&stock=1;;;Beauté & Cosmétiques;Produits cosmétiques;599;PKR;;https://gw.alicdn.com/imgextra/i2/O1CN01jHjmpl1pxcRVgFrYS_!!6000000005427-0-tps-150-150.jpg|https://gw.alicdn.com/imgextra/i3/O1CN012f276t1zJuDINv48i_!!6000000006694-2-tps-600-600.png;2;ok
42;jumia;42_jumia;https://www.jumia.ma/crystal-chanel-coco-mademoiselle-eau-de-parfum-femme-35ml-50ml-100ml-floral-oriental-frais-original-67849307.html;Coco Mademoisélle Eau de Parfum Femme 35ml 50ml 100ml Floral Oriental Frais Original;Crystal Chanel;Beauté & Cosmétiques;Produits cosmétiques;2079.00;MAD;Parfum femme oriental boise Disponible en 3 tailles : 35ml, 50ml et 100mlEau de Parfum longue dureeNotes de tete : Orange de Sicile | Notes de coeur : Rose Jasmin | Notes de fond : Patchouli Vetiver100% Original - Produit authentique;https://ma.jumia.is/unsafe/fit-in/680x680/filters:fill(white)/product/70/394876/1.jpg?3455|https://ma.jumia.is/unsafe/fit-in/680x680/filters:fill(white)/product/70/394876/2.jpg?3455|https://ma.jumia.is/unsafe/fit-in/680x680/filters:fill(white)/product/70/394876/3.jpg?3455|https://ma.jumia.is/unsafe/fit-in/680x680/filters:fill(white)/product/70/394876/4.jpg?3455|https://ma.jumia.is/unsafe/fit-in/680x680/filters:fill(white)/product/70/394876/5.jpg?3455|https://ma.jumia.is/unsafe/fit-in/680x680/filters:fill(white)/product/70/394876/6.jpg?3455|https://ma.jumia.is/unsafe/fit-in/680x680/filters:fill(white)/product/70/394876/7.jpg?3455;7;ok
42;wildberries;42_wildberries;https://www.wildberries.ru/catalog/381152621/detail.aspx;Chanel Coco Mademoiselle 2мл отливант;Parfumiracle;Beauté & Cosmétiques;Produits cosmétiques;219;RUB;;https://basket-22.wbbasket.ru/vol3811/part381152/381152621/images/big/1.webp|https://basket-22.wbbasket.ru/vol3811/part381152/381152621/images/big/2.webp|https://basket-22.wbbasket.ru/vol3811/part381152/381152621/images/big/3.webp|https://basket-22.wbbasket.ru/vol3811/part381152/381152621/images/big/4.webp;4;ok
42;trendyol;42_trendyol;https://www.trendyol.com/en/chanel/coco-mademoiselle-eau-de-parfum-100-ml-p-1055049510;Chanel Coco Mademoiselle Eau de Parfum 100 ml;Chanel;Beauté & Cosmétiques;Produits cosmétiques;412.25;AED;;https://cdn.dsmcdn.com/ty1791/prod/QC_PREP/20251123/19/fa94439b-c3c8-38cc-9813-7ecec14cde67/1_org_zoom.jpg;1;ok
42;daraz;42_daraz;https://www.daraz.pk/products/100-i882939928-s3909054765.html?c=&channelLpJumpArgs=&clickTrackInfo=query%253Aperfume%253Bnid%253A882939928%253Bsrc%253ALazadaMainSrp%253Brn%253A64537a69823849597a3fda8814d82eb2%253Bregion%253Apk%253Bsku%253A882939928_PK%253Bprice%253A868%253Bclient%253Adesktop%253Bsupplier_id%253A6005012700025%253Bsession_id%253A%253Bbiz_source%253Ah5_external%253Bslot%253A13%253Butlog_bucket_id%253A470687%253Basc_category_id%253A10002063%253Bitem_id%253A882939928%253Bsku_id%253A3909054765%253Bshop_id%253A466716%253BtemplateInfo%253A&freeshipping=0&fs_ab=1&fuse_fs=&lang=en&location=Punjab&price=868&priceCompare=skuId%3A3909054765%3Bsource%3Alazada-search-voucher%3Bsn%3A64537a69823849597a3fda8814d82eb2%3BoriginPrice%3A86800%3BdisplayPrice%3A86800%3BisGray%3Afalse%3BsinglePromotionId%3A-1%3BsingleToolCode%3AmockedSalePrice%3BvoucherPricePlugin%3A0%3Btimestamp%3A1783434880872&ratingscore=4.684210526315789&request_id=64537a69823849597a3fda8814d82eb2&review=19&sale=117&search=1&source=search&spm=a2a0e.searchlist.list.13&stock=1;CHANEL COCO MADEMOISELLE FOR WOMEN / LADIES EDP 100 ML;No Brand;Beauté & Cosmétiques;Produits cosmétiques;.868;PKR;;https://static-01.daraz.pk/p/06447c44d66ade8d27437ed80083a638.jpg|https://static-01.daraz.pk/p/c4ec15c815d2f4da8adbb95abc3e2ec9.jpg|https://static-01.daraz.pk/p/2f7b6ce83accff01211a12f7f75c94e3.jpg|https://static-01.daraz.pk/p/50a06b74f6b376ee698417a5b82b31ad.jpg;4;ok
43;jumia;43_jumia;https://www.jumia.ma/lancome-la-vie-est-belle-elixir-eau-de-parfum-30ml-65798747.html;La Vie est Belle Elixir - Eau de Parfum - 30ml;Lancome;Beauté & Cosmétiques;Produits cosmétiques;533.00;MAD;"NOTES:​

Floral​
Fruité​
Gourmand​";https://ma.jumia.is/unsafe/fit-in/680x680/filters:fill(white)/product/74/789756/1.jpg?7316|https://ma.jumia.is/unsafe/fit-in/680x680/filters:fill(white)/product/74/789756/2.jpg?7308|https://ma.jumia.is/unsafe/fit-in/680x680/filters:fill(white)/product/74/789756/3.jpg?7308|https://ma.jumia.is/unsafe/fit-in/680x680/filters:fill(white)/product/74/789756/4.jpg?7308|https://ma.jumia.is/unsafe/fit-in/680x680/filters:fill(white)/product/74/789756/5.jpg?7308|https://ma.jumia.is/unsafe/fit-in/680x680/filters:fill(white)/product/74/789756/6.jpg?7308|https://ma.jumia.is/unsafe/fit-in/680x680/filters:fill(white)/product/74/789756/7.jpg?7308;7;ok
43;wildberries;43_wildberries;https://www.wildberries.ru/catalog/1179932895/detail.aspx;Парфюмерная вода La Vie Est Belle L' Elixir, 100мл;Lancome;Beauté & Cosmétiques;Produits cosmétiques;5393;RUB;;https://basket-43.wbbasket.ru/vol11799/part1179932/1179932895/images/big/1.webp|https://basket-43.wbbasket.ru/vol11799/part1179932/1179932895/images/big/2.webp|https://basket-43.wbbasket.ru/vol11799/part1179932/1179932895/images/big/3.webp|https://basket-43.wbbasket.ru/vol11799/part1179932/1179932895/images/big/4.webp|https://basket-43.wbbasket.ru/vol11799/part1179932/1179932895/images/big/5.webp|https://basket-43.wbbasket.ru/vol11799/part1179932/1179932895/images/big/6.webp|https://basket-43.wbbasket.ru/vol11799/part1179932/1179932895/images/big/7.webp|https://basket-43.wbbasket.ru/vol11799/part1179932/1179932895/images/big/8.webp;8;ok
43;trendyol;43_trendyol;https://www.trendyol.com/en/lancome/la-vie-est-belle-eau-de-parfum-for-women-75ml-p-270024;Lancome La Vie Est Belle Eau de Parfum for Women, 75ml;Lancome;Beauté & Cosmétiques;Produits cosmétiques;270.86;AED;;https://cdn.dsmcdn.com/ty1657/prod/QC/20250402/22/d6a243d3-2876-3efb-b83d-995036d6e537/1_org_zoom.jpg|https://cdn.dsmcdn.com/ty1672/prod/QC/20250504/18/ec1fca0d-9878-3497-8256-530137217d20/1_org_zoom.jpg|https://cdn.dsmcdn.com/ty1703/prod/QC_PREP/20250630/15/bddfd9f0-65ce-3edd-8fad-b2ab4827eb99/1_org_zoom.jpg|https://cdn.dsmcdn.com/ty1701/prod/QC_PREP/20250630/15/7b63b9fc-0838-3754-89e6-8d2fa8ca02f9/1_org_zoom.jpg|https://cdn.dsmcdn.com/ty1656/prod/QC/20250402/22/db303ac7-e71f-33b0-ae8a-d1c781c5f45b/1_org_zoom.jpg|https://cdn.dsmcdn.com/ty1672/prod/QC/20250504/18/06ef0858-2bb9-3f92-b85f-ed07ddace5cb/1_org_zoom.jpg|https://cdn.dsmcdn.com/ty1702/prod/QC_PREP/20250630/15/13045b6e-5e07-314f-bf2b-54b80b5da354/1_org_zoom.jpg|https://cdn.dsmcdn.com/ty1703/prod/QC_PREP/20250630/15/34eba655-356a-3f94-87dc-d48cb53ff901/1_org_zoom.jpg;8;ok
43;daraz;43_daraz;https://www.daraz.pk/products/lancome-lancome-la-vie-est-belle-women-edp-100ml-i245741829-s1463999357.html?c=&channelLpJumpArgs=&clickTrackInfo=query%253ALancome%252BLa%252BVie%252Best%252BBelle%253Bnid%253A245741829%253Bsrc%253ALazadaMainSrp%253Brn%253A432638bc0681dac7df1c9c5b234b9c79%253Bregion%253Apk%253Bsku%253A245741829_PK%253Bprice%253A31790%253Bclient%253Adesktop%253Bsupplier_id%253A2688%253Bsession_id%253A%253Bbiz_source%253Ah5_external%253Bslot%253A0%253Butlog_bucket_id%253A470687%253Basc_category_id%253A10002063%253Bitem_id%253A245741829%253Bsku_id%253A1463999357%253Bshop_id%253A88061%253BtemplateInfo%253A&freeshipping=0&fs_ab=1&fuse_fs=&lang=en&location=Sindh&price=3.179E%204&priceCompare=skuId%3A1463999357%3Bsource%3Alazada-search-voucher%3Bsn%3A432638bc0681dac7df1c9c5b234b9c79%3BoriginPrice%3A3179000%3BdisplayPrice%3A3179000%3BisGray%3Afalse%3BsinglePromotionId%3A-1%3BsingleToolCode%3AmockedSalePrice%3BvoucherPricePlugin%3A0%3Btimestamp%3A1783435368459&qSellingPoint=b--lancome___p--la%20vie%20est%20belle&ratingscore=5.0&request_id=432638bc0681dac7df1c9c5b234b9c79&review=1&sale=3&search=1&source=search&spm=a2a0e.searchlist.list.0&stock=1;Lancome Lancome La Vie Est Belle Women Edp 100Ml;Shopforever.pk;Beauté & Cosmétiques;Produits cosmétiques;31790;PKR;;https://static-01.daraz.pk/p/2d56f15bbaa0dec9a250bbdf0d4c5c6e.jpg|https://static-01.daraz.pk/p/465fb769761f3f790083e9cc3c6e8809.jpg|https://static-01.daraz.pk/p/43015d6c484eb97da03a6cfaa0a8e220.jpg;3;ok
44;jumia;44_jumia;https://www.jumia.ma/burberry-body-her-edp-100-ml-67208736.html;her EDP 100 ml;Burberry Body;Beauté & Cosmétiques;Produits cosmétiques;1196.00;MAD;Explosion de fruits rougesBouquet floral violette & JasminMusc Ambrox;https://ma.jumia.is/unsafe/fit-in/680x680/filters:fill(white)/product/63/780276/1.jpg?3078;1;ok
44;wildberries;44_wildberries;https://www.wildberries.ru/catalog/381152430/detail.aspx;Burberry Her EDP 2мл отливант;Parfumiracle;Beauté & Cosmétiques;Produits cosmétiques;219;RUB;;https://basket-22.wbbasket.ru/vol3811/part381152/381152430/images/big/1.webp|https://basket-22.wbbasket.ru/vol3811/part381152/381152430/images/big/2.webp|https://basket-22.wbbasket.ru/vol3811/part381152/381152430/images/big/3.webp|https://basket-22.wbbasket.ru/vol3811/part381152/381152430/images/big/4.webp;4;ok
44;trendyol;44_trendyol;https://www.trendyol.com/en/burberry/each-elixir-de-parfum-100ml-women-s-perfume-p-699464180;Burberry Each Elixir De Parfum 100ml Women's Perfume;Burberry;Beauté & Cosmétiques;Produits cosmétiques;263.5;AED;;https://cdn.dsmcdn.com/ty1650/prod/QC/20250315/13/f57357f8-a670-357d-9062-6a28b46c0c00/1_org_zoom.jpg;1;ok
44;daraz;44_daraz;https://www.daraz.pk/products/burberry-burberry-her-london-dream-edp-tester-100ml-i405138324-s1950745396.html?c=&channelLpJumpArgs=&clickTrackInfo=query%253ABurberry%252BHer%253Bnid%253A405138324%253Bsrc%253ALazadaMainSrp%253Brn%253Abdd95dd9600a7652ee74e369011bcf74%253Bregion%253Apk%253Bsku%253A405138324_PK%253Bprice%253A28380%253Bclient%253Adesktop%253Bsupplier_id%253A2688%253Bsession_id%253A%253Bbiz_source%253Ah5_external%253Bslot%253A0%253Butlog_bucket_id%253A470687%253Basc_category_id%253A10002063%253Bitem_id%253A405138324%253Bsku_id%253A1950745396%253Bshop_id%253A88061%253BtemplateInfo%253A&freeshipping=0&fs_ab=1&fuse_fs=&lang=en&location=Sindh&price=2.838E%204&priceCompare=skuId%3A1950745396%3Bsource%3Alazada-search-voucher%3Bsn%3Abdd95dd9600a7652ee74e369011bcf74%3BoriginPrice%3A2838000%3BdisplayPrice%3A2838000%3BisGray%3Afalse%3BsinglePromotionId%3A-1%3BsingleToolCode%3AmockedSalePrice%3BvoucherPricePlugin%3A0%3Btimestamp%3A1783436005948&qSellingPoint=b--burberry___p--her&ratingscore=&request_id=bdd95dd9600a7652ee74e369011bcf74&review=&sale=0&search=1&source=search&spm=a2a0e.searchlist.list.0&stock=1;Burberry BURBERRY HER LONDON DREAM EDP Tester 100ML;Shopforever.pk;Beauté & Cosmétiques;Produits cosmétiques;28380;PKR;;https://static-01.daraz.pk/p/c996daba08d4af9ea0af6f5e73ba4e0c.jpg|https://static-01.daraz.pk/p/db212b46e162a0cc04f15eaaa2e3cfc4.jpg|https://static-01.daraz.pk/p/f602f943e4459101e30b083a6de2f9f3.jpg|https://static-01.daraz.pk/p/3fe537d03808220099b4afb949728b16.jpg|https://static-01.daraz.pk/p/f602f943e4459101e30b083a6de2f9f3.jpg|https://static-01.daraz.pk/p/3fe537d03808220099b4afb949728b16.jpg;6;ok
45;jumia;45_jumia;https://www.jumia.ma/jean-paul-gaultier-scandal-eau-de-parfum-30ml-50ml-80ml-parfum-femme-floral-gourmand-oriental-original-67527596.html;Scandal Eau de Parfum 30ml 50ml 80ml Parfum Femme Floral Gourmand Oriental Original;Jean Paul Gaultier;Beauté & Cosmétiques;Produits cosmétiques;999.00;MAD;Parfum 100 % originalFragrance féminine audacieuse et glamourSillage gourmand intense et longue tenueParfait pour soirées et occasions spécialesDisponible en 30ml / 50ml / 80ml;https://ma.jumia.is/unsafe/fit-in/680x680/filters:fill(white)/product/69/572576/1.jpg?9261|https://ma.jumia.is/unsafe/fit-in/680x680/filters:fill(white)/product/69/572576/2.jpg?9261|https://ma.jumia.is/unsafe/fit-in/680x680/filters:fill(white)/product/69/572576/3.jpg?9261|https://ma.jumia.is/unsafe/fit-in/680x680/filters:fill(white)/product/69/572576/4.jpg?9261|https://ma.jumia.is/unsafe/fit-in/680x680/filters:fill(white)/product/69/572576/5.jpg?9261;5;ok
45;wildberries;45_wildberries;https://www.wildberries.ru/catalog/155190367/detail.aspx;Scandal By Night духи Скандал Ночи 80мл;Jean Paul Gaultier;Beauté & Cosmétiques;Produits cosmétiques;1892;RUB;;https://basket-10.wbbasket.ru/vol1551/part155190/155190367/images/big/1.webp|https://basket-10.wbbasket.ru/vol1551/part155190/155190367/images/big/2.webp|https://basket-10.wbbasket.ru/vol1551/part155190/155190367/images/big/3.webp|https://basket-10.wbbasket.ru/vol1551/part155190/155190367/images/big/4.webp|https://basket-10.wbbasket.ru/vol1551/part155190/155190367/images/big/5.webp|https://basket-10.wbbasket.ru/vol1551/part155190/155190367/images/big/6.webp;6;ok
45;trendyol;45_trendyol;https://www.trendyol.com/en/jean-paul/gaultier-scandal-eau-de-parfum-80ml-p-1136868944;Jean Paul Gaultier Scandal Eau De Parfum 80ml;Jean Paul;Beauté & Cosmétiques;Produits cosmétiques;125.00;AED;;https://cdn.dsmcdn.com/ty1859/prod/QC_PREP/20260422/23/c5a803c2-7f32-33e8-bfd0-aed6a9515620/1_org_zoom.jpg|https://cdn.dsmcdn.com/ty1859/prod/QC_PREP/20260422/23/ff51d47a-786c-3b53-abaf-5f21c12e4ade/1_org_zoom.jpg;2;ok
45;daraz;45_daraz;https://www.daraz.pk/products/jean-paul-guelter-jpg-scandal-women-edp-80ml-i405135745-s1950743923.html?c=&channelLpJumpArgs=&clickTrackInfo=query%253Ascandal%252Bperfume%252Bfor%252Bgirls%253Bnid%253A405135745%253Bsrc%253ALazadaMainSrp%253Brn%253A98d8303253778bbe5deba39f879bff1c%253Bregion%253Apk%253Bsku%253A405135745_PK%253Bprice%253A24810%253Bclient%253Adesktop%253Bsupplier_id%253A2688%253Bsession_id%253A%253Bbiz_source%253Ahttps%253A%252F%252Fwww.daraz.pk%252F%253Bslot%253A3%253Butlog_bucket_id%253A470687%253Basc_category_id%253A10002063%253Bitem_id%253A405135745%253Bsku_id%253A1950743923%253Bshop_id%253A88061%253BtemplateInfo%253A&freeshipping=0&fs_ab=1&fuse_fs=&lang=en&location=Sindh&price=2.481E%204&priceCompare=skuId%3A1950743923%3Bsource%3Alazada-search-voucher%3Bsn%3A98d8303253778bbe5deba39f879bff1c%3BoriginPrice%3A2481000%3BdisplayPrice%3A2481000%3BisGray%3Afalse%3BsinglePromotionId%3A-1%3BsingleToolCode%3AmockedSalePrice%3BvoucherPricePlugin%3A0%3Btimestamp%3A1783436272565&ratingscore=&request_id=98d8303253778bbe5deba39f879bff1c&review=&sale=0&search=1&source=search&spm=a2a0e.searchlist.list.3&stock=1;Jean Paul Guelter JPG Scandal Women Edp 80ml;Shopforever.pk;Beauté & Cosmétiques;Produits cosmétiques;24810;PKR;;https://static-01.daraz.pk/p/c33ce5ad4b62d4b7f38ae5b10735104f.jpg|https://static-01.daraz.pk/p/4a4780149d9d812c75fd09ef7a9aaa37.jpg|https://static-01.daraz.pk/p/d996b97e94ef0207763363fc32a4e152.jpg|https://static-01.daraz.pk/p/c4026937ccdd704f2fff50ddb0aec4fa.jpg|https://static-01.daraz.pk/p/d996b97e94ef0207763363fc32a4e152.jpg|https://static-01.daraz.pk/p/c4026937ccdd704f2fff50ddb0aec4fa.jpg;6;ok
46;jumia;46_jumia;https://www.jumia.ma/libre-eau-de-parfum-yves-saint-laurent-mpg1494815.html;Libre eau de parfum ;Yves Saint Laurent;Beauté & Cosmétiques;Produits cosmétiques;983.00;MAD;Lavande Florale Fleur d'oranger d'Afrique Sensuel et libre;https://ma.jumia.is/unsafe/fit-in/680x680/filters:fill(white)/product/56/155756/1.jpg?9085;1;ok
46;wildberries;46_wildberries;https://www.wildberries.ru/catalog/381387630/detail.aspx;YSL Libre EDP Intense 2мл отливант;Parfumiracle;Beauté & Cosmétiques;Produits cosmétiques;219;RUB;;https://basket-22.wbbasket.ru/vol3813/part381387/381387630/images/big/1.webp;1;ok
46;trendyol;46_trendyol;https://www.trendyol.com/en/yves-saint-laurent/libre-eau-de-parfum-intense-90ml-p-1104547649;Yves Saint Laurent LIBRE EAU DE PARFUM INTENSE 90ml;Yves Saint Laurent;Beauté & Cosmétiques;Produits cosmétiques;335.75;AED;;https://cdn.dsmcdn.com/ty1674/prod/QC/20250511/17/8d724bbb-257d-3962-a769-190192e67cba/1_org_zoom.jpg;1;ok
46;daraz;46_daraz;https://www.daraz.pk/products/ysl-libre-100ml-i1948218082-s14011902276.html?c=&channelLpJumpArgs=&clickTrackInfo=query%253Alibre%252Bperfume%253Bnid%253A1948218082%253Bsrc%253ALazadaMainSrp%253Brn%253A75c6d9bf4b8c97048cdf0bd67a7e2b60%253Bregion%253Apk%253Bsku%253A1948218082_PK%253Bprice%253A3790%253Bclient%253Adesktop%253Bsupplier_id%253A6005052975320%253Bsession_id%253A%253Bbiz_source%253Ah5_pdp%253Bslot%253A0%253Butlog_bucket_id%253A470687%253Basc_category_id%253A10002469%253Bitem_id%253A1948218082%253Bsku_id%253A14011902276%253Bshop_id%253A1251208%253BtemplateInfo%253A&freeshipping=0&fs_ab=1&fuse_fs=&lang=en&location=Sindh&price=3.79E%203&priceCompare=skuId%3A14011902276%3Bsource%3Alazada-search-voucher%3Bsn%3A75c6d9bf4b8c97048cdf0bd67a7e2b60%3BoriginPrice%3A379000%3BdisplayPrice%3A379000%3BisGray%3Afalse%3BsinglePromotionId%3A50000073336006%3BsingleToolCode%3ApromPrice%3BvoucherPricePlugin%3A0%3Btimestamp%3A1783436499894&ratingscore=4.666666666666667&request_id=75c6d9bf4b8c97048cdf0bd67a7e2b60&review=3&sale=4&search=1&source=search&spm=a2a0e.searchlist.list.0&stock=1;Ysl libre perfume 100ml for women premium quality long lasting fragrance;YSL;Beauté & Cosmétiques;Produits cosmétiques;3790;PKR;;https://pk-live-21.slatic.net/kf/Sa4ec1bb79b704c2ba55b6c9686615d7aG.jpg|https://pk-live-21.slatic.net/kf/S843b95b39da14c859bc87a2bb2f9303ba.jpg;2;ok
47;jumia;47_jumia;https://www.jumia.ma/kayali-vanilla-28-eau-de-parfum-100ml-67871228.html;Vanilla 28 Eau de Parfum - 100ml;KAYALI;Beauté & Cosmétiques;Produits cosmétiques;1975.00;MAD;Parfum doux et séduisant : combine des notes de vanille réconfortantes avec des arômes chauds et capiteux pour un profil de parfum délicieux.Parfait pour la superposition : conçu pour être mélangé et assorti avec d'autres parfums enchanteurs KAYALI pour un mélange de parfums personnalisé.Attrait longue durée : vaporisez sur les points de pulsation et vos cheveux pour laisser un sillage parfumé mémorable et séduisant.;https://ma.jumia.is/unsafe/fit-in/680x680/filters:fill(white)/product/82/217876/1.jpg?2467|https://ma.jumia.is/unsafe/fit-in/680x680/filters:fill(white)/product/82/217876/2.jpg?2467|https://ma.jumia.is/unsafe/fit-in/680x680/filters:fill(white)/product/82/217876/3.jpg?2467|https://ma.jumia.is/unsafe/fit-in/680x680/filters:fill(white)/product/82/217876/4.jpg?2467;4;ok
47;wildberries;47_wildberries;https://www.wildberries.ru/catalog/480779172/detail.aspx;Отливант Kayali Burning Cherry Вишня 10 мл;АРОООМИКС;Beauté & Cosmétiques;Produits cosmétiques;567;RUB;;https://basket-26.wbbasket.ru/vol4807/part480779/480779172/images/big/1.webp|https://basket-26.wbbasket.ru/vol4807/part480779/480779172/images/big/2.webp|https://basket-26.wbbasket.ru/vol4807/part480779/480779172/images/big/3.webp|https://basket-26.wbbasket.ru/vol4807/part480779/480779172/images/big/4.webp|https://basket-26.wbbasket.ru/vol4807/part480779/480779172/images/big/5.webp|https://basket-26.wbbasket.ru/vol4807/part480779/480779172/images/big/6.webp|https://basket-26.wbbasket.ru/vol4807/part480779/480779172/images/big/7.webp|https://basket-26.wbbasket.ru/vol4807/part480779/480779172/images/big/8.webp|https://basket-26.wbbasket.ru/vol4807/part480779/480779172/images/big/9.webp;9;ok
47;trendyol;47_trendyol;https://www.trendyol.com/en/kaya/kayali-vanilla-28-perfume-100ml-p-1046783276;Kaya Kayali Vanilla 28 Perfume 100ml;Kaya;Beauté & Cosmétiques;Produits cosmétiques;93.00;AED;;https://cdn.dsmcdn.com/ty1703/prod/QC_PREP/20250701/14/9a92e20e-3d79-33ac-96d8-978ec3e82132/1_org_zoom.jpg;1;ok
47;daraz;47_daraz;https://www.daraz.pk/products/28-50-i922474205-s3978770321.html?c=&channelLpJumpArgs=&clickTrackInfo=query%253Akayali%252Bperfume%253Bnid%253A922474205%253Bsrc%253ALazadaMainSrp%253Brn%253A010555575e3ca5787b915883aada0553%253Bregion%253Apk%253Bsku%253A922474205_PK%253Bprice%253A4800%253Bclient%253Adesktop%253Bsupplier_id%253A6005052975320%253Bsession_id%253A%253Bbiz_source%253Ah5_external%253Bslot%253A8%253Butlog_bucket_id%253A470687%253Basc_category_id%253A10002065%253Bitem_id%253A922474205%253Bsku_id%253A3978770321%253Bshop_id%253A1251208%253BtemplateInfo%253A&freeshipping=0&fs_ab=1&fuse_fs=&lang=en&location=Sindh&price=4.8E%203&priceCompare=skuId%3A3978770321%3Bsource%3Alazada-search-voucher%3Bsn%3A010555575e3ca5787b915883aada0553%3BoriginPrice%3A480000%3BdisplayPrice%3A480000%3BisGray%3Afalse%3BsinglePromotionId%3A-1%3BsingleToolCode%3AmockedSalePrice%3BvoucherPricePlugin%3A0%3Btimestamp%3A1783439344397&qSellingPoint=b--kayali___p--perfume&ratingscore=&request_id=010555575e3ca5787b915883aada0553&review=&sale=3&search=1&source=search&spm=a2a0e.searchlist.list.8&stock=1;KAYALI VANILLA PERFUME FOR WOMEN AND MEN | 28 Eau de Parfum 50ml;Kayali;Beauté & Cosmétiques;Produits cosmétiques;4800;PKR;;https://pk-live-21.slatic.net/kf/S5439c495eb5a4f1ba4e0922f2bd8d0f4E.jpg|https://pk-live-21.slatic.net/kf/Scb9a408eeb33424f9f37c5bfc3a8d694D.jpg|https://pk-live-21.slatic.net/kf/S220d57cdc53e4e87babf95d614e519fe4.jpg;3;ok
48;jumia;48_jumia;https://www.jumia.ma/nike-air-force-1-07-white-64936863.html;- Air Force 1 '07 - White;Nike;Mode & Sport;Chaussures;2000.00;MAD;Low-cut silhouette exudes clean, streamlined look for any occasion.Padded collar ensures soft, comfortable fit.Foam midsole for cushioning.Perforations on toe for breathability.Clean White/White/White/White colorway.;https://ma.jumia.is/unsafe/fit-in/680x680/filters:fill(white)/product/36/863946/1.jpg?2763|https://ma.jumia.is/unsafe/fit-in/680x680/filters:fill(white)/product/36/863946/2.jpg?2763|https://ma.jumia.is/unsafe/fit-in/680x680/filters:fill(white)/product/36/863946/3.jpg?2763|https://ma.jumia.is/unsafe/fit-in/680x680/filters:fill(white)/product/36/863946/4.jpg?2763|https://ma.jumia.is/unsafe/fit-in/680x680/filters:fill(white)/product/36/863946/5.jpg?2763|https://ma.jumia.is/unsafe/fit-in/680x680/filters:fill(white)/product/36/863946/6.jpg?2763|https://ma.jumia.is/unsafe/fit-in/680x680/filters:fill(white)/product/36/863946/7.jpg?2763|https://ma.jumia.is/unsafe/fit-in/680x680/filters:fill(white)/product/36/863946/8.jpg?2763;8;ok
48;wildberries;48_wildberries;https://www.wildberries.ru/catalog/562217637/detail.aspx;Nike Air Force 1 Low '07 White 315122-111;Nike;Mode & Sport;Chaussures;3800;RUB;;https://basket-29.wbbasket.ru/vol5622/part562217/562217637/images/big/1.webp|https://basket-29.wbbasket.ru/vol5622/part562217/562217637/images/big/2.webp|https://basket-29.wbbasket.ru/vol5622/part562217/562217637/images/big/3.webp|https://basket-29.wbbasket.ru/vol5622/part562217/562217637/images/big/4.webp|https://basket-29.wbbasket.ru/vol5622/part562217/562217637/images/big/5.webp;5;ok
48;trendyol;48_trendyol;https://www.trendyol.com/nike/air-force-1-07-beyaz-sneaker-erkek-ayakkabi-cw2288-111-p-348222363;NikeAir Force 1 07 White Sneaker Men's Shoes Cw2288-111;Nike;Mode & Sport;Chaussures;326.1;AED;;https://cdn.dsmcdn.com/mnresize/300/-/sfint/production/flags/ae.png|https://cdn.dsmcdn.com/mnresize/620/920/ty1579/prod/QC/20241005/01/02abd6c9-acb7-31c1-83d6-34af7421577a/1_org_zoom.jpg|https://cdn.dsmcdn.com/mnresize/620/920/ty1579/prod/QC/20241005/01/0989c61d-ac01-328b-b7aa-2849a422b9de/1_org_zoom.jpg|https://cdn.dsmcdn.com/mnresize/620/920/ty1580/prod/QC/20241005/01/fb13d0e8-d029-3cb1-8cbe-c97ab1518af6/1_org_zoom.jpg|https://cdn.dsmcdn.com/mnresize/620/920/ty1578/prod/QC/20241005/01/50993ddc-9789-36a4-8a3b-35860ede4c52/1_org_zoom.jpg|https://cdn.dsmcdn.com/mobile/international/PaymentLogo/tamara_snippet_en.png|https://cdn.dsmcdn.com/mobile/international/PaymentLogo/Tabby_snippet_new.png|https://cdn.dsmcdn.com/mobile/international/PaymentLogo/cod-v4.png|https://cdn.dsmcdn.com/mnresize/30/30/mobile/reviewrating/kamera-emoji6x.png|https://cdn.dsmcdn.com/ty1579/prod/QC/20241005/01/02abd6c9-acb7-31c1-83d6-34af7421577a/1_org_zoom.jpg|https://cdn.dsmcdn.com/sfweb-checkout/images/basket-icon_1751630173674.png|https://cdn.dsmcdn.com/mobile/international/PaymentLogo/Mastercard3x.png|https://cdn.dsmcdn.com/mobile/international/PaymentLogo/Visa3x.png|https://cdn.dsmcdn.com/mobile/international/PaymentLogo/Applepay3x.png|https://cdn.dsmcdn.com/mobile/international/PaymentLogo/tamara_logo_en.png|https://cdn.dsmcdn.com/mobile/international/PaymentLogo/Tabby_Basket_new.png|https://cdn.dsmcdn.com/mobile/international/PaymentLogo/gpay3x.png|https://cdn.dsmcdn.com/sfweb-browsing/images/footer-pci-dss.png|https://cdn.dsmcdn.com/sfweb-browsing/images/footer-iso.png;19;ok
48;daraz;48_daraz;https://www.daraz.pk/products/air-force-1-white-i188510052.html;Air Force 1 White;No Brand;Mode & Sport;Chaussures;6500;PKR;Air Force 1 Triple White AirForce 1 Triple White Specifications of Brand No Brand SKU 188510052_PK-1377982322 What’s in the box AirForce 1;https://static-01.daraz.pk/p/c746076d2fd002cebb71743307f768eb.png;1;ok
49;jumia;49_jumia;https://www.jumia.ma/adidas-chaussures-grand-court-base-00s-homme-ih1665-brown-67971077.html;Chaussures Grand Court Base 00s Homme - IH1665 - Brown;ADIDAS;Mode & Sport;Chaussures;549.00;MAD;Model : IH1665Gender : AdulteCouleur : Brown;https://ma.jumia.is/unsafe/fit-in/680x680/filters:fill(white)/product/77/017976/1.jpg?9906|https://ma.jumia.is/unsafe/fit-in/680x680/filters:fill(white)/product/77/017976/2.jpg?9766|https://ma.jumia.is/unsafe/fit-in/680x680/filters:fill(white)/product/77/017976/3.jpg?9766|https://ma.jumia.is/unsafe/fit-in/680x680/filters:fill(white)/product/77/017976/4.jpg?9804|https://ma.jumia.is/unsafe/fit-in/680x680/filters:fill(white)/product/77/017976/5.jpg?9832|https://ma.jumia.is/unsafe/fit-in/680x680/filters:fill(white)/product/77/017976/6.jpg?9859|https://ma.jumia.is/unsafe/fit-in/680x680/filters:fill(white)/product/77/017976/7.jpg?9873|https://ma.jumia.is/unsafe/fit-in/680x680/filters:fill(white)/product/77/017976/8.jpg?9878|https://ma.jumia.is/unsafe/fit-in/680x680/filters:fill(white)/product/77/017976/9.jpg?9884|https://ma.jumia.is/unsafe/fit-in/680x680/filters:fill(white)/product/77/017976/10.jpg?9892|https://ma.jumia.is/unsafe/fit-in/680x680/filters:fill(white)/product/77/017976/11.jpg?9898|https://ma.jumia.is/unsafe/fit-in/680x680/filters:fill(white)/product/77/017976/12.jpg?9906|https://ma.jumia.is/unsafe/fit-in/680x680/filters:fill(white)/product/77/017976/13.jpg?9906|https://ma.jumia.is/unsafe/fit-in/680x680/filters:fill(white)/product/77/017976/14.jpg?9906|https://ma.jumia.is/unsafe/fit-in/680x680/filters:fill(white)/product/77/017976/15.jpg?9906|https://ma.jumia.is/unsafe/fit-in/680x680/filters:fill(white)/product/77/017976/16.jpg?9906|https://ma.jumia.is/unsafe/fit-in/680x680/filters:fill(white)/product/77/017976/17.jpg?9906|https://ma.jumia.is/unsafe/fit-in/680x680/filters:fill(white)/product/77/017976/18.jpg?9906|https://ma.jumia.is/unsafe/fit-in/680x680/filters:fill(white)/product/77/017976/19.jpg?9804|https://ma.jumia.is/unsafe/fit-in/680x680/filters:fill(white)/product/77/017976/20.jpg?9804|https://ma.jumia.is/unsafe/fit-in/680x680/filters:fill(white)/product/77/017976/21.jpg?9804|https://ma.jumia.is/unsafe/fit-in/680x680/filters:fill(white)/product/77/017976/22.jpg?9804|https://ma.jumia.is/unsafe/fit-in/680x680/filters:fill(white)/product/77/017976/23.jpg?9804|https://ma.jumia.is/unsafe/fit-in/680x680/filters:fill(white)/product/77/017976/24.jpg?9804|https://ma.jumia.is/unsafe/fit-in/680x680/filters:fill(white)/product/77/017976/25.jpg?9804|https://ma.jumia.is/unsafe/fit-in/680x680/filters:fill(white)/product/77/017976/26.jpg?9804|https://ma.jumia.is/unsafe/fit-in/680x680/filters:fill(white)/product/77/017976/27.jpg?9804;27;ok
49;wildberries;49_wildberries;https://www.wildberries.ru/catalog/198244558/detail.aspx;Кеды GRAND COURT BASE 2;adidas;Mode & Sport;Chaussures;2583;RUB;;https://basket-13.wbbasket.ru/vol1982/part198244/198244558/images/big/1.webp|https://basket-13.wbbasket.ru/vol1982/part198244/198244558/images/big/2.webp|https://basket-13.wbbasket.ru/vol1982/part198244/198244558/images/big/3.webp|https://basket-13.wbbasket.ru/vol1982/part198244/198244558/images/big/4.webp|https://basket-13.wbbasket.ru/vol1982/part198244/198244558/images/big/5.webp|https://basket-13.wbbasket.ru/vol1982/part198244/198244558/images/big/6.webp|https://basket-13.wbbasket.ru/vol1982/part198244/198244558/images/big/7.webp|https://basket-13.wbbasket.ru/vol1982/part198244/198244558/images/big/8.webp|https://basket-13.wbbasket.ru/vol1982/part198244/198244558/images/big/9.webp|https://basket-13.wbbasket.ru/vol1982/part198244/198244558/images/big/10.webp;10;ok
49;trendyol;49_trendyol;https://www.trendyol.com/adidas/grand-court-base-3-0-kadin-sneaker-hq0094-p-1074930604;adidas Grand Court Base 3.0 Women Sneakers Hq0094;adidas;Mode & Sport;Chaussures;253.01;AED;;https://cdn.dsmcdn.com/ty1840/prod/QC_ENRICHMENT/20260316/15/93c0b474-583d-3793-ac3d-a3962070a3ba/1_org_zoom.jpg|https://cdn.dsmcdn.com/ty1840/prod/QC_ENRICHMENT/20260316/15/79d5e8e5-024c-3c59-bbbc-0d64fb56748f/1_org_zoom.jpg|https://cdn.dsmcdn.com/ty1841/prod/QC_ENRICHMENT/20260316/15/e9d9a0b5-1a1a-3caf-8096-10014bdfffb2/1_org_zoom.jpg|https://cdn.dsmcdn.com/ty1839/prod/QC_ENRICHMENT/20260316/15/cdfd36ba-4636-39dc-8404-8d63c59c7179/1_org_zoom.jpg|https://cdn.dsmcdn.com/ty1840/prod/QC_ENRICHMENT/20260316/15/b5979627-57dc-3984-b930-6406177c4135/1_org_zoom.jpg|https://cdn.dsmcdn.com/ty1841/prod/QC_ENRICHMENT/20260316/15/b683f38e-23b3-3a67-be33-2f2fe7bdf510/1_org_zoom.jpg|https://cdn.dsmcdn.com/ty1839/prod/QC_ENRICHMENT/20260316/15/73fb9df3-2384-3867-ae01-4df7aa31af35/1_org_zoom.jpg|https://cdn.dsmcdn.com/ty1839/prod/QC_ENRICHMENT/20260316/15/93e7dea4-003d-3859-b66a-5c8d5b1fc745/1_org_zoom.jpg;8;ok
49;daraz;49_daraz;https://www.daraz.pk/products/20-gw9250-i551973058-s2568963775.html?c=&channelLpJumpArgs=&clickTrackInfo=query%253Amens%252Bshoes%252Badidas%253Bnid%253A551973058%253Bsrc%253ALazadaMainSrp%253Brn%253Afe073765aeded54a5200563ceaeb14e2%253Bregion%253Apk%253Bsku%253A551973058_PK%253Bprice%253A28000%253Bclient%253Adesktop%253Bsupplier_id%253A6005009109138%253Bsession_id%253A%253Bbiz_source%253Ahttps%253A%252F%252Fwww.daraz.pk%252F%253Bslot%253A32%253Butlog_bucket_id%253A470687%253Basc_category_id%253A10075%253Bitem_id%253A551973058%253Bsku_id%253A2568963775%253Bshop_id%253A296110%253BtemplateInfo%253A&freeshipping=0&fs_ab=1&fuse_fs=&lang=en&location=Islamabad&price=2.8E%204&priceCompare=skuId%3A2568963775%3Bsource%3Alazada-search-voucher%3Bsn%3Afe073765aeded54a5200563ceaeb14e2%3BoriginPrice%3A2800000%3BdisplayPrice%3A2800000%3BisGray%3Afalse%3BsinglePromotionId%3A-1%3BsingleToolCode%3AmockedSalePrice%3BvoucherPricePlugin%3A0%3Btimestamp%3A1783426056707&ratingscore=1.0&request_id=fe073765aeded54a5200563ceaeb14e2&review=0&sale=1&search=1&source=search&spm=a2a0e.searchlist.list.32&stock=1;ADIDAS MEN GRAND COURT BASE 2.0 (GW9250);Adidas;Mode & Sport;Chaussures;28000;PKR;ADIDAS MEN GRAND COURT TD LIFESTYLE COURT CASUAL SHOES Revamped classic sneakers made in part with recycled materials. Revamped classic sneakers made in part with recycled materials. Casual but sporty these men's adidas tennis-inspired shoes go from the courts to the streets with ease. The synthetic leather upper features iconic 3-Stripes for a clean look. A rubber outsole delivers grip and elevated durability. Made with a series of recycled materials this upper features at least 50% recycled content. This product represents just one of our solutions to help end plastic waste. SPECIFICATIONS Regular fit Lace closure Synthetic leather upper Synthetic lining Rubber cupsole Product Color: Ftwwht/Cblack/Ftwwht Product Code: Gw9250 Specifications of Brand Adidas SKU 551973058_PK-2568963775;https://static-01.daraz.pk/p/ccbbcd5ff8865dee2964ce4e3a767361.jpg|https://static-01.daraz.pk/p/317c5e17f9479aedc5d9ed55267d7f75.jpg|https://static-01.daraz.pk/p/a4f8da4ebd585e2fe6ebfe86dae60734.jpg|https://static-01.daraz.pk/p/a1a5dc0ae4c2426afd4eec4a80da08c8.jpg|https://static-01.daraz.pk/p/20cb43e65afe510e351af80e1f942364.jpg|https://static-01.daraz.pk/p/a4e56cacf2d6e1a7261a9e79201c34ba.jpg;6;ok
50;jumia;50_jumia;https://www.jumia.ma/samsung-galaxy-tab-a7-lite-android-32go-3go-gris-62787644.html;Galaxy TAB A7 LITE - Android - 32Go + 3Go - Gris;Samsung;Electronique;Tablettes;1459.00;MAD;"Display			8.7"" (1340 x 800)			WXGA+Camera		Rear	8MP		Front	2MPProcessor			""MediaTekMT8768T""Memory			3GB RAM			32 GB Internal Storage			Micro SD slot supportBattery			5,100mAh / 15W FastAudio			Dual Speakers w/ Dolby AtmosDimensions			212.5 x 124.7 x 8.0 mm			371 g";https://ma.jumia.is/unsafe/fit-in/680x680/filters:fill(white)/product/44/678726/1.jpg?6345|https://ma.jumia.is/unsafe/fit-in/680x680/filters:fill(white)/product/44/678726/2.jpg?6345|https://ma.jumia.is/unsafe/fit-in/680x680/filters:fill(white)/product/44/678726/3.jpg?6345|https://ma.jumia.is/unsafe/fit-in/680x680/filters:fill(white)/product/44/678726/4.jpg?6345;4;ok
50;wildberries;50_wildberries;https://www.wildberries.ru/catalog/521321621/detail.aspx;Планшет Samsung Galaxy Tab A7 Lite 3 ГБ/32ГБ, темно-серый;Samsung;Electronique;Tablettes;14972;RUB;;https://basket-28.wbbasket.ru/vol5213/part521321/521321621/images/big/1.webp;1;ok
50;trendyol;50_trendyol;https://www.trendyol.com/samsung/tab-a7-lite-sm-t220-32gb-koyu-gri-tablet-p-118641711;SamsungTab A7 Lite Sm-T220 32Gb Dark Gray Tablet;Samsung;Electronique;Tablettes;472.42;AED;;https://cdn.dsmcdn.com/mnresize/300/-/sfint/production/flags/ae.png|https://cdn.dsmcdn.com/mnresize/620/920/ty1376/product/media/images/prod/QC/20240622/11/2ee05d3b-b7f2-329c-a83f-a7db29aa5790/1_org_zoom.jpg|https://cdn.dsmcdn.com/mobile/international/PaymentLogo/tamara_snippet_en.png|https://cdn.dsmcdn.com/mobile/international/PaymentLogo/Tabby_snippet_new.png|https://cdn.dsmcdn.com/mobile/international/PaymentLogo/cod-v4.png|https://cdn.dsmcdn.com/mnresize/30/30/mobile/reviewrating/kamera-emoji6x.png|https://cdn.dsmcdn.com/ty1376/product/media/images/prod/QC/20240622/11/2ee05d3b-b7f2-329c-a83f-a7db29aa5790/1_org_zoom.jpg|https://cdn.dsmcdn.com/sfweb-checkout/images/basket-icon_1751630173674.png|https://cdn.dsmcdn.com/mobile/international/PaymentLogo/Mastercard3x.png|https://cdn.dsmcdn.com/mobile/international/PaymentLogo/Visa3x.png|https://cdn.dsmcdn.com/mobile/international/PaymentLogo/Applepay3x.png|https://cdn.dsmcdn.com/mobile/international/PaymentLogo/tamara_logo_en.png|https://cdn.dsmcdn.com/mobile/international/PaymentLogo/Tabby_Basket_new.png|https://cdn.dsmcdn.com/mobile/international/PaymentLogo/gpay3x.png|https://cdn.dsmcdn.com/sfweb-browsing/images/footer-pci-dss.png|https://cdn.dsmcdn.com/sfweb-browsing/images/footer-iso.png;16;ok
50;daraz;50_daraz;https://www.daraz.pk/products/a7-8-3gb-32gb-wifi-i451112990-s2144806021.html?c=&channelLpJumpArgs=&clickTrackInfo=query%253ASamsung%252BGalaxy%252BTAB%252BA7%252BLITE%253Bnid%253A451112990%253Bsrc%253ALazadaMainSrp%253Brn%253Adb92815d5f4c5d887efecc08d498a7f6%253Bregion%253Apk%253Bsku%253A451112990_PK%253Bprice%253A19499%253Bclient%253Adesktop%253Bsupplier_id%253A6005014515062%253Bsession_id%253A%253Bbiz_source%253Ahttps%253A%252F%252Fwww.daraz.pk%252F%253Bslot%253A1%253Butlog_bucket_id%253A470687%253Basc_category_id%253A20000410%253Bitem_id%253A451112990%253Bsku_id%253A2144806021%253Bshop_id%253A703343%253BtemplateInfo%253A&freeshipping=0&fs_ab=1&fuse_fs=&lang=en&location=Sindh&price=19499&priceCompare=skuId%3A2144806021%3Bsource%3Alazada-search-voucher%3Bsn%3Adb92815d5f4c5d887efecc08d498a7f6%3BoriginPrice%3A1949900%3BdisplayPrice%3A1949900%3BisGray%3Afalse%3BsinglePromotionId%3A50000073336006%3BsingleToolCode%3ApromPrice%3BvoucherPricePlugin%3A0%3Btimestamp%3A1783427587296&ratingscore=&request_id=db92815d5f4c5d887efecc08d498a7f6&review=&sale=0&search=1&source=search&spm=a2a0e.searchlist.list.1&stock=1;Samsung Galaxy Tab A7 Lite 8 inches 3GB Ram, 32GB Rom WIFI Tablet (FREE BOOK COVER);Daraz Like New;Electronique;Tablettes;19499;PKR;;https://static-01.daraz.pk/p/947e938a2637c9891e73e0f9c4c2dadf.jpg|https://static-01.daraz.pk/p/bfb194bf011ed2ec2ff47df7d4a4899d.jpg;2;ok
51;jumia;51_jumia;https://www.jumia.ma/samsung-galaxy-tab-a11-87-4-go-64-go-silver-67854970.html;Galaxy Tab A11 - 8,7''- 4 Go+ 64 Go - Silver;Samsung;Electronique;Tablettes;1851.00;MAD;Stockage : 64 GoMémoire RAM : 4 GoProcesseur : Mediatek Helio G99Écran : WXGA+ (1340 x 800, 179 ppp), 90 HzDiagonale de l'écran : 8,7 pouces WXGA+ (1340x800, 179 PPI)Résolution d'écran : WXGA+Caméra frontale : 5 Mpx F2.0Caméra arrière : 8 MPx F2.0Batterie : 5 100 mAhConnectivité : Wi-FiBluetooth : Oui;https://ma.jumia.is/unsafe/fit-in/680x680/filters:fill(white)/product/07/945876/1.jpg?3444|https://ma.jumia.is/unsafe/fit-in/680x680/filters:fill(white)/product/07/945876/2.jpg?3444;2;ok
51;wildberries;51_wildberries;https://www.wildberries.ru/catalog/695212534/detail.aspx;"Планшет андроид Galaxy Tab A11 8.7"" 90 Гц 4Gb/64Gb 4G";Samsung;Electronique;Tablettes;18475;RUB;;https://basket-33.wbbasket.ru/vol6952/part695212/695212534/images/big/1.webp|https://basket-33.wbbasket.ru/vol6952/part695212/695212534/images/big/2.webp|https://basket-33.wbbasket.ru/vol6952/part695212/695212534/images/big/3.webp|https://basket-33.wbbasket.ru/vol6952/part695212/695212534/images/big/4.webp|https://basket-33.wbbasket.ru/vol6952/part695212/695212534/images/big/5.webp|https://basket-33.wbbasket.ru/vol6952/part695212/695212534/images/big/6.webp|https://basket-33.wbbasket.ru/vol6952/part695212/695212534/images/big/7.webp|https://basket-33.wbbasket.ru/vol6952/part695212/695212534/images/big/8.webp;8;ok
51;trendyol;51_trendyol;https://www.trendyol.com/en/samsung/galaxy-tab-a11-11-inch-wifi-bluetooth-8gb-ram-256gb-storage-gray-p-1084229270;Samsung Galaxy Tab A11+ 11 Inch WiFi + Bluetooth 8GB RAM + 256GB Storage Gray;Samsung;Electronique;Tablettes;792.00;AED;;https://cdn.dsmcdn.com/ty1811/prod/QC_PREP/20260113/19/b1cca127-35e5-375c-bcfc-a2391ee50b8e/1_org_zoom.jpg|https://cdn.dsmcdn.com/ty1809/prod/QC_PREP/20260113/19/95b32dc2-bd50-3a09-93c6-a7d192a41d60/1_org_zoom.jpg|https://cdn.dsmcdn.com/ty1810/prod/QC_PREP/20260113/19/469cc965-41d7-3a50-a16b-f35f179ae7ae/1_org_zoom.jpg|https://cdn.dsmcdn.com/ty1810/prod/QC_PREP/20260113/19/4482d280-5eab-3f4d-b717-1517d5112ae7/1_org_zoom.jpg|https://cdn.dsmcdn.com/ty1810/prod/QC_PREP/20260113/19/2114b89e-c419-3add-9231-7058cbb4ff56/1_org_zoom.jpg|https://cdn.dsmcdn.com/ty1809/prod/QC_PREP/20260113/19/4491cc11-d87b-3b1a-9338-1c271173e8ec/1_org_zoom.jpg|https://cdn.dsmcdn.com/ty1810/prod/QC_PREP/20260113/19/1a8f59de-5108-3b64-8285-58c43b3782f9/1_org_zoom.jpg;7;ok
51;daraz;51_daraz;https://www.daraz.pk/products/a11-x133-87-4gb64gb-wifi-i1950926517-s14013523127.html?c=&channelLpJumpArgs=&clickTrackInfo=query%253ASamsung%252BGalaxy%252BTab%252BA11%253Bnid%253A1950926517%253Bsrc%253ALazadaMainSrp%253Brn%253A613eeabbea961694d989f3f37296c9f3%253Bregion%253Apk%253Bsku%253A1950926517_PK%253Bprice%253A50000%253Bclient%253Adesktop%253Bsupplier_id%253A6005011479036%253Bsession_id%253A%253Bbiz_source%253Ah5_external%253Bslot%253A0%253Butlog_bucket_id%253A470687%253Basc_category_id%253A7%253Bitem_id%253A1950926517%253Bsku_id%253A14013523127%253Bshop_id%253A352401%253BtemplateInfo%253A&freeshipping=0&fs_ab=1&fuse_fs=&lang=en&location=Sindh&price=5E%204&priceCompare=skuId%3A14013523127%3Bsource%3Alazada-search-voucher%3Bsn%3A613eeabbea961694d989f3f37296c9f3%3BoriginPrice%3A5000000%3BdisplayPrice%3A5000000%3BisGray%3Afalse%3BsinglePromotionId%3A-1%3BsingleToolCode%3A-1%3BvoucherPricePlugin%3A0%3Btimestamp%3A1783427754682&qSellingPoint=p--galaxy%20tab%20a11___b--samsung&ratingscore=&request_id=613eeabbea961694d989f3f37296c9f3&review=&sale=0&search=1&source=search&spm=a2a0e.searchlist.list.0&stock=1;"Samsung Galaxy Tab A11 X133 (8.7"", 4GB/64GB) – WiFi Only Tablet";SAMSUNG;Electronique;Tablettes;50000;PKR;;https://static-01.daraz.pk/p/a3ef8b760f278982214dc2762a5c9706.jpg|https://static-01.daraz.pk/p/0b13169a15ea3f5c8bf9540e35c1af71.jpg|https://static-01.daraz.pk/p/8b7174212730b19e5820523aba5b1bb3.jpg;3;ok
52;jumia;52_jumia;https://www.jumia.ma/apple-ipad-wi-fi-128gb-silver-neuf-2-ans-garantie-67917489.html;iPad Wi-Fi 128GB Silver - Neuf 2 Ans garantie;Apple;Electronique;Tablettes;4999.00;MAD;"&nbsp;  &Eacute;cran : 10,9 pouces Liquid Retina (2360 &times; 1640) Processeur : Apple A14 Bionic Stockage : 128 Go M&eacute;moire RAM : 4 Go Connectivit&eacute; : Wi-Fi 6 (802.11ax), Bluetooth 5.2 Cam&eacute;ra arri&egrave;re : 12 MP Cam&eacute;ra avant : 12 MP Ultra Grand-Angle Batterie : 28,65 Wh (jusqu&rsquo;&agrave; 10 heures d&rsquo;autonomie) Port USB : USB-C Syst&egrave;me d&rsquo;exploitation : iPadOS 17 Dimensions : 248,6 &times; 179,5 &times; 7 mm Poids : 477 g Couleur : Silver  &nbsp;";https://ma.jumia.is/unsafe/fit-in/680x680/filters:fill(white)/product/98/471976/1.jpg?3362|https://ma.jumia.is/unsafe/fit-in/680x680/filters:fill(white)/product/98/471976/2.jpg?3363|https://ma.jumia.is/unsafe/fit-in/680x680/filters:fill(white)/product/98/471976/3.jpg?3364;3;ok
52;wildberries;52_wildberries;https://www.wildberries.ru/catalog/494852687/detail.aspx;Планшет Apple iPad 11 2025 6/128GB Wi-Fi Silver;Apple;Electronique;Tablettes;47172;RUB;;https://basket-27.wbbasket.ru/vol4948/part494852/494852687/images/big/1.webp;1;ok
52;trendyol;52_trendyol;https://www.trendyol.com/en/apple/11-inch-ipad-wi-fi-128gb-silver-p-906423494;Apple 11-inch iPad Wi-Fi 128GB - Silver;Apple;Electronique;Tablettes;1849.00;AED;;https://cdn.dsmcdn.com/ty1649/prod/QC/20250312/11/fbb8f25e-1785-3689-9819-97e8c4ea9374/1_org_zoom.jpg|https://cdn.dsmcdn.com/ty1647/prod/QC/20250312/11/c8ffaa4b-96a3-3f37-bda8-518fa7af1123/1_org_zoom.jpg|https://cdn.dsmcdn.com/ty1648/prod/QC/20250312/11/259a9e85-f835-3cf3-a225-48bad2e6819b/1_org_zoom.jpg|https://cdn.dsmcdn.com/ty1647/prod/QC/20250312/11/9487d6ac-cbca-3878-9f2e-bcc7a147e8f0/1_org_zoom.jpg|https://cdn.dsmcdn.com/ty1647/prod/QC/20250312/11/2993c785-c10a-3aae-b939-ab5d0f33e0ab/1_org_zoom.jpg|https://cdn.dsmcdn.com/ty1647/prod/QC/20250312/11/c6f380ec-2368-302b-947f-13a297ad5b1c/1_org_zoom.jpg|https://cdn.dsmcdn.com/ty1648/prod/QC/20250312/11/a97457f9-3ac4-397d-bb0e-b9e228c47881/1_org_zoom.jpg|https://cdn.dsmcdn.com/ty1648/prod/QC/20250312/11/0fa9c74b-867c-347e-a6be-a1b656ac8919/1_org_zoom.jpg;8;ok
52;daraz;52_daraz;https://www.daraz.pk/products/ipad-a16-128gb-i1957771286-s14018920933.html?c=&channelLpJumpArgs=&clickTrackInfo=query%253AApple%252BiPad%253Bnid%253A1957771286%253Bsrc%253ALazadaMainSrp%253Brn%253A98a6178be55dd583503631da1050acc2%253Bregion%253Apk%253Bsku%253A1957771286_PK%253Bprice%253A125999%253Bclient%253Adesktop%253Bsupplier_id%253A1000000%253Bsession_id%253A%253Bbiz_source%253Ah5_external%253Bslot%253A0%253Butlog_bucket_id%253A470687%253Basc_category_id%253A7%253Bitem_id%253A1957771286%253Bsku_id%253A14018920933%253Bshop_id%253A2559934%253BtemplateInfo%253A&freeshipping=1&fs_ab=1&fuse_fs=&lang=en&location=Sindh&price=125999&priceCompare=skuId%3A14018920933%3Bsource%3Alazada-search-voucher%3Bsn%3A98a6178be55dd583503631da1050acc2%3BoriginPrice%3A12599900%3BdisplayPrice%3A12599900%3BisGray%3Afalse%3BsinglePromotionId%3A50000077152001%3BsingleToolCode%3AflashSale%3BvoucherPricePlugin%3A0%3Btimestamp%3A1783428216646&qSellingPoint=b--apple___p--ipad&ratingscore=5.0&request_id=98a6178be55dd583503631da1050acc2&review=2&sale=4&search=1&source=search&spm=a2a0e.searchlist.list.0&stock=1;iPad A16 - 128GB;Apple;Electronique;Tablettes;129999;PKR;The 11-inch iPad is now more capable than ever with the super-fast A16 chip, Liquid Retina display, advanced cameras, fast Wi-Fi 6 and 5G, USB-C connector and four gorgeous colours. iPad delivers a powerful way to create, stay connected and get things done — all for a surprisingly affordable price. Key feature 11-INCH LIQUID RETINA DISPLAY — The gorgeous Liquid Retina display is an amazing way to watch movies or draw your next masterpiece. True Tone adjusts the display to the colour temperature of the room to make viewing comfortable in any light. ​ PERFORMANCE AND STORAGE — The super-fast A16 chip delivers a boost in performance for your favourite activities. And with all-day battery life, iPad is perfect for playing immersive games and editing photos and videos. Storage starts at 128GB and goes up to 512GB. ​ IPADOS + APPS — iPadOS makes iPad more productive, intuitive and versatile. With iPadOS, run multiple apps at once, work alongside collaborators with Freeform, and edit and share photos. iPad comes with essential apps like Safari, Messages and Keynote, with over a million more apps designed specifically for iPad available on the App Store. ​ APPLE PENCIL AND MAGIC KEYBOARD FOLIO — With Apple Pencil (USB-C), iPad transforms into an immersive drawing canvas and the world’s best note‑taking device. Magic Keyboard Folio features a versatile two-piece design with a detachable keyboard and a protective back panel that both attach magnetically to iPad. Apple Pencil (1st generation) is also compatible with iPad. ​ ADVANCED CAMERAS — iPad features a 12MP Center Stage front camera that’s perfect for video calls and selfies. The 12MP Wide back camera with True Tone flash is perfect for document scanning, capturing photos and 4K videos. ​ FAST WI-FI AND 5G MOBILE CONNECTIVITY — Wi-Fi 6 gives you fast wireless connectivity to download files, play multiplayer games, stream movies, check in with friends and more. And with 5G connectivity capabilities, you have the option to;https://static-01.daraz.pk/p/8b2e7a583d805b53ca1c150b07b47292.jpg|https://static-01.daraz.pk/p/fcb86c656bc8cfd7fcce9b174d1f8731.jpg|https://static-01.daraz.pk/p/318fdd56b20767be9ae8b8574c82685a.jpg|https://static-01.daraz.pk/p/97f14a3c2a111279f6a88fd907cdc201.jpg|https://static-01.daraz.pk/p/18f026b19e675013a9e6410563da9ae5.jpg|https://static-01.daraz.pk/p/c08a43cf0bbfc7cab2e8cec98f496852.jpg|https://static-01.daraz.pk/p/e03f10019a752b902510dd9b9c2aa18d.jpg|https://static-01.daraz.pk/p/c58f18e4d501104f3a53295a6752812e.jpg;8;ok
53;jumia;53_jumia;https://www.jumia.ma/samsung-tab-s10-ultra-14.6-12-go-256-go-argent-platine-67883222.html;Tab S10 Ultra 14.6'' - 12 Go + 256 Go - Argent Platine;Samsung;Electronique;Tablettes;9200.00;MAD;"Écran : 14.6"" Dynamic AMOLED 2X, 2960 x 1848 (WQXGA+), 16M couleurs, compatible S Pen (Gesture/Remote Control)Processeur : Octa-Core 3.4GHz / 2.8GHz / 2GHzCaméras : Double caméra principale 13 MP + 8 MP avec autofocus et flash, double frontale 12 MP + 12 MP, vidéo UHD 4K @30fpsConnectivité : 3G/4G/5G, Wi-Fi 6E, Bluetooth 5.3, USB 3.2 Gen 1, /Glonass/Beidou/Galileo/QZSSAudio & Vidéo : Formats vidéo UHD 8K @60fps, audio MP3/AAC/FLAC et autres, compatible Galaxy BudsBatterie : 11200 mAh, jusqu'à 10 h Internet, 16 h lecture vidéoSystème : Android, mises à jour sécurité jusqu’au 31/10/2031Dimensions & Poids : 208.6 x 326.4 x 5.4 mm, 723 gCapteurs : Empreinte digitale, accéléromètre, gyro, géomagnétique, Hall, lumière";https://ma.jumia.is/unsafe/fit-in/680x680/filters:fill(white)/product/22/238876/1.jpg?9365;1;ok
53;wildberries;53_wildberries;https://www.wildberries.ru/catalog/998676066/detail.aspx;"14.6"" Планшет Galaxy Tab S10 Ultra BSM-X920 (SM-X920NZAPCAU)";Samsung;Electronique;Tablettes;101115;RUB;;https://basket-41.wbbasket.ru/vol9986/part998676/998676066/images/big/1.webp|https://basket-41.wbbasket.ru/vol9986/part998676/998676066/images/big/2.webp;2;ok
53;trendyol;53_trendyol;https://www.trendyol.com/en/samsung/galaxy-tab-s11-ultra-12gb-256gb-5g-silver-p-992705773;Samsung Galaxy Tab S11 Ultra 12GB 256GB 5G Silver;Samsung;Electronique;Tablettes;4399.00;AED;;https://cdn.dsmcdn.com/ty1765/prod/QC_PREP/20250926/14/c9ec128c-5ea6-32ef-aeda-70f0cb0ac12f/1_org_zoom.jpg;1;ok
53;daraz;53_daraz;https://www.daraz.pk/products/s10-146-12gb-256gb-wifi-x920-i939652363-s3998220097.html?c=&channelLpJumpArgs=&clickTrackInfo=query%253ASamsung%252BTab%252BS10%252BUltra%252B14.6%253Bnid%253A939652363%253Bsrc%253ALazadaMainSrp%253Brn%253A68ee084480da627ac91bba56d9222a0e%253Bregion%253Apk%253Bsku%253A939652363_PK%253Bprice%253A339999%253Bclient%253Adesktop%253Bsupplier_id%253A6005464048393%253Bsession_id%253A%253Bbiz_source%253Ah5_external%253Bslot%253A0%253Butlog_bucket_id%253A470687%253Basc_category_id%253A7%253Bitem_id%253A939652363%253Bsku_id%253A3998220097%253Bshop_id%253A2270144%253BtemplateInfo%253A&freeshipping=0&fs_ab=1&fuse_fs=&lang=en&location=Sindh&price=339999&priceCompare=skuId%3A3998220097%3Bsource%3Alazada-search-voucher%3Bsn%3A68ee084480da627ac91bba56d9222a0e%3BoriginPrice%3A33999900%3BdisplayPrice%3A33999900%3BisGray%3Afalse%3BsinglePromotionId%3A-1%3BsingleToolCode%3AmockedSalePrice%3BvoucherPricePlugin%3A0%3Btimestamp%3A1783427921314&ratingscore=&request_id=68ee084480da627ac91bba56d9222a0e&review=&sale=0&search=1&source=search&spm=a2a0e.searchlist.list.0&stock=1;"Samsung Galaxy Tab S10 Ultra - 14.6 "" Inch Display - 12GB Ram - 256GB ROM WIFI - With Keyboard Cover - X920";No Brand;Electronique;Tablettes;339999;PKR;;https://static-01.daraz.pk/p/e1198b8b685c1eb39d7e009ff511f017.jpg|https://static-01.daraz.pk/p/1f7179de0c49f2b6393756b2b1b1f541.jpg|https://static-01.daraz.pk/p/c24a9d42344ea9e0e77af2a58e07dba5.jpg|https://static-01.daraz.pk/p/3359f2f08ac0cac915ca9745aa9dbf95.jpg|https://static-01.daraz.pk/p/56ac92f5f884b6b0286bd9fb4041392a.jpg;5;ok
54;jumia;54_jumia;https://www.jumia.ma/xiaomi-redmi-pad-2-pro-12.1-wifi-6go-128go-graphite-grey-67842839.html;"Redmi Pad 2 Pro 12.1"" Wifi- (6Go - 128Go) - Graphite Grey";XIAOMI;Electronique;Tablettes;2949.00;MAD;"Écran 2,5K 12,1"" d'une clarté cristallinePuce Snapdragon 7s Gen 4Batterie de 12 000 mAhCharge rapide 33 WCharge inversée 27 WAppareil photo principal de 8 MPCaméra interne de 8 MPQuatre haut-parleurs compatibles Dolby AtmosAndroid 15, HyperOS 26Go de RAM128 Go de stockage";https://ma.jumia.is/unsafe/fit-in/680x680/filters:fill(white)/product/93/824876/1.jpg?4484|https://ma.jumia.is/unsafe/fit-in/680x680/filters:fill(white)/product/93/824876/2.jpg?4484|https://ma.jumia.is/unsafe/fit-in/680x680/filters:fill(white)/product/93/824876/3.jpg?4484|https://ma.jumia.is/unsafe/fit-in/680x680/filters:fill(white)/product/93/824876/4.jpg?4484;4;ok
54;wildberries;54_wildberries;https://www.wildberries.ru/catalog/624883383/detail.aspx;Планшет Pad 2 Pro (6+128GB), графит;Redmi;Electronique;Tablettes;22110;RUB;;https://basket-31.wbbasket.ru/vol6248/part624883/624883383/images/big/1.webp|https://basket-31.wbbasket.ru/vol6248/part624883/624883383/images/big/2.webp|https://basket-31.wbbasket.ru/vol6248/part624883/624883383/images/big/3.webp|https://basket-31.wbbasket.ru/vol6248/part624883/624883383/images/big/4.webp|https://basket-31.wbbasket.ru/vol6248/part624883/624883383/images/big/5.webp|https://basket-31.wbbasket.ru/vol6248/part624883/624883383/images/big/6.webp|https://basket-31.wbbasket.ru/vol6248/part624883/624883383/images/big/7.webp|https://basket-31.wbbasket.ru/vol6248/part624883/624883383/images/big/8.webp;8;ok
54;trendyol;54_trendyol;https://www.trendyol.com/en/xiaomi/redmi-pad-2-pro-wifi-tablet-with-keyboard-8-gb-ram-256-gb-storage-lavender-purple-p-1146974760;Xiaomi Redmi Pad 2 Pro WiFi Tablet With Keyboard, 8 GB RAM, 256 GB Storage, Lavender Purple;Xiaomi;Electronique;Tablettes;1199.00;AED;;https://cdn.dsmcdn.com/ty1893/prod/QC_PREP/20260518/08/2ea4676b-92d8-3d2e-a160-1b788bbec5bf/1_org_zoom.jpg|https://cdn.dsmcdn.com/ty1912/prod/QC_PREP/20260518/08/971ab7b3-a4a1-3f3a-a0db-774f7e5c28ff/1_org_zoom.jpg|https://cdn.dsmcdn.com/ty1892/prod/QC_PREP/20260518/08/ee44ea2b-5e70-3ffa-be07-245a02e0e610/1_org_zoom.jpg;3;ok
54;daraz;54_daraz;https://www.daraz.pk/products/for-xiaomi-mi-redmi-pad-pro-2024-121-inch-anti-shock-anti-knock-anti-burst-tpu-case-i264748857-s3997015989.html?c=&channelLpJumpArgs=&clickTrackInfo=query%253AXIAOMI%252BRedmi%252BPad%252B2%252BPro%252B12.1%253Bnid%253A264748857%253Bsrc%253ALazadaMainSrp%253Brn%253Aa682f3610a1e8da28d87a7cd78437c4a%253Bregion%253Apk%253Bsku%253A264748857_PK%253Bprice%253A899%253Bclient%253Adesktop%253Bsupplier_id%253A1066213%253Bsession_id%253A%253Bbiz_source%253Ah5_external%253Bslot%253A0%253Butlog_bucket_id%253A470687%253Basc_category_id%253A10002873%253Bitem_id%253A264748857%253Bsku_id%253A3997015989%253Bshop_id%253A177662%253BtemplateInfo%253A-1_A3_C%2523&freeshipping=0&fs_ab=1&fuse_fs=&lang=en&location=Sindh&price=899&priceCompare=skuId%3A3997015989%3Bsource%3Alazada-search-voucher%3Bsn%3Aa682f3610a1e8da28d87a7cd78437c4a%3BoriginPrice%3A89900%3BdisplayPrice%3A89900%3BisGray%3Afalse%3BsinglePromotionId%3A-1%3BsingleToolCode%3A-1%3BvoucherPricePlugin%3A0%3Btimestamp%3A1783428688718&ratingscore=4.923076923076923&request_id=a682f3610a1e8da28d87a7cd78437c4a&review=26&sale=123&search=1&source=search&spm=a2a0e.searchlist.list.0&stock=0;For Xiaomi Mi Redmi Pad Pro (2024) 12.1 INCH ANTI SHOCK ANTI KNOCK ANTI BURST TPU CASE;No Brand;Electronique;Tablettes;.899;PKR;Simple and stylish to add vita lity and fashion into the design. Fashion comfortable tou ch sk inon the surface of the case. Smooth interior. Soft to the touch, won't fr ay, gently covering the screen. Precision drill ing. There is no obstru tion of keys, resulting in no loss of performance on the tablet, no loss of sound quality. High grade imported P U Leather Durable Stand Function color :Black,pink,red,white and blue High Quality Materials: Made of soft lightweight TPU materials, durable and comfortable.Reliable Protection: Protect your device from scratches, dirt and bumps.Full Access: Easy access and easy press buttons, Reasonable design enables you to directly access all buttons, ports and controls.Easy to Use: Easily to install and remove the case, without damaging or scratching the phone body.Note: there is maybe slight color difference because of displayer resolution. Specifications of Brand No Brand SKU 264748857_PK-3997015989 Type (case/cover) Case Model 5 Warranty Policy EN checking warranty What’s in the box 1 x case;https://static-01.daraz.pk/p/11655055a40aaa3448b9774be3427830.jpg|https://www.youtube.com/watch?v=YurDl10tcjA|https://static-01.daraz.pk/p/e9b634eb5822603e851ba89f87f0a0f3.jpg|https://static-01.daraz.pk/p/ec98c3ac67b9b278d85d987d031656b2.jpg;4;ok
55;jumia;55_jumia;https://www.jumia.ma/honor-pad-x8a-11-wifi-4go-128go-gris-67916421.html;"PAD X8A 11"" Wifi - (4Go - 128Go) - Gris";Honor;Electronique;Tablettes;2099.00;MAD;Écran 11 pouces TFT LCD, 1200 x 1920 pixels, 90 Hz, 400 nitsSystème d’exploitation Android 14, MagicOS 8Processeur Snapdragon 680 4G (6 nm), Octa-coreMémoire 4 Go RAM128 Go stockage (sans extension)Appareil photo principal 5 MP, autofocus, HDR, vidéo 1080pCaméra frontale 5 MP, vidéo 1080pAudio 4 haut-parleurs stéréo, Hi-ResCouleur Gris;https://ma.jumia.is/unsafe/fit-in/680x680/filters:fill(white)/product/12/461976/1.jpg?3305|https://ma.jumia.is/unsafe/fit-in/680x680/filters:fill(white)/product/12/461976/2.jpg?3305;2;ok
55;wildberries;55_wildberries;https://www.wildberries.ru/catalog/519028955/detail.aspx;Планшет Pad X8a 4Гб+64ГБ WIFI, без поддержки SIM (5301AKFF);HONOR;Electronique;Tablettes;11435;RUB;;https://basket-28.wbbasket.ru/vol5190/part519028/519028955/images/big/1.webp|https://basket-28.wbbasket.ru/vol5190/part519028/519028955/images/big/2.webp|https://basket-28.wbbasket.ru/vol5190/part519028/519028955/images/big/3.webp|https://basket-28.wbbasket.ru/vol5190/part519028/519028955/images/big/4.webp|https://basket-28.wbbasket.ru/vol5190/part519028/519028955/images/big/5.webp|https://basket-28.wbbasket.ru/vol5190/part519028/519028955/images/big/6.webp|https://basket-28.wbbasket.ru/vol5190/part519028/519028955/images/big/7.webp|https://basket-28.wbbasket.ru/vol5190/part519028/519028955/images/big/8.webp|https://basket-28.wbbasket.ru/vol5190/part519028/519028955/images/big/9.webp|https://basket-28.wbbasket.ru/vol5190/part519028/519028955/images/big/10.webp|https://basket-28.wbbasket.ru/vol5190/part519028/519028955/images/big/11.webp|https://basket-28.wbbasket.ru/vol5190/part519028/519028955/images/big/12.webp|https://basket-28.wbbasket.ru/vol5190/part519028/519028955/images/big/13.webp|https://basket-28.wbbasket.ru/vol5190/part519028/519028955/images/big/14.webp|https://basket-28.wbbasket.ru/vol5190/part519028/519028955/images/big/15.webp|https://basket-28.wbbasket.ru/vol5190/part519028/519028955/images/big/16.webp|https://basket-28.wbbasket.ru/vol5190/part519028/519028955/images/big/17.webp;17;ok
55;trendyol;55_trendyol;https://www.trendyol.com/en/honor/pad-x8b-11-wifi-4gb-64gb-space-gray-p-1145625031;"Honor Pad X8B 11"" Wifi 4GB + 64GB Space Gray";Honor;Electronique;Tablettes;612.9;AED;;https://cdn.dsmcdn.com/ty1915/prod/QC_PREP/20260515/11/77b0485b-266c-3047-afd8-16b50dab8471/1_org_zoom.jpg|https://cdn.dsmcdn.com/ty1926/prod/QC_PREP/20260515/11/4ecf660a-f2d9-32c9-8a16-dc5cf686c7b1/1_org_zoom.jpg|https://cdn.dsmcdn.com/ty1933/prod/QC_PREP/20260515/11/012c8e5e-8986-344e-b4d8-236f56a8dba6/1_org_zoom.jpg|https://cdn.dsmcdn.com/ty1905/prod/QC_PREP/20260515/11/d19641e9-083e-3603-8b4f-6b6ae0b503f4/1_org_zoom.jpg|https://cdn.dsmcdn.com/ty1913/prod/QC_PREP/20260515/11/456e1843-3238-3cc8-a397-64304b083686/1_org_zoom.jpg|https://cdn.dsmcdn.com/ty1892/prod/QC_PREP/20260515/11/77fe8901-a6cd-3544-b4a7-52e2d157c120/1_org_zoom.jpg|https://cdn.dsmcdn.com/ty1912/prod/QC_PREP/20260515/11/19603a98-77fe-3ff3-b499-9eea27d738d7/1_org_zoom.jpg;7;ok
55;daraz;55_daraz;https://www.daraz.pk/products/x8a-8gb-128gb-11-i1954458914-s14015593432.html?c=&channelLpJumpArgs=&clickTrackInfo=query%253AHonor%252BPAD%252BX8A%253Bnid%253A1954458914%253Bsrc%253ALazadaMainSrp%253Brn%253A066e9dbfdeec03ab3913e798370f876d%253Bregion%253Apk%253Bsku%253A1954458914_PK%253Bprice%253A46000%253Bclient%253Adesktop%253Bsupplier_id%253A6005136064332%253Bsession_id%253A%253Bbiz_source%253Ah5_external%253Bslot%253A0%253Butlog_bucket_id%253A470687%253Basc_category_id%253A7%253Bitem_id%253A1954458914%253Bsku_id%253A14015593432%253Bshop_id%253A1507542%253BtemplateInfo%253A&freeshipping=1&fs_ab=1&fuse_fs=&lang=en&location=Sindh&price=4.6E%204&priceCompare=skuId%3A14015593432%3Bsource%3Alazada-search-voucher%3Bsn%3A066e9dbfdeec03ab3913e798370f876d%3BoriginPrice%3A4600000%3BdisplayPrice%3A4600000%3BisGray%3Afalse%3BsinglePromotionId%3A-1%3BsingleToolCode%3AmockedSalePrice%3BvoucherPricePlugin%3A0%3Btimestamp%3A1783428818726&qSellingPoint=p--pad%20x8a___b--honor&ratingscore=&request_id=066e9dbfdeec03ab3913e798370f876d&review=&sale=0&search=1&source=search&spm=a2a0e.searchlist.list.0&stock=1;No Free gift !! Honor Pad X8a (8GB+128GB) 11-Inch Tablet – Smooth Performance & Large Display;HONOR;Electronique;Tablettes;46000;PKR;"Online classes & study Movies & entertainment Office work & browsing Gaming & social media Large 11"" Display – Clear and vibrant screen for movies, reading, and work 8GB RAM + 128GB Storage – Smooth multitasking with plenty of space Powerful Performance – Ideal for apps, browsing, and gaming Long Battery Life – Stay connected for hours without frequent charging Slim & Lightweight Design – Easy to carry and comfortable to use Android OS – Access thousands of apps from the Play Store WiFi Connectivity – Fast and stable internet browsing Specifications of Brand HONOR SKU 1954458914_PK-14015593432 Cellular No What’s in the box Honor Pad";https://static-01.daraz.pk/p/5b6692b89a59b6ecf1a4b663f5e9222e.jpg|https://static-01.daraz.pk/p/f576fd1913a1b16edb1b3b00b0a3e22c.png|https://static-01.daraz.pk/p/9aa6ca8865e68019aee9b5ee777528f1.png|https://static-01.daraz.pk/p/ca5d2853fe7a89013748c25174e40792.jpg;4;ok
56;jumia;56_jumia;https://www.jumia.ma/xiaomi-20000mah-redmi-18w-fast-charge-power-bank-black-48931123.html;20000mAh Redmi 18W Fast Charge Power Bank (Black);XIAOMI;Electronique;Powerbanks;159.00;MAD;"Capacité: 20,000 mAh
Entrée: Micro USB, USB-C
Micro USB: 9V / 2A
USB-C: 12 V / 1,5 A
Charge rapide de 18 W";https://ma.jumia.is/unsafe/fit-in/680x680/filters:fill(white)/product/32/113984/1.jpg?9919|https://ma.jumia.is/unsafe/fit-in/680x680/filters:fill(white)/product/32/113984/2.jpg?3563;2;ok
56;wildberries;56_wildberries;https://www.wildberries.ru/catalog/119234913/detail.aspx;Аккумулятор Power Bank PB200LZM Li-Pol 20000mAh;Xiaomi;Electronique;Powerbanks;1379;RUB;;https://basket-09.wbbasket.ru/vol1192/part119234/119234913/images/big/1.webp|https://basket-09.wbbasket.ru/vol1192/part119234/119234913/images/big/2.webp|https://basket-09.wbbasket.ru/vol1192/part119234/119234913/images/big/3.webp|https://basket-09.wbbasket.ru/vol1192/part119234/119234913/images/big/4.webp|https://basket-09.wbbasket.ru/vol1192/part119234/119234913/images/big/5.webp;5;ok
56;trendyol;56_trendyol;https://www.trendyol.com/en/generic/xiaomi-redmi-power-bank-20000mah-18w-fast-charging-black-p-959488089;Generic Xiaomi Redmi Power Bank 20000mAh 18W Fast Charging - Black;Generic;Electronique;Powerbanks;68.00;AED;;https://cdn.dsmcdn.com/ty1715/prod/QC_PREP/20250722/14/4e1b4755-6cde-3ea9-8166-28636f936ba8/1_org_zoom.jpg|https://cdn.dsmcdn.com/ty1713/prod/QC_PREP/20250722/14/890c0c2b-6b40-30b0-94ae-8a81c3c7a17c/1_org_zoom.jpg|https://cdn.dsmcdn.com/ty1715/prod/QC_PREP/20250722/14/dada6499-5024-332a-a4e9-bf435936026d/1_org_zoom.jpg|https://cdn.dsmcdn.com/ty1714/prod/QC_PREP/20250722/14/8b07f5d7-d81b-387d-9132-28158c9e44c6/1_org_zoom.jpg|https://cdn.dsmcdn.com/ty1714/prod/QC_PREP/20250722/14/31120eee-de92-3b45-b2a2-6b21f2f2c21b/1_org_zoom.jpg|https://cdn.dsmcdn.com/ty1715/prod/QC_PREP/20250722/14/24fb5774-b94d-3096-b38a-4743a14db23b/1_org_zoom.jpg;6;ok
56;daraz;56_daraz;https://www.daraz.pk/products/xiaomi-20000mah-redmi-powerbank-18w-fast-charge-dual-input-output-li-polymer-i501466801-s2396924183.html?c=&channelLpJumpArgs=&clickTrackInfo=query%253APower%252Bbank%252BRedmi%252B20000%252Bmah%252B18W%253Bnid%253A501466801%253Bsrc%253ALazadaMainSrp%253Brn%253Ac47c0675b207da79e3ba8babe885bee7%253Bregion%253Apk%253Bsku%253A501466801_PK%253Bprice%253A6000%253Bclient%253Adesktop%253Bsupplier_id%253A6005109664048%253Bsession_id%253A%253Bbiz_source%253Ah5_external%253Bslot%253A3%253Butlog_bucket_id%253A470687%253Basc_category_id%253A9562%253Bitem_id%253A501466801%253Bsku_id%253A2396924183%253Bshop_id%253A1457849%253BtemplateInfo%253A&freeshipping=1&fs_ab=1&fuse_fs=&lang=en&location=Sindh&price=6E%203&priceCompare=skuId%3A2396924183%3Bsource%3Alazada-search-voucher%3Bsn%3Ac47c0675b207da79e3ba8babe885bee7%3BoriginPrice%3A600000%3BdisplayPrice%3A600000%3BisGray%3Afalse%3BsinglePromotionId%3A-1%3BsingleToolCode%3A-1%3BvoucherPricePlugin%3A0%3Btimestamp%3A1783381452701&ratingscore=&request_id=c47c0675b207da79e3ba8babe885bee7&review=&sale=0&search=1&source=search&spm=a2a0e.searchlist.list.3&stock=1;Xiaomi 20000mAh Redmi PowerBank 18w Fast Charge - Dual Input & Output Li-polymer;No Brand;Electronique;Powerbanks;6000;PKR;"High capacity of 20,000 mAh; built-in smart USB charging controller*;compatible with most phones and digital devices; enough capacity to fully charge four Mi 9 phones and still have power left.For peace of mind when you're on the go.The 20,000-mAh Redmi Fast Charge Power Bank has two USB-A output ports, each with a maximum power of 18 W when used alone. The combined output of the two ports can reach 5.1 V/3.6 A, so it can be used to charge both phones and tablets. The high-density lithium-ion polymer battery provides lasting and reliable battery life for devices such as phones, tablets and digital cameras, so you can recharge wherever you are — in the office or on the go. Xiaomi 20000mAh Redmi PowerBank 18w Fast Charge - Dual Input & Output Li-polymer Specifications of Brand No Brand SKU 501466801_PK-2396924183 Number of USB Ports 1 Battery Capacity 10001 mAh to 20000 mAh Charging Cable Included No";https://static-01.daraz.pk/p/beb623682febb04ef206d1a1957a00f9.jpg|https://static-01.daraz.pk/p/6a5f256676977d6591197ee53174382d.jpg|https://static-01.daraz.pk/p/5f76a579eba01d6ae4e8054790c6c8e3.jpg;3;ok
57;jumia;57_jumia;https://www.jumia.ma/vintage-a168wa-1wdf-bracelet-en-acier-inoxydable-argente-casio-mpg1413516.html;Vintage Collection  - Bracelet en acier inoxydable Argente - A168wa-1W;Casio;Accessoires & Mode;Montres;545.00;MAD;"Case / bezel material: Resin / Chrome platedAdjustable ClaspStainless Steel BandResin GlassWater Resistant

														
															Size of case / Total weight
												
															Size of case : 38.6×36.3×9.6mm
                            
	                             Total weight : 50g";https://ma.jumia.is/unsafe/fit-in/680x680/filters:fill(white)/product/44/840036/1.jpg?9741|https://ma.jumia.is/unsafe/fit-in/680x680/filters:fill(white)/product/44/840036/2.jpg?9741|https://ma.jumia.is/unsafe/fit-in/680x680/filters:fill(white)/product/44/840036/3.jpg?9741|https://ma.jumia.is/unsafe/fit-in/680x680/filters:fill(white)/product/44/840036/4.jpg?9741|https://ma.jumia.is/unsafe/fit-in/680x680/filters:fill(white)/product/44/840036/5.jpg?9741|https://ma.jumia.is/unsafe/fit-in/680x680/filters:fill(white)/product/44/840036/6.jpg?9741|https://ma.jumia.is/unsafe/fit-in/680x680/filters:fill(white)/product/44/840036/7.jpg?9741|https://ma.jumia.is/unsafe/fit-in/680x680/filters:fill(white)/product/44/840036/8.jpg?9741;8;ok
57;wildberries;57_wildberries;https://www.wildberries.ru/catalog/96544693/detail.aspx;Часы CASIO A168WA-1WDF серебристый;Casio;Accessoires & Mode;Montres;4161.86;RUB;;https://basket-05.wbbasket.ru/vol965/part96544/96544693/images/big/1.webp|https://basket-05.wbbasket.ru/vol965/part96544/96544693/images/big/2.webp|https://basket-05.wbbasket.ru/vol965/part96544/96544693/images/big/3.webp|https://basket-05.wbbasket.ru/vol965/part96544/96544693/images/big/4.webp|https://basket-05.wbbasket.ru/vol965/part96544/96544693/images/big/5.webp;5;ok
57;trendyol;57_trendyol;https://www.trendyol.com/en/casio/casio-men-s-digital-silver-dial-watch-a168wa-1w-p-1059951;CasioCASIO Men's Digital Silver Dial Watch - A168WA-1W;Casio;Accessoires & Mode;Montres;152.90;AED;;https://cdn.dsmcdn.com/mnresize/300/-/sfint/production/flags/ae.png|https://cdn.dsmcdn.com/mnresize/620/920/ty1694/prod/QC_PREP/20250611/15/03ad3cfc-50de-3a32-9fae-3e6a4ade8a34/1_org_zoom.jpg|https://cdn.dsmcdn.com/mnresize/620/920/ty1692/prod/QC_PREP/20250611/15/70a1a1f8-8e32-3516-a687-418b9b7a4310/1_org_zoom.jpg|https://cdn.dsmcdn.com/mnresize/128/-/indexing-sticker-stamp/mars/f5a86130-7b62-457e-8562-25db0fb7f1be.png|https://cdn.dsmcdn.com/mnresize/620/920/ty1694/prod/QC_PREP/20250611/15/de6f8671-e1a7-3e81-affc-13bd2691a998/1_org_zoom.jpg|https://cdn.dsmcdn.com/mnresize/620/920/ty1692/prod/QC_PREP/20250611/15/4329fdba-89db-3f7b-b6ac-75de27c0cbfb/1_org_zoom.jpg|https://cdn.dsmcdn.com/mnresize/620/920/ty1693/prod/QC_PREP/20250611/15/745afaf2-971f-375b-9353-7365fb99b83e/1_org_zoom.jpg|https://cdn.dsmcdn.com/mnresize/620/920/ty1692/prod/QC_PREP/20250611/15/3c4039cc-c6aa-39a7-a8bc-32193cc32d55/1_org_zoom.jpg|https://cdn.dsmcdn.com/mnresize/30/30/mobile/reviewrating/kamera-emoji6x.png|https://cdn.dsmcdn.com/mnresize/30/30/mobile/pdp/Additional/orange-heart_1f9e1.png|https://cdn.dsmcdn.com/mnresize/30/30/mobile/pdp/Additional/view3.png|https://cdn.dsmcdn.com/mnresize/128/192/ty1687/prod/QC/20250529/10/6acec8fd-a761-3c08-bbc3-8eaaa7aed629/1_org_zoom.jpg|https://cdn.dsmcdn.com/mnresize/128/192/ty1694/prod/QC_PREP/20250611/15/03ad3cfc-50de-3a32-9fae-3e6a4ade8a34/1_org_zoom.jpg|https://cdn.dsmcdn.com/mnresize/128/192/ty1748/prod/QC_ENRICHMENT/20250905/23/59b6fbdd-b15b-33bb-a641-0cb86abd17e4/1_org_zoom.jpg|https://cdn.dsmcdn.com/mnresize/128/192/ty1784/prod/QC_PREP/20251031/20/f7a992e8-cf57-3dc1-9fb3-5a0498b95d3f/1_org_zoom.jpg|https://cdn.dsmcdn.com/mnresize/128/192/ty1852/prod/QC_PREP/20260407/20/91a3d96b-8581-3d79-94a4-8b4f4dbe16e5/1_org_zoom.jpg|https://cdn.dsmcdn.com/mobile/international/PaymentLogo/tamara_snippet_en.png|https://cdn.dsmcdn.com/mobile/international/PaymentLogo/Tabby_snippet_new.png|https://cdn.dsmcdn.com/mobile/international/PaymentLogo/cod-v4.png|https://cdn.dsmcdn.com/indexing-sticker-stamp/venus/19d2a74f-03ff-4152-9f81-b590c3c24db9.png|https://cdn.dsmcdn.com/ty1694/prod/QC_PREP/20250611/15/03ad3cfc-50de-3a32-9fae-3e6a4ade8a34/1_org_zoom.jpg|https://cdn.dsmcdn.com/sfweb-checkout/images/basket-icon_1751630173674.png|https://cdn.dsmcdn.com/mobile/international/PaymentLogo/Mastercard3x.png|https://cdn.dsmcdn.com/mobile/international/PaymentLogo/Visa3x.png|https://cdn.dsmcdn.com/mobile/international/PaymentLogo/Applepay3x.png|https://cdn.dsmcdn.com/mobile/international/PaymentLogo/tamara_logo_en.png|https://cdn.dsmcdn.com/mobile/international/PaymentLogo/Tabby_Basket_new.png|https://cdn.dsmcdn.com/mobile/international/PaymentLogo/gpay3x.png|https://cdn.dsmcdn.com/sfweb-browsing/images/footer-pci-dss.png|https://cdn.dsmcdn.com/sfweb-browsing/images/footer-iso.png;30;ok
57;daraz;57_daraz;https://www.daraz.pk/products/casio-a168wa-1wdf-stainless-steel-wrist-watch-for-men-digital-vintage-series-i182158637.html;Original Casio - A168WA-1WDF - Stainless Steel Wrist Watch for Men - Digital / Vintage Series;Casio;Accessoires & Mode;Montres;12710;PKR;Casio - A168WA-1WDF - Stainless Steel Wrist Watch for Men Specifications of Brand Casio SKU 182158637_PK-1363368204 Strap Material Stainless Steel Watch Feature Alarm,Countdown,Stopwatch,Dual Time Watch Case Size (mm) 35mm to 39mm Movement Quartz Watch Case Shape Retangle Watch Movement Country Japan Model Casio - A168WA-1WDF Glass Mineral glass What’s in the box 1 X Casio - A168WA-1WDF - Stainless Steel Wrist Watch for Men - Digital / Vintage Series, 1 X Warranty Card;https://static-01.daraz.pk/p/ad8861a5172470e6355849a475e2263c.jpg;1;ok
58;jumia;58_jumia;https://www.jumia.ma/casio-a158wa1dfcollection-vintage-numerique-avec-bracelet-en-acier-inoxydable-42370787.html;A158WA*1DFcollection VINTAGE numérique avec bracelet en acier inoxydable;Casio;Accessoires & Mode;Montres;479.00;MAD;"Case / bezel material: Resin / Chrome platedAdjustable ClaspStainless Steel BandResin GlassWater Resistant

														
															LED light1/100-second stopwatch
Measuring capacity: 59'59.99""
Measuring modes: Elapsed time, split time, 1st-2nd place timesDaily alarmHourly time signalAuto-calendar (set at 28 days for February)12/24-hour formatRegular time keeping: Hour, minute, second, pm, date, dayAccuracy: ±30 seconds per monthApprox. battery life: 7 yearsSize of case / Total weight
												
															Size of case : 36.8×33.2×8.2mm
                            
	                             Total weight : 46g";https://ma.jumia.is/unsafe/fit-in/680x680/filters:fill(white)/product/78/707324/1.jpg?2957|https://ma.jumia.is/unsafe/fit-in/680x680/filters:fill(white)/product/78/707324/2.jpg?2957|https://ma.jumia.is/unsafe/fit-in/680x680/filters:fill(white)/product/78/707324/3.jpg?2957|https://ma.jumia.is/unsafe/fit-in/680x680/filters:fill(white)/product/78/707324/4.jpg?2957|https://ma.jumia.is/unsafe/fit-in/680x680/filters:fill(white)/product/78/707324/5.jpg?2957|https://ma.jumia.is/unsafe/fit-in/680x680/filters:fill(white)/product/78/707324/6.jpg?2957|https://ma.jumia.is/unsafe/fit-in/680x680/filters:fill(white)/product/78/707324/7.jpg?2957|https://ma.jumia.is/unsafe/fit-in/680x680/filters:fill(white)/product/78/707324/8.jpg?2957;8;ok
58;wildberries;58_wildberries;https://www.wildberries.ru/catalog/147220201/detail.aspx;наручные часы CASIO A158WA-1;Casio;Accessoires & Mode;Montres;3564.51;RUB;;https://basket-10.wbbasket.ru/vol1472/part147220/147220201/images/big/1.webp|https://basket-10.wbbasket.ru/vol1472/part147220/147220201/images/big/2.webp|https://basket-10.wbbasket.ru/vol1472/part147220/147220201/images/big/3.webp;3;ok
58;trendyol;58_trendyol;https://www.trendyol.com/en/casio/casio-unisex-digital-grey-dial-watch-a-158wa-1d-p-893645?choicennenabled=true;Casio CASIO Unisex Digital Grey Dial Watch - A-158WA-1D;Casio;Accessoires & Mode;Montres;121.00;AED;;https://cdn.dsmcdn.com/ty1686/prod/QC/20250529/10/e63a1185-7e10-394d-83c5-610929f400c8/1_org_zoom.jpg|https://cdn.dsmcdn.com/ty1688/prod/QC/20250529/10/08e8aa88-f5a4-3901-b605-7606b87bbbcd/1_org_zoom.jpg|https://cdn.dsmcdn.com/ty1687/prod/QC/20250529/10/1ad4bc4d-9039-3691-977f-91f2f3e015bb/1_org_zoom.jpg;3;ok
58;daraz;58_daraz;https://www.daraz.pk/products/casio-general-vintage-youth-silver-tone-resin-digital-square-silver-stainless-steel-bracelet-watch-a158wa-1df-i426360670.html;Casio General Vintage Youth Silver Tone Resin Digital Square Silver Stainless Steel Bracelet Watch-A158WA-1DF;Casio General;Accessoires & Mode;Montres;11300;PKR;;https://static-01.daraz.pk/p/d8097388eb3c9e27cc77e4e3e2067cd0.jpg;1;ok
59;jumia;59_jumia;https://www.jumia.ma/casio-montre-numerique-homme-en-acier-inoxydable-look-luxueux-et-elegant-a159w-n1df-41216149.html;Montre numérique homme en acier inoxydable look luxueux et élégant-a159w-n1df;Casio;Accessoires & Mode;Montres;539.00;MAD;"Verre minéral
Étanche
Matériau du boîtier/lunette : Plastique
Bracelet en acier inoxydable
Loquet réglable
Lumière LED Chronomètre 1/100 seconde
Capacité de mesure : 59'59.99''
Modes de mesure : temps réel, temps intermédiaire, temps d'arrivée à la première seconde
Alarme quotidienne
Signal horaire
Calendrier automatique (28 jours pour février) Format de l'heure 12/24
Chronométrage régulier : Heure, minute, seconde, pm, date, jour
Précision : ±30 secondes par mois Autonomie approximative de la batterie : longue duree avec pile CR2016.
Taille du boîtier : 38,6 x 36,3 x 8,2 mm
Poids total :44 gMontre casio livrer avec une tres belle boite cadeau sans logo";https://ma.jumia.is/unsafe/fit-in/680x680/filters:fill(white)/product/94/161214/1.jpg?9481|https://ma.jumia.is/unsafe/fit-in/680x680/filters:fill(white)/product/94/161214/2.jpg?9481|https://ma.jumia.is/unsafe/fit-in/680x680/filters:fill(white)/product/94/161214/3.jpg?9481|https://ma.jumia.is/unsafe/fit-in/680x680/filters:fill(white)/product/94/161214/4.jpg?9481|https://ma.jumia.is/unsafe/fit-in/680x680/filters:fill(white)/product/94/161214/5.jpg?9481|https://ma.jumia.is/unsafe/fit-in/680x680/filters:fill(white)/product/94/161214/6.jpg?9481|https://ma.jumia.is/unsafe/fit-in/680x680/filters:fill(white)/product/94/161214/7.jpg?9481|https://ma.jumia.is/unsafe/fit-in/680x680/filters:fill(white)/product/94/161214/8.jpg?9481;8;ok
59;wildberries;59_wildberries;https://www.wildberries.ru/catalog/356259115/detail.aspx;Японские часы Vintage A159WA-N1 с хронографом оригинал;Casio;Accessoires & Mode;Montres;2796;RUB;;https://basket-21.wbbasket.ru/vol3562/part356259/356259115/images/big/1.webp|https://basket-21.wbbasket.ru/vol3562/part356259/356259115/images/big/2.webp|https://basket-21.wbbasket.ru/vol3562/part356259/356259115/images/big/3.webp|https://basket-21.wbbasket.ru/vol3562/part356259/356259115/images/big/4.webp|https://basket-21.wbbasket.ru/vol3562/part356259/356259115/images/big/5.webp|https://basket-21.wbbasket.ru/vol3562/part356259/356259115/images/big/6.webp|https://basket-21.wbbasket.ru/vol3562/part356259/356259115/images/big/7.webp|https://basket-21.wbbasket.ru/vol3562/part356259/356259115/images/big/8.webp;8;ok
59;trendyol;59_trendyol;https://www.trendyol.com/en/casio/a159w-n1df-women-s-watch-p-135430065?choicennenabled=true;Casio A159W-N1Df Women's Watch;Casio;Accessoires & Mode;Montres;136.00;AED;;https://cdn.dsmcdn.com/ty1686/prod/QC/20250529/10/ab5d1fd7-8a97-3196-a7ce-afd7ed1f58e9/1_org_zoom.jpg;1;ok
59;daraz;59_daraz;https://www.daraz.pk/products/casio-general-vintage-youth-stainless-steel-silver-tone-digital-rectangle-silver-steel-bracelet-watch-a159w-n1df-i281510661.html;Casio General Vintage Youth Stainless Steel Silver Tone Digital Rectangle Silver Steel Bracelet Watch-A159W-N1DF;Casio General;Accessoires & Mode;Montres;12700;PKR;;https://static-01.daraz.pk/p/17a645dc38a1ac99c54a617f092f73ee.jpg;1;ok
60;jumia;60_jumia;https://www.jumia.ma/montre-homme-sport-digitale-bracelet-en-acier-inoxydable-casio-mpg1049921.html;montre homme  sport digitale bracelet en acier inoxydable;Casio;Accessoires & Mode;Montres;420.00;MAD;"Montre en acier inoxydable avec poussoirs double face et cadran numérique carré avec affichage de la date


Dispose également d'une luminosité et d'une alarme


Boîtier dimension de 32 mm 
Mouvement à quartz avec affichage numérique


Bracelet à trois rangées en acier inoxydable avec fermoir déployant


Résistant à l'eau

pile 10 ans de vie";https://ma.jumia.is/unsafe/fit-in/680x680/filters:fill(white)/product/36/056114/1.jpg?8361|https://ma.jumia.is/unsafe/fit-in/680x680/filters:fill(white)/product/36/056114/2.jpg?8361|https://ma.jumia.is/unsafe/fit-in/680x680/filters:fill(white)/product/36/056114/3.jpg?8361|https://ma.jumia.is/unsafe/fit-in/680x680/filters:fill(white)/product/36/056114/4.jpg?8361|https://ma.jumia.is/unsafe/fit-in/680x680/filters:fill(white)/product/36/056114/5.jpg?8361|https://ma.jumia.is/unsafe/fit-in/680x680/filters:fill(white)/product/36/056114/6.jpg?8361|https://ma.jumia.is/unsafe/fit-in/680x680/filters:fill(white)/product/36/056114/7.jpg?8361|https://ma.jumia.is/unsafe/fit-in/680x680/filters:fill(white)/product/36/056114/8.jpg?8361;8;ok
60;wildberries;60_wildberries;https://www.wildberries.ru/catalog/417380972/detail.aspx;Оригинальные наручные часы Vintage A178WA-1ADF;Casio;Accessoires & Mode;Montres;3089;RUB;;https://basket-24.wbbasket.ru/vol4173/part417380/417380972/images/big/1.webp|https://basket-24.wbbasket.ru/vol4173/part417380/417380972/images/big/2.webp|https://basket-24.wbbasket.ru/vol4173/part417380/417380972/images/big/3.webp|https://basket-24.wbbasket.ru/vol4173/part417380/417380972/images/big/4.webp|https://basket-24.wbbasket.ru/vol4173/part417380/417380972/images/big/5.webp;5;ok
60;trendyol;60_trendyol;https://www.trendyol.com/en/casio/men-s-digital-black-dial-watch-a-178wa-1a-p-1060011?choicennenabled=true;Casio Men's Digital Black Dial Watch - A-178WA-1A;Casio;Accessoires & Mode;Montres;145.00;AED;;https://cdn.dsmcdn.com/ty1807/prod/QC_PREP/20251230/16/49985102-93bd-3a67-a2de-a0b0294c24a3/1_org_zoom.jpg;1;ok
60;daraz;60_daraz;https://www.daraz.pk/products/casio-a178wa-1ad-vintage-style-wrist-watch-for-men-i129647971.html;Original Casio A178WA-1AD - Vintage Style - Wrist Watch for Men;Casio;Accessoires & Mode;Montres;9794;PKR;;https://static-01.daraz.pk/p/0526c7f5831730ecba29af24b565b73b.jpg;1;ok
61;jumia;61_jumia;https://www.jumia.ma/casio-montre-pour-homme-analogique-numerique-aw-80-1avdf-63018383.html;Montre pour homme analogique-numérique AW-80-1AVDF;Casio;Accessoires & Mode;Montres;750.00;MAD;Matériau boîtier/lunette : RésineEnviron. autonomie de la pile : 10 ans sur CR2025Bande de résineVerre Résine / Verre Sphérique;https://ma.jumia.is/unsafe/fit-in/680x680/filters:fill(white)/product/38/381036/1.jpg?2006|https://ma.jumia.is/unsafe/fit-in/680x680/filters:fill(white)/product/38/381036/2.jpg?2006|https://ma.jumia.is/unsafe/fit-in/680x680/filters:fill(white)/product/38/381036/3.jpg?2006;3;ok
61;wildberries;61_wildberries;https://www.wildberries.ru/catalog/185293941/detail.aspx;AW-80-1AVDF Оригинальные наручные часы;Casio;Accessoires & Mode;Montres;5033;RUB;;https://basket-12.wbbasket.ru/vol1852/part185293/185293941/images/big/1.webp|https://basket-12.wbbasket.ru/vol1852/part185293/185293941/images/big/2.webp|https://basket-12.wbbasket.ru/vol1852/part185293/185293941/images/big/3.webp|https://basket-12.wbbasket.ru/vol1852/part185293/185293941/images/big/4.webp;4;ok
61;trendyol;61_trendyol;https://www.trendyol.com/en/casio/aw-80-1avdf-women-s-wristwatch-p-786388230;Casio Aw-80-1avdf Women's Wristwatch;Casio;Accessoires & Mode;Montres;266.99;AED;;https://cdn.dsmcdn.com/ty1633/prod/QC/20250206/17/d4aeb1fa-e051-3036-914c-7d156fb5afbd/1_org_zoom.jpg;1;ok
61;daraz;61_daraz;https://www.daraz.pk/products/original-casio-aw-80-1avdf-youth-digital-wrist-watch-for-men-youth-series-i132022887.html;Original Casio - AW-80-1AVDF - Youth Digital Wrist Watch for Men - Youth Series;Casio;Accessoires & Mode;Montres;14365;PKR;;https://static-01.daraz.pk/p/30b341db488cc6670dc13fe10d46369d.jpg;1;ok
62;jumia;62_jumia;https://www.jumia.ma/casio-montre-dheure-mondiale-illuminateur-bracelet-acier-inoxydable-digital-ae-1200whd-1avdf-40996364.html;Montre d'heure mondiale illuminateur Bracelet Acier inoxydable Digital-AE-1200whd-1avdf;Casio;Accessoires & Mode;Montres;679.00;MAD;"Matériau Acier inoxydable
Style semi-formel, sport
Couleur du boîtier Argent
Montre Forme Ronde
Affichage numérique
Matériau du boîtier Acier inoxydable, résine, argent
Caractéristiques Chronographe, Plongeur, Date, Résistant à l'eau, Résistant à l'eau, Chronographe, Fuseau horaire multiple, Jour et date, Résistant à l'eau, Résistant à l'eau, Date, Chronographe, Jour et date, Alarme, Chronographe, Jour et date, Fuseau horaire multiple, Résistant à l'eau, Homme Acier inoxydable Digital Mouvement Quartz

 Sportif Cadran LCD et sangle Gris

 100 meters

CASIO QUARTZ AE-1200whd-1avdf ILLUMINATOR WATCH chronomètre 1/100 seconde Capacité de mesure: 23: 59'59.99 ″ Modes de mesure: temps écoulé, temps intermédiaire, 1ère-2ème place fois 12/24 heures Format Précision: ± 30 secondes par mois Alarmes 5 alarmes indépendantes (ponctuelles ou quotidiennes)Calendrier automatique complet (jusqu'en 2099) Activation / désactivation de la tonalité des boutons Minuterie de compte à rebours Unité de mesure: 1/10 seconde Plage d'entrée: 1 seconde à 24 heures (incréments de 1 seconde, incréments de 1 minute et 1 -heure par incréments) Signal horaire Voyant LED Commutateur d'éclairage automatique, durée d'éclairage sélectionnable, rémanence Mulit Time (4 villes différentes) Indication de l'heure régulière Analogique: 3 aiguilles (heure, minute, secondes du chronomètre), 3 cadrans (seconde, heures et minutes du chronomètre) Heure mondiale 31 fuseaux horaires (48 villes + heure universelle coordonnée), heure d'été activée / désactivée, permutation ville de résidence / ville d'heure mondiale Taille du boîtier / poids total AE-1000WD 48,1 X 43,7 X 13,7 mm / 96 gMontre casio livrer avec une super boite cadeau sans logo";https://ma.jumia.is/unsafe/fit-in/680x680/filters:fill(white)/product/46/369904/1.jpg?1356|https://ma.jumia.is/unsafe/fit-in/680x680/filters:fill(white)/product/46/369904/2.jpg?1356|https://ma.jumia.is/unsafe/fit-in/680x680/filters:fill(white)/product/46/369904/3.jpg?1356|https://ma.jumia.is/unsafe/fit-in/680x680/filters:fill(white)/product/46/369904/4.jpg?1356|https://ma.jumia.is/unsafe/fit-in/680x680/filters:fill(white)/product/46/369904/5.jpg?1356|https://ma.jumia.is/unsafe/fit-in/680x680/filters:fill(white)/product/46/369904/6.jpg?1356|https://ma.jumia.is/unsafe/fit-in/680x680/filters:fill(white)/product/46/369904/7.jpg?1356|https://ma.jumia.is/unsafe/fit-in/680x680/filters:fill(white)/product/46/369904/8.jpg?1356;8;ok
62;wildberries;62_wildberries;https://www.wildberries.ru/catalog/35185294/detail.aspx;AE-1200WHD-1A;Casio;Accessoires & Mode;Montres;6226;RUB;;https://basket-03.wbbasket.ru/vol351/part35185/35185294/images/big/1.webp|https://basket-03.wbbasket.ru/vol351/part35185/35185294/images/big/2.webp|https://basket-03.wbbasket.ru/vol351/part35185/35185294/images/big/3.webp|https://basket-03.wbbasket.ru/vol351/part35185/35185294/images/big/4.webp|https://basket-03.wbbasket.ru/vol351/part35185/35185294/images/big/5.webp|https://basket-03.wbbasket.ru/vol351/part35185/35185294/images/big/6.webp|https://basket-03.wbbasket.ru/vol351/part35185/35185294/images/big/7.webp|https://basket-03.wbbasket.ru/vol351/part35185/35185294/images/big/8.webp|https://basket-03.wbbasket.ru/vol351/part35185/35185294/images/big/9.webp|https://basket-03.wbbasket.ru/vol351/part35185/35185294/images/big/10.webp|https://basket-03.wbbasket.ru/vol351/part35185/35185294/images/big/11.webp|https://basket-03.wbbasket.ru/vol351/part35185/35185294/images/big/12.webp;12;ok
62;trendyol;62_trendyol;https://www.trendyol.com/en/casio/ae-1200whd-1avdf-men-s-wristwatch-p-1926592?choicennenabled=true;Casio Ae-1200whd-1avdf Men's Wristwatch;Casio;Accessoires & Mode;Montres;236.5;AED;;https://cdn.dsmcdn.com/ty1575/prod/QC/20241002/06/821d7d9d-4ce4-3eba-aed9-c8225556fadc/1_org_zoom.jpg|https://cdn.dsmcdn.com/ty1692/prod/QC_ENRICHMENT/20250612/09/4055eb7c-19f9-30fe-a599-e4f53302359e/1_org_zoom.jpg|https://cdn.dsmcdn.com/ty1692/prod/QC_ENRICHMENT/20250612/09/afb4c8d2-4ffe-3885-944c-5abe01ccdc90/1_org_zoom.jpg|https://cdn.dsmcdn.com/ty1692/prod/QC_ENRICHMENT/20250612/09/e1bd17f9-f15d-37d9-84b2-d8117d978db3/1_org_zoom.jpg;4;ok
62;daraz;62_daraz;https://www.daraz.pk/products/casio-ae-1200whd-1avdf-digital-wrist-watch-for-men-i129903229.html;Original Casio - AE-1200WHD-1AVDF - Digital Wrist Watch for Men;Casio;Accessoires & Mode;Montres;16900;PKR;;https://static-01.daraz.pk/p/0cebc151585b372a361422dbffa57c69.jpg;1;ok
63;jumia;63_jumia;https://www.jumia.ma/casio-montre-homme-sport-en-resine-noir-numerique-fonction-snooze-ae-1500wh-1avdf-41150880.html;Montre Homme Sport en Résine Noir Numérique Fonction Snooze-AE-1500WH-1AVDF;Casio;Accessoires & Mode;Montres;539.00;MAD;"Marque 	Casio Vintage
Catégorie 	Montre
Genre 	Homme
Couleur 	Noir Epaisseur du boitier 	15,70 mm
Largeur du boitier 	51,20 mm
Longueur du boitier 	54,60 mm
Matière du boitier 	Résine Poids du boitier 	57,00 g
Lunette 	Fixe
Boutons 	4 boutons poussoirs
Mouvements 	Electronique Type de mécanisme 	Mecanisme japonais
Complications Chronographe 	Chronomètre - 24 heures , Compte à rebours
Complications Alarme 	Alarme 24h
Alarme-Réveil 	Oui
Réserve de Marche (durée maximum) longue duree avec 1 pile
Type d'affichage 	Numérique (digital)
Fonctions 	Heures, minutes, secondes, dates, mois , Lampe LED , Réveil
Etancheité 	10 atmosphères
Matière du bracelet 	Résine
Couleur du bracelet 	Noir
Résistant à l'eau 	Oui
Fermoir Montre 	Boucle ardillon
Style 	Chronographe , Sport / AventureMontre casio livrer avec une tres belle boite cadeau sans logo";https://ma.jumia.is/unsafe/fit-in/680x680/filters:fill(white)/product/08/805114/1.jpg?0654|https://ma.jumia.is/unsafe/fit-in/680x680/filters:fill(white)/product/08/805114/2.jpg?0654|https://ma.jumia.is/unsafe/fit-in/680x680/filters:fill(white)/product/08/805114/3.jpg?0654|https://ma.jumia.is/unsafe/fit-in/680x680/filters:fill(white)/product/08/805114/4.jpg?0654|https://ma.jumia.is/unsafe/fit-in/680x680/filters:fill(white)/product/08/805114/5.jpg?0654|https://ma.jumia.is/unsafe/fit-in/680x680/filters:fill(white)/product/08/805114/6.jpg?0654|https://ma.jumia.is/unsafe/fit-in/680x680/filters:fill(white)/product/08/805114/7.jpg?0654;7;ok
63;wildberries;63_wildberries;https://www.wildberries.ru/catalog/119812335/detail.aspx;Часы Casio Collection AE-1500WHX-1A;Casio;Accessoires & Mode;Montres;3495;RUB;;https://basket-09.wbbasket.ru/vol1198/part119812/119812335/images/big/1.webp;1;ok
63;trendyol;63_trendyol;https://www.trendyol.com/en/casio/casio-youth-series-digital-black-dial-men-s-watch-ae-1500wh-1avdf-p-734448660?boutiqueId=61&merchantId=1139528;CasioCasio Youth Series Digital Black Dial Men's Watch AE-1500WH-1AVDF;Casio;Accessoires & Mode;Montres;154.00;AED;;https://cdn.dsmcdn.com/mnresize/300/-/sfint/production/flags/ae.png|https://cdn.dsmcdn.com/mnresize/620/920/ty1692/prod/QC_PREP/20250614/08/0096f0fe-62d0-3d0d-9e1b-4624f4e02cd7/1_org_zoom.jpg|https://cdn.dsmcdn.com/mnresize/620/920/ty1692/prod/QC_PREP/20250614/08/b6eef178-2671-3c98-a188-3f7f1ae7ee47/1_org_zoom.jpg|https://cdn.dsmcdn.com/mnresize/620/920/ty1692/prod/QC_PREP/20250614/08/0178421c-cacd-3779-9340-da816ff01cf0/1_org_zoom.jpg|https://cdn.dsmcdn.com/mnresize/620/920/ty1693/prod/QC_PREP/20250614/08/702eb619-6da3-31c9-9b57-0a8a062a1841/1_org_zoom.jpg|https://cdn.dsmcdn.com/mnresize/620/920/ty1694/prod/QC_PREP/20250614/08/a6f44fcd-600d-3b1e-9d37-54b6489a827b/1_org_zoom.jpg|https://cdn.dsmcdn.com/mnresize/30/30/mobile/reviewrating/kamera-emoji6x.png|https://cdn.dsmcdn.com/mnresize/128/192/ty1687/prod/QC/20250529/10/a54d57d3-26c3-3358-914e-045f0b88e4de/1_org_zoom.jpg|https://cdn.dsmcdn.com/mnresize/128/192/ty1692/prod/QC_PREP/20250614/08/0096f0fe-62d0-3d0d-9e1b-4624f4e02cd7/1_org_zoom.jpg|https://cdn.dsmcdn.com/mobile/international/PaymentLogo/tamara_snippet_en.png|https://cdn.dsmcdn.com/mobile/international/PaymentLogo/Tabby_snippet_new.png|https://cdn.dsmcdn.com/mobile/international/PaymentLogo/cod-v4.png|https://cdn.dsmcdn.com/indexing-sticker-stamp/venus/19d2a74f-03ff-4152-9f81-b590c3c24db9.png|https://cdn.dsmcdn.com/ty1692/prod/QC_PREP/20250614/08/0096f0fe-62d0-3d0d-9e1b-4624f4e02cd7/1_org_zoom.jpg|https://cdn.dsmcdn.com/sfweb-checkout/images/basket-icon_1751630173674.png|https://cdn.dsmcdn.com/mobile/international/PaymentLogo/Mastercard3x.png|https://cdn.dsmcdn.com/mobile/international/PaymentLogo/Visa3x.png|https://cdn.dsmcdn.com/mobile/international/PaymentLogo/Applepay3x.png|https://cdn.dsmcdn.com/mobile/international/PaymentLogo/tamara_logo_en.png|https://cdn.dsmcdn.com/mobile/international/PaymentLogo/Tabby_Basket_new.png|https://cdn.dsmcdn.com/mobile/international/PaymentLogo/gpay3x.png|https://cdn.dsmcdn.com/sfweb-browsing/images/footer-pci-dss.png|https://cdn.dsmcdn.com/sfweb-browsing/images/footer-iso.png;23;ok
63;daraz;63_daraz;https://www.daraz.pk/products/casio-general-black-resin-digital-multi-function-black-resin-band-watch-for-mens-ae-1500wh-1avdf-i424966556.html;Casio General Black Resin Digital Multi-Function Black Resin Band Watch for Mens-AE-1500WH-1AVDF;Casio General;Accessoires & Mode;Montres;15200;PKR;;https://static-01.daraz.pk/p/ef19b92896349cffebfb56fd73a502e8.jpg;1;ok
64;jumia;64_jumia;https://www.jumia.ma/casio-montre-femmes-ltp-1165a-4cdf-36370916.html;Montre Femmes LTP-1165A-4CDF;Casio;Accessoires & Mode;Montres;620.00;MAD;• Montre originale• Ses paires• Résistant à l'eau• Bracelet en acier inoxydable;https://ma.jumia.is/unsafe/fit-in/680x680/filters:fill(white)/product/61/907363/1.jpg?6037|https://ma.jumia.is/unsafe/fit-in/680x680/filters:fill(white)/product/61/907363/2.jpg?6037;2;ok
64;wildberries;64_wildberries;https://www.wildberries.ru/catalog/956752556/detail.aspx;Часы Casio LTP-1165A-1C2 женские кварцевые;Casio;Accessoires & Mode;Montres;7347;RUB;;https://basket-40.wbbasket.ru/vol9567/part956752/956752556/images/big/1.webp|https://basket-40.wbbasket.ru/vol9567/part956752/956752556/images/big/2.webp|https://basket-40.wbbasket.ru/vol9567/part956752/956752556/images/big/3.webp|https://basket-40.wbbasket.ru/vol9567/part956752/956752556/images/big/4.webp|https://basket-40.wbbasket.ru/vol9567/part956752/956752556/images/big/5.webp|https://basket-40.wbbasket.ru/vol9567/part956752/956752556/images/big/6.webp;6;ok
64;trendyol;64_trendyol;https://www.trendyol.com/en/casio/ltp-1165a-4cdf-watch-p-981748;Casio Ltp-1165A-4Cdf Watch;Casio;Accessoires & Mode;Montres;278.01;AED;;https://cdn.dsmcdn.com/ty1717/prod/QC_PREP/20250730/06/fd25b97b-4529-3ec7-b90f-ed2f77f0a685/1_org_zoom.jpg;1;ok
64;daraz;64_daraz;https://www.daraz.pk/products/ltp-1165a-4cdf-i664677892-s3128152557.html?c=&channelLpJumpArgs=&clickTrackInfo=query%253ACasio%252B%252BLTP-1165A-4CDF%253Bnid%253A664677892%253Bsrc%253ALazadaMainSrp%253Brn%253A158e9487447e0a828a44d9782706b44a%253Bregion%253Apk%253Bsku%253A664677892_PK%253Bprice%253A13325%253Bclient%253Adesktop%253Bsupplier_id%253A7866%253Bsession_id%253A%253Bbiz_source%253Ah5_external%253Bslot%253A1%253Butlog_bucket_id%253A470687%253Basc_category_id%253A7759%253Bitem_id%253A664677892%253Bsku_id%253A3128152557%253Bshop_id%253A92930%253BtemplateInfo%253A&freeshipping=0&fs_ab=1&fuse_fs=&lang=en&location=Sindh&price=13325&priceCompare=skuId%3A3128152557%3Bsource%3Alazada-search-voucher%3Bsn%3A158e9487447e0a828a44d9782706b44a%3BoriginPrice%3A1332500%3BdisplayPrice%3A1332500%3BisGray%3Afalse%3BsinglePromotionId%3A-1%3BsingleToolCode%3AmockedSalePrice%3BvoucherPricePlugin%3A0%3Btimestamp%3A1783527385524&ratingscore=&request_id=158e9487447e0a828a44d9782706b44a&review=&sale=0&search=1&source=search&spm=a2a0e.searchlist.list.1&stock=1;Original Casio - LTP-1165A-4CDF Stainless Steel Wrist Watch For Women / Watch For Girls;Casio;Accessoires & Mode;Montres;13325;PKR;;https://static-01.daraz.pk/p/336d141fe72b0e03d2e7c98aa512d732.jpg|https://static-01.daraz.pk/p/66be1f0ce201df87ae3b4f4077eb1b9d.jpg;2;ok
65;jumia;65_jumia;https://www.jumia.ma/a700w1ad-super-slim-case-vintage-collection.-bracelet-en-acier-inoxydable-casio-mpg1413357.html;SUPER SLIM CASE - A700W-1ADF - Vintage Collection. - Bcelet en acier;Casio;Accessoires & Mode;Montres;635.00;MAD;"• SUPER SLIM CASE • Water resistant • LED backlight • 1/100-second stopwatch • Daily alarm • Stainless steel band12/24-hour format
						
							Regular timekeeping:
Hour, minute, second, pm, date, dayDaily alarm
						
							Hourly time signalAuto-calendar (set at 28 days for February)LED backlightCase size (L× W× H) : 37.4 × 35.5 × 6 mmMineral GlassLivrée dans son écrin CASIO";https://ma.jumia.is/unsafe/fit-in/680x680/filters:fill(white)/product/54/029505/1.jpg?4224|https://ma.jumia.is/unsafe/fit-in/680x680/filters:fill(white)/product/54/029505/2.jpg?4224|https://ma.jumia.is/unsafe/fit-in/680x680/filters:fill(white)/product/54/029505/3.jpg?4224|https://ma.jumia.is/unsafe/fit-in/680x680/filters:fill(white)/product/54/029505/4.jpg?4224|https://ma.jumia.is/unsafe/fit-in/680x680/filters:fill(white)/product/54/029505/5.jpg?4224|https://ma.jumia.is/unsafe/fit-in/680x680/filters:fill(white)/product/54/029505/6.jpg?4224|https://ma.jumia.is/unsafe/fit-in/680x680/filters:fill(white)/product/54/029505/7.jpg?4224|https://ma.jumia.is/unsafe/fit-in/680x680/filters:fill(white)/product/54/029505/8.jpg?4224;8;ok
65;wildberries;65_wildberries;https://www.wildberries.ru/catalog/199132992/detail.aspx;Часы Casio Vintage A-700WE-1A;Casio;Accessoires & Mode;Montres;5706.55;RUB;;https://basket-13.wbbasket.ru/vol1991/part199132/199132992/images/big/1.webp|https://basket-13.wbbasket.ru/vol1991/part199132/199132992/images/big/2.webp|https://basket-13.wbbasket.ru/vol1991/part199132/199132992/images/big/3.webp|https://basket-13.wbbasket.ru/vol1991/part199132/199132992/images/big/4.webp|https://basket-13.wbbasket.ru/vol1991/part199132/199132992/images/big/5.webp|https://basket-13.wbbasket.ru/vol1991/part199132/199132992/images/big/6.webp|https://basket-13.wbbasket.ru/vol1991/part199132/199132992/images/big/7.webp|https://basket-13.wbbasket.ru/vol1991/part199132/199132992/images/big/8.webp|https://basket-13.wbbasket.ru/vol1991/part199132/199132992/images/big/9.webp|https://basket-13.wbbasket.ru/vol1991/part199132/199132992/images/big/10.webp|https://basket-13.wbbasket.ru/vol1991/part199132/199132992/images/big/11.webp|https://basket-13.wbbasket.ru/vol1991/part199132/199132992/images/big/12.webp|https://basket-13.wbbasket.ru/vol1991/part199132/199132992/images/big/13.webp;13;ok
65;trendyol;65_trendyol;https://www.trendyol.com/casio/a700wm-7adf-retro-erkek-kol-saati-p-6762098?choicennenabled=false;CasioA700Wm-7Adf Retro Men's Watch;Casio;Accessoires & Mode;Montres;280.26;AED;;https://cdn.dsmcdn.com/mnresize/300/-/sfint/production/flags/ae.png|https://cdn.dsmcdn.com/mnresize/620/920/ty1750/prod/QC_ENRICHMENT/20250905/23/939d4d2b-ec1d-3476-8dab-b42b18374e03/1_org_zoom.jpg|https://cdn.dsmcdn.com/mnresize/620/920/ty1750/prod/QC_ENRICHMENT/20250905/23/536602ce-4876-3605-8f42-50b397f73571/1_org_zoom.jpg|https://cdn.dsmcdn.com/mnresize/620/920/ty1812/prod/QC_ENRICHMENT/20260121/06/9a9650ef-b2c4-31d2-9150-fcaced059670/1_org_zoom.jpg|https://cdn.dsmcdn.com/mnresize/620/920/ty1812/prod/QC_ENRICHMENT/20260121/06/399d765f-4a4e-39a6-bedb-c7bb4243e646/1_org_zoom.jpg|https://cdn.dsmcdn.com/mnresize/30/30/mobile/reviewrating/kamera-emoji6x.png|https://cdn.dsmcdn.com/mnresize/30/30/mobile/pdp/Additional/orange-heart_1f9e1.png|https://cdn.dsmcdn.com/mobile/international/PaymentLogo/tamara_snippet_en.png|https://cdn.dsmcdn.com/mobile/international/PaymentLogo/Tabby_snippet_new.png|https://cdn.dsmcdn.com/mobile/international/PaymentLogo/cod-v4.png|https://cdn.dsmcdn.com/indexing-sticker-stamp/venus/19d2a74f-03ff-4152-9f81-b590c3c24db9.png|https://cdn.dsmcdn.com/mnresize/34/34/indexing-sticker-stamp/stage/4b0d7ef1-8e8f-4c8f-b1c7-637e432ea2b4.png|https://cdn.dsmcdn.com/ty1750/prod/QC_ENRICHMENT/20250905/23/939d4d2b-ec1d-3476-8dab-b42b18374e03/1_org_zoom.jpg|https://cdn.dsmcdn.com/sfweb-checkout/images/basket-icon_1751630173674.png|https://cdn.dsmcdn.com/mobile/international/PaymentLogo/Mastercard3x.png|https://cdn.dsmcdn.com/mobile/international/PaymentLogo/Visa3x.png|https://cdn.dsmcdn.com/mobile/international/PaymentLogo/Applepay3x.png|https://cdn.dsmcdn.com/mobile/international/PaymentLogo/tamara_logo_en.png|https://cdn.dsmcdn.com/mobile/international/PaymentLogo/Tabby_Basket_new.png|https://cdn.dsmcdn.com/mobile/international/PaymentLogo/gpay3x.png|https://cdn.dsmcdn.com/sfweb-browsing/images/footer-pci-dss.png|https://cdn.dsmcdn.com/sfweb-browsing/images/footer-iso.png;22;ok
65;daraz;65_daraz;https://www.daraz.pk/products/a700w-1adf-i426394276-s2023889301.html?c=&channelLpJumpArgs=&clickTrackInfo=query%253ACasio%252BA700W%253Bnid%253A426394276%253Bsrc%253ALazadaMainSrp%253Brn%253A07c87ddb979090750bb79e107b44eb18%253Bregion%253Apk%253Bsku%253A426394276_PK%253Bprice%253A15200%253Bclient%253Adesktop%253Bsupplier_id%253A6005011743528%253Bsession_id%253A%253Bbiz_source%253Ah5_external%253Bslot%253A0%253Butlog_bucket_id%253A470687%253Basc_category_id%253A10001246%253Bitem_id%253A426394276%253Bsku_id%253A2023889301%253Bshop_id%253A372579%253BtemplateInfo%253A&freeshipping=1&fs_ab=1&fuse_fs=&lang=en&location=Sindh&price=1.52E%204&priceCompare=skuId%3A2023889301%3Bsource%3Alazada-search-voucher%3Bsn%3A07c87ddb979090750bb79e107b44eb18%3BoriginPrice%3A1520000%3BdisplayPrice%3A1520000%3BisGray%3Afalse%3BsinglePromotionId%3A-1%3BsingleToolCode%3A-1%3BvoucherPricePlugin%3A0%3Btimestamp%3A1783605798455&ratingscore=5.0&request_id=07c87ddb979090750bb79e107b44eb18&review=2&sale=4&search=1&source=search&spm=a2a0e.searchlist.list.0&stock=1;Casio General Vintage Youth Silver Tone Resin Digital Rectangle Silver Stainless Steel Bracelet Watch-A700W-1ADF;Casio General;Accessoires & Mode;Montres;15200;PKR;;https://static-01.daraz.pk/p/e7f5ae26cab2b41c1e141ad5f09aaf14.jpg;1;ok
66;jumia;66_jumia;https://www.jumia.ma/casio-montre-numerique-homme-collection-precision-confort-commodite-f-91wm-1bdf-62714393.html;Montre Numérique homme Collection Précision confort commodité -F-91WM-1BDF;Casio;Accessoires & Mode;Montres;289.00;MAD;"Matériau du boîtier/de la lunette : Résine  Ruban plastique  Verres en plastique imperméable  Lumière LED Chronomètre 1/100seconde  Capacité de mesure : 59'59.99"" Mode de mesure :temps réel,temps intermédiaire,temps défini 1-2 Alarme quotidienne Signal horaire  Calendrier automatique (fixé à 28 jours pour février) Format 12/24 heures Temps de rétention normal : Heure, minute, seconde, pm, date, date Précision : ±30 secondes par mois Environ. autonomie de la pile : longue duree sur CR2016  Taille du boîtier : 38,2 × 35,2 × 8,5 mm  Poids total : 21gmontre casio originale livrer avec une pochette de laine casio bleu";https://ma.jumia.is/unsafe/fit-in/680x680/filters:fill(white)/product/39/341726/1.jpg?3765|https://ma.jumia.is/unsafe/fit-in/680x680/filters:fill(white)/product/39/341726/2.jpg?3765|https://ma.jumia.is/unsafe/fit-in/680x680/filters:fill(white)/product/39/341726/3.jpg?3765|https://ma.jumia.is/unsafe/fit-in/680x680/filters:fill(white)/product/39/341726/4.jpg?3765|https://ma.jumia.is/unsafe/fit-in/680x680/filters:fill(white)/product/39/341726/5.jpg?3765|https://ma.jumia.is/unsafe/fit-in/680x680/filters:fill(white)/product/39/341726/6.jpg?3765|https://ma.jumia.is/unsafe/fit-in/680x680/filters:fill(white)/product/39/341726/7.jpg?3765|https://ma.jumia.is/unsafe/fit-in/680x680/filters:fill(white)/product/39/341726/8.jpg?3765;8;ok
66;wildberries;66_wildberries;https://www.wildberries.ru/catalog/117673588/detail.aspx;Часы Casio Collection F-91W-1Q;Casio;Accessoires & Mode;Montres;2227.28;RUB;;https://basket-09.wbbasket.ru/vol1176/part117673/117673588/images/big/1.webp;1;ok
66;trendyol;66_trendyol;https://www.trendyol.com/casio/f-91w-1dg-erkek-kol-saati-2-yil-turkiye-tek-distributoru-ersa-saat-garantilidir-p-1012301;Casio F-91W-1Dg Retro Plastic Digital Men's Wrist Watch;Casio;Accessoires & Mode;Montres;82.5;AED;;https://cdn.dsmcdn.com/ty1602/prod/QC/20241119/15/a0494431-f827-353a-812d-aa99431c42a8/1_org_zoom.jpg|https://cdn.dsmcdn.com/ty1814/prod/QC_ENRICHMENT/20260121/06/ce0f408d-5ff8-3268-bcdc-a5f638ae7f56/1_org_zoom.jpg|https://cdn.dsmcdn.com/ty1813/prod/QC_ENRICHMENT/20260121/06/08e51112-d5d1-3ed0-b77f-2d6adb8e9db1/1_org_zoom.jpg|https://cdn.dsmcdn.com/ty1813/prod/QC_ENRICHMENT/20260121/06/adbe9b9d-e3ba-3b55-a2c5-e799170c174c/1_org_zoom.jpg;4;ok
66;daraz;66_daraz;https://www.daraz.pk/products/original-casio-f-91w-1dg-digital-wrist-watch-for-men-i129901247.html;Original Casio - F-91W-1DG - Digital Wrist Watch for Men;Casio;Accessoires & Mode;Montres;6825;PKR;;https://static-01.daraz.pk/p/8f4950dae53f13f215d879ada3657bcf.jpg;1;ok
67;jumia;67_jumia;https://www.jumia.ma/montre-classique-quartz-analogique-cadran-blanc-mq-24-7bldf-casio-mpg1413472.html;MQ-24-7BLDF - Montre classique Quartz analogique cadran blanc;Casio;Accessoires & Mode;Montres;295.00;MAD;"Boîtier en résine
Bande de résine
Mouvement à quartz
Verre minéral
Cadran blanc
Fermoir boucleDiamètre approximatif : 38,8 mm";https://ma.jumia.is/unsafe/fit-in/680x680/filters:fill(white)/product/04/373036/1.jpg?5096|https://ma.jumia.is/unsafe/fit-in/680x680/filters:fill(white)/product/04/373036/2.jpg?5096|https://ma.jumia.is/unsafe/fit-in/680x680/filters:fill(white)/product/04/373036/3.jpg?5096|https://ma.jumia.is/unsafe/fit-in/680x680/filters:fill(white)/product/04/373036/4.jpg?5096|https://ma.jumia.is/unsafe/fit-in/680x680/filters:fill(white)/product/04/373036/5.jpg?5096|https://ma.jumia.is/unsafe/fit-in/680x680/filters:fill(white)/product/04/373036/6.jpg?5096|https://ma.jumia.is/unsafe/fit-in/680x680/filters:fill(white)/product/04/373036/7.jpg?5096|https://ma.jumia.is/unsafe/fit-in/680x680/filters:fill(white)/product/04/373036/8.jpg?5096;8;ok
67;wildberries;67_wildberries;https://www.wildberries.ru/catalog/702056249/detail.aspx;Часы Casio Collection MQ-24-7B;Casio;Accessoires & Mode;Montres;5445;RUB;;https://basket-33.wbbasket.ru/vol7020/part702056/702056249/images/big/1.webp|https://basket-33.wbbasket.ru/vol7020/part702056/702056249/images/big/2.webp|https://basket-33.wbbasket.ru/vol7020/part702056/702056249/images/big/3.webp|https://basket-33.wbbasket.ru/vol7020/part702056/702056249/images/big/4.webp|https://basket-33.wbbasket.ru/vol7020/part702056/702056249/images/big/5.webp|https://basket-33.wbbasket.ru/vol7020/part702056/702056249/images/big/6.webp|https://basket-33.wbbasket.ru/vol7020/part702056/702056249/images/big/7.webp;7;ok
67;trendyol;67_trendyol;https://www.trendyol.com/casio/erkek-kol-saati-mq-24-7bldf-p-2673295?choicennenabled=false;Casio Men's Wristwatch MQ-24-7BLDF;Casio;Accessoires & Mode;Montres;85.00;AED;;https://cdn.dsmcdn.com/ty54/product/media/images/20210112/20/52280399/5923831/1/1_org_zoom.jpg;1;ok
67;daraz;67_daraz;https://www.daraz.pk/products/casio-watches-dial-dial-quartz-table-mq-24-7b-i223587955.html;Casio Watches Dial Dial Quartz Table Mq-24-7b;Brand:;Accessoires & Mode;Montres;4906;PKR;Clasp type:Buckle Band length:18cm Style:Fashion & casual Movement:Quartz Water resistance depth:3bar Case material:Resin Case thickness:7mm Case shape:Round Item type:Quartz wristwatches Band material type:Resin Dial diameter:36mm Clasp type:Buckle Band length:18cm Style:Fashion & casual Movement:Quartz Water resistance depth:3bar Case material:Resin Case thickness:7mm Case shape:Round Item type:Quartz wristwatches Band material type:Resin Dial diameter:36mm Specifications of SKU 223587955_PK-1441012881 Model Watches-Quartz_Watches What’s in the box 1 * Casio Watches Dial Dial Quartz Male Table Mq-24-7b;https://static-01.daraz.pk/p/b801a659a08134b674a053ef0b7ad40f.jpg;1;ok
68;jumia;68_jumia;https://www.jumia.ma/casio-montre-homme-chrono-digitale-bracelet-acier-water-resistant-db-360g-9adf-48365963.html;Montre Homme Chrono Digitale Bracelet Acier Water Resistant db-360g-9adf;Casio;Accessoires & Mode;Montres;597.00;MAD;Résine Verre Résistant à l'eau Matériau du boîtier/de la lunette : Résine/ Ton doré Bracelet en acier inoxydable BrocheréglableRétroéclairage LED Rétroéclairage Mémoire de contact Capacité de mémoire : Jusqu'à 30 ensembles de données, avec un nom à 8 caractères et un numéro de téléphone à 15 chiffresAutre : Conserver l'affichage de la mémoire, auto tri, prise en charge des caractères de 13 langues (anglais, portugais, espagnol, français, néerlandais, danois) Circuit, Allemagne, Italie, Suède, Pologne, Roumanie, Turquie, Russie)Double fuseau horaire 1/100 seconde chronomètre Capacité de mesure : 23 : 59'59.99''Mode de mesure : Temps écoulé écoulé, temps intermédiaire, temps d'arrivée de la première à la secondeCompte à rebours Plage d'entrée : 1 minute à 24 heures Unité : 1 seconde Alarme multifonctions 5 alarmes multifonctions distinctesFonction d'alarme répétée pour une seule alarme (jusqu'à 7 répétitions à environ 5 minutes d'intervalle) Signal horaireCalendrier automatique (jusqu'à l'année 2039) Format de l'heure 12/24 Indication de l'heure régulière : Heure, minute, seconde, am/pm, année, mois, jour, jour, heure d'été marche/arrêtPrécision: ±30 secondes un mois Autonomie approximative:10 ans avec pile CR2025 Taille du boîtier :43,1 × 37,7×10,4 mmTres belle montre casio livrer avec une tres belle boite cadeau sans logo;https://ma.jumia.is/unsafe/fit-in/680x680/filters:fill(white)/product/36/956384/1.jpg?0911|https://ma.jumia.is/unsafe/fit-in/680x680/filters:fill(white)/product/36/956384/2.jpg?0911|https://ma.jumia.is/unsafe/fit-in/680x680/filters:fill(white)/product/36/956384/3.jpg?0911|https://ma.jumia.is/unsafe/fit-in/680x680/filters:fill(white)/product/36/956384/4.jpg?0911|https://ma.jumia.is/unsafe/fit-in/680x680/filters:fill(white)/product/36/956384/5.jpg?0911|https://ma.jumia.is/unsafe/fit-in/680x680/filters:fill(white)/product/36/956384/6.jpg?0911|https://ma.jumia.is/unsafe/fit-in/680x680/filters:fill(white)/product/36/956384/7.jpg?0911|https://ma.jumia.is/unsafe/fit-in/680x680/filters:fill(white)/product/36/956384/8.jpg?0911;8;ok
68;wildberries;68_wildberries;https://www.wildberries.ru/catalog/79859506/detail.aspx;Оригинальные наручные часы DB-360-1A;Casio;Accessoires & Mode;Montres;5587.19;RUB;;https://basket-05.wbbasket.ru/vol798/part79859/79859506/images/big/1.webp;1;ok
68;trendyol;68_trendyol;https://www.trendyol.com/casio/db-360g-9adf-retro-erkek-kol-saati-p-1931241;Casio Db-360G-9Adf Retro Men's Wrist Watch;Casio;Accessoires & Mode;Montres;236.5;AED;;https://cdn.dsmcdn.com/ty1509/product/media/images/prod/QC/20240828/17/ba85ed8c-a38b-3a26-8a6a-c1af16eac5f4/1_org_zoom.jpg;1;ok
68;daraz;68_daraz;https://www.daraz.pk/products/casio-digital-dial-with-golden-bracelet-mens-watch-db-360g-9adf-i414958411.html;CASIO DIGITAL DIAL WITH GOLDEN BRACELET MEN'S WATCH - DB-360G-9ADF;Casio;Accessoires & Mode;Montres;18440;PKR;;https://static-01.daraz.pk/p/9b3a802694d6f779488ddec32dec9fc8.jpg;1;ok
69;jumia;69_jumia;https://www.jumia.ma/casio-montre-homme-avec-bracelet-en-metal-sportive-6-aiguilles-etanche-mtp-1375d-7a2vdf-61357985.html;Montre homme avec bracelet en métal sportive 6 aiguilles étanche-mtp-1375d-7a2vdf;Casio;Accessoires & Mode;Montres;959.00;MAD;"verre minéral
Etanche jusqu'à 50 mètres de profondeur
Matériau du boîtier/de la lunette : Plaqué ionique
Bracelet en métal Chronométrage régulier Analogique : 3 aiguilles (heure, minute, seconde),
3 cadrans (date, jour, 24 heures)
Précision : ±20 secondes par mois
Durée de vie approximative de la batterie : longue duree avec la batterie SR927SW . Taille du boîtier : 48,5 × 42 × 9,7 mm
Poids total : 67 grammes Boîtier et bracelet en acier inoxydable, fermoir à bouton poussoir.Verre minéral, affichage à 3 cadrans (jour, date et 24 heuresMontre casio livrer avec une tres belle boite cadeau sans logo";https://ma.jumia.is/unsafe/fit-in/680x680/filters:fill(white)/product/58/975316/1.jpg?5854|https://ma.jumia.is/unsafe/fit-in/680x680/filters:fill(white)/product/58/975316/2.jpg?5854|https://ma.jumia.is/unsafe/fit-in/680x680/filters:fill(white)/product/58/975316/3.jpg?5854|https://ma.jumia.is/unsafe/fit-in/680x680/filters:fill(white)/product/58/975316/4.jpg?5854|https://ma.jumia.is/unsafe/fit-in/680x680/filters:fill(white)/product/58/975316/5.jpg?5854|https://ma.jumia.is/unsafe/fit-in/680x680/filters:fill(white)/product/58/975316/6.jpg?5854|https://ma.jumia.is/unsafe/fit-in/680x680/filters:fill(white)/product/58/975316/7.jpg?5854|https://ma.jumia.is/unsafe/fit-in/680x680/filters:fill(white)/product/58/975316/8.jpg?5854;8;ok
69;wildberries;69_wildberries;https://www.wildberries.ru/catalog/199019300/detail.aspx;Часы Casio Collection MTP-1375D-7A2;Casio;Accessoires & Mode;Montres;8261.37;RUB;;https://basket-13.wbbasket.ru/vol1990/part199019/199019300/images/big/1.webp;1;ok
69;trendyol;69_trendyol;https://www.trendyol.com/casio/mtp-1375d-7a2vdf-erkek-kol-saati-p-980960;Casio CASIO Men's Analog White Dial Watch - MTP-1375D-7A2;Casio;Accessoires & Mode;Montres;419.08;AED;;https://cdn.dsmcdn.com/ty1688/prod/QC/20250529/09/f66e42af-3c57-3209-be3f-f62ae09e87d1/1_org_zoom.jpg;1;ok
69;daraz;69_daraz;https://www.daraz.pk/products/original-casio-mtp-1375d-7a2vdf-stainless-steel-wrist-watch-for-men-i100282683.html;Original Casio - MTP-1375D-7A2VDF - Stainless Steel Wrist Watch for Men;Casio;Accessoires & Mode;Montres;19890;PKR;Key Features: Brand: Casio - A globally recognized leader in timekeeping excellence. Watch Functions: Includes a date display, calendar, and dual time setting, ideal for the dynamic man on the move. Strap Material: Premium stainless steel, offering both durability and a modern aesthetic. Dial Size: A clear and prominent 42mm display for easy reading and a balanced look. Case Size: A commanding presence with a size range of 45mm to 49mm. Movement: Precision-engineered Japanese Quartz movement, known for its reliability and accuracy. Case Shape: A timeless round design, suitable for both formal and casual settings. Origin: Made with pride in Japan, a country renowned for its superior craftsmanship in watchmaking. Glass: Robust mineral glass, providing optimal protection and scratch resistance. Model: MTP-1375D-7A2VDF, a testament to Casio's commitment to quality and style. Warranty: Comes with a 1 Year International Warranty, ensuring customer satisfaction. Casio MTP-1375D-7A2VDF: Where Elegance Meets Precision Elevate Your Style with a Timepiece That Speaks Volumes Key Features: Brand: Casio - A globally recognized leader in timekeeping excellence. Watch Functions: Includes a date display, calendar, and dual time setting, ideal for the dynamic man on the move. Strap Material: Premium stainless steel, offering both durability and a modern aesthetic. Dial Size: A clear and prominent 42mm display for easy reading and a balanced look. Case Size: A commanding presence with a size range of 45mm to 49mm. Movement: Precision-engineered Japanese Quartz movement, known for its reliability and accuracy. Case Shape: A timeless round design, suitable for both formal and casual settings. Origin: Made with pride in Japan, a country renowned for its superior craftsmanship in watchmaking. Glass: Robust mineral glass, providing optimal protection and scratch resistance. Model: MTP-1375D-7A2VDF, a testament to Casio's commitment to quality and style. Warranty: Comes with a 1 Year Inter;https://static-01.daraz.pk/p/4fb3865f5de6469736706cee881f132e.jpg;1;ok
70;jumia;70_jumia;https://www.jumia.ma/casio-homme-cadran-noir-bracelet-en-acier-inoxydable-mtp-1374d-1avdf-56535181.html;Homme  - Cadran noir - Bracelet en acier inoxydable - MTP-1374D-1AVDF;Casio;Accessoires & Mode;Montres;849.00;MAD;"Specifications
									
								
							
						
					

					
						
							
								
									
										
											
												
														Case / bezel: Ion platedOne-touch 3-fold ClaspStainless Steel BandMineral Glass50-meter water resistance

														
															Size of case / Total weight
												
															Size of case : 47×43.5×10.4mm
                            
	                             Total weight : 124g";https://ma.jumia.is/unsafe/fit-in/680x680/filters:fill(white)/product/18/153565/1.jpg?7543|https://ma.jumia.is/unsafe/fit-in/680x680/filters:fill(white)/product/18/153565/2.jpg?3806|https://ma.jumia.is/unsafe/fit-in/680x680/filters:fill(white)/product/18/153565/3.jpg?3806|https://ma.jumia.is/unsafe/fit-in/680x680/filters:fill(white)/product/18/153565/4.jpg?7543|https://ma.jumia.is/unsafe/fit-in/680x680/filters:fill(white)/product/18/153565/5.jpg?3806|https://ma.jumia.is/unsafe/fit-in/680x680/filters:fill(white)/product/18/153565/6.jpg?3806|https://ma.jumia.is/unsafe/fit-in/680x680/filters:fill(white)/product/18/153565/7.jpg?3806|https://ma.jumia.is/unsafe/fit-in/680x680/filters:fill(white)/product/18/153565/8.jpg?3806;8;ok
70;wildberries;70_wildberries;https://www.wildberries.ru/catalog/75450303/detail.aspx;Часы Casio Collection MTP-1374D-1A;Casio;Accessoires & Mode;Montres;5348;RUB;;https://basket-05.wbbasket.ru/vol754/part75450/75450303/images/big/1.webp|https://basket-05.wbbasket.ru/vol754/part75450/75450303/images/big/2.webp|https://basket-05.wbbasket.ru/vol754/part75450/75450303/images/big/3.webp|https://basket-05.wbbasket.ru/vol754/part75450/75450303/images/big/4.webp|https://basket-05.wbbasket.ru/vol754/part75450/75450303/images/big/5.webp|https://basket-05.wbbasket.ru/vol754/part75450/75450303/images/big/6.webp|https://basket-05.wbbasket.ru/vol754/part75450/75450303/images/big/7.webp|https://basket-05.wbbasket.ru/vol754/part75450/75450303/images/big/8.webp|https://basket-05.wbbasket.ru/vol754/part75450/75450303/images/big/9.webp|https://basket-05.wbbasket.ru/vol754/part75450/75450303/images/big/10.webp|https://basket-05.wbbasket.ru/vol754/part75450/75450303/images/big/11.webp;11;ok
70;trendyol;70_trendyol;https://www.trendyol.com/casio/mtp-1374d-1avdf-erkek-kol-saati-p-1059987;Casio Men's Watch - MTP-1374D-1AVDF Black Dial, Silver Band;Casio;Accessoires & Mode;Montres;246.42;AED;;https://cdn.dsmcdn.com/ty1728/prod/QC_PREP/20250820/14/084ad48f-dfbb-39aa-91d4-0afa3247be33/1_org_zoom.jpg|https://cdn.dsmcdn.com/ty1729/prod/QC_PREP/20250820/14/2b642d3c-4683-315a-b448-800c6d273f9f/1_org_zoom.jpg|https://cdn.dsmcdn.com/ty1730/prod/QC_PREP/20250820/14/35aae265-baf6-3821-b2ff-d18af78f58f9/1_org_zoom.jpg|https://cdn.dsmcdn.com/ty1728/prod/QC_PREP/20250820/14/47bce065-e073-36f4-9eb0-0ce809b7d64b/1_org_zoom.jpg|https://cdn.dsmcdn.com/ty1728/prod/QC_PREP/20250820/14/36c90000-8710-304f-9dd6-35fcc8495900/1_org_zoom.jpg|https://cdn.dsmcdn.com/ty1730/prod/QC_PREP/20250820/14/01799d4b-dc5a-322d-a271-bad9ad9aa450/1_org_zoom.jpg|https://cdn.dsmcdn.com/ty1728/prod/QC_PREP/20250820/14/81507103-f9e7-3061-bf56-a5c449291968/1_org_zoom.jpg|https://cdn.dsmcdn.com/ty1728/prod/QC_PREP/20250820/14/c044bc27-933c-30cc-a0cf-64a52e0c1082/1_org_zoom.jpg;8;ok
70;daraz;70_daraz;https://www.daraz.pk/products/casio-mtp-1374d-1avdf-stainless-steel-wrist-watch-for-men-i100287576.html;Original Casio - MTP-1374D-1AVDF - Stainless Steel Wrist Watch for Men;Casio;Accessoires & Mode;Montres;20405;PKR;;https://static-01.daraz.pk/p/ab2c7008b58196e79a1d5d5861d72a73.jpg;1;ok
71;jumia;71_jumia;https://www.jumia.ma/casio-pour-hommes-index-dore-cadran-noir-tout-en-acier-inoxydable-mtp-1302d-1a2vdf-66585898.html;Pour hommes – Index dore – Cadran noir – Tout en acier inoxydable - MTP-1302D-1A2VDF;Casio;Accessoires & Mode;Montres;740.00;MAD;Boîtier / lunette: plaqué ioniqueBande en acier inoxydableBoucle déployante tripleverre minéralRésistance à l’eau de 50 mètresAffichage de la dateRésistance à l’eau de 50 mètresAffichage de la date à 3 heuresTaille du boîtier:  38,5 × 9,2 mm;https://ma.jumia.is/unsafe/fit-in/680x680/filters:fill(white)/product/89/858566/1.jpg?8935|https://ma.jumia.is/unsafe/fit-in/680x680/filters:fill(white)/product/89/858566/2.jpg?8935|https://ma.jumia.is/unsafe/fit-in/680x680/filters:fill(white)/product/89/858566/3.jpg?8935|https://ma.jumia.is/unsafe/fit-in/680x680/filters:fill(white)/product/89/858566/4.jpg?8935|https://ma.jumia.is/unsafe/fit-in/680x680/filters:fill(white)/product/89/858566/5.jpg?8935|https://ma.jumia.is/unsafe/fit-in/680x680/filters:fill(white)/product/89/858566/6.jpg?8935;6;ok
71;wildberries;71_wildberries;https://www.wildberries.ru/catalog/75449679/detail.aspx;Часы Casio Collection MTP-1302D-1A1;Casio;Accessoires & Mode;Montres;3701;RUB;;https://basket-05.wbbasket.ru/vol754/part75449/75449679/images/big/1.webp;1;ok
71;trendyol;71_trendyol;https://www.trendyol.com/casio/mtp-1302d-1a1vdf-kol-saati-p-981152;Casio Men's Analog Black Dial Watch - MTP-1302D-1A1;Casio;Accessoires & Mode;Montres;301.43;AED;;https://cdn.dsmcdn.com/ty1686/prod/QC_PREP/20250601/10/4bb4f1f3-d310-36a5-9dc6-6036c7f14658/1_org_zoom.jpg|https://cdn.dsmcdn.com/ty1686/prod/QC_PREP/20250601/10/60e026c6-44b0-3dc4-93c4-552b2ea170be/1_org_zoom.jpg|https://cdn.dsmcdn.com/ty1687/prod/QC_PREP/20250601/10/c48d9a64-3bba-3cf1-960b-55ff2cd8da36/1_org_zoom.jpg|https://cdn.dsmcdn.com/ty1687/prod/QC_PREP/20250601/10/19506659-e129-3cc3-a05d-11ca461b52e7/1_org_zoom.jpg|https://cdn.dsmcdn.com/ty1688/prod/QC_PREP/20250601/10/3cca0068-f1ce-3745-b9c7-28d0fbad51ac/1_org_zoom.jpg|https://cdn.dsmcdn.com/ty1686/prod/QC_PREP/20250601/10/731b85e7-0b74-3a20-83c1-f0c0b8d03a79/1_org_zoom.jpg|https://cdn.dsmcdn.com/ty1687/prod/QC_PREP/20250601/10/2da3c960-8302-34eb-8ad7-36fe245e896d/1_org_zoom.jpg;7;ok
71;daraz;71_daraz;https://www.daraz.pk/products/mtp-1302d-1a2vdf-i100122851-s1248616862.html?c=&channelLpJumpArgs=&clickTrackInfo=query%253ACasio%252BMTP-1302D-1A1VDF%253Bnid%253A100122851%253Bsrc%253ALazadaMainSrp%253Brn%253Ae9c14a588f31d21eccc260544414dacb%253Bregion%253Apk%253Bsku%253A100122851_PK%253Bprice%253A15275%253Bclient%253Adesktop%253Bsupplier_id%253A7866%253Bsession_id%253A%253Bbiz_source%253Ah5_external%253Bslot%253A2%253Butlog_bucket_id%253A470687%253Basc_category_id%253A7766%253Bitem_id%253A100122851%253Bsku_id%253A1248616862%253Bshop_id%253A92930%253BtemplateInfo%253A&freeshipping=0&fs_ab=1&fuse_fs=&lang=en&location=Sindh&price=15275&priceCompare=skuId%3A1248616862%3Bsource%3Alazada-search-voucher%3Bsn%3Ae9c14a588f31d21eccc260544414dacb%3BoriginPrice%3A1527500%3BdisplayPrice%3A1527500%3BisGray%3Afalse%3BsinglePromotionId%3A-1%3BsingleToolCode%3AmockedSalePrice%3BvoucherPricePlugin%3A0%3Btimestamp%3A1783607674224&ratingscore=5.0&request_id=e9c14a588f31d21eccc260544414dacb&review=2&sale=11&search=1&source=search&spm=a2a0e.searchlist.list.2&stock=1;Original Casio - Mtp-1302D-1A2Vdf - Stainless Steel Watch For Men;Casio;Accessoires & Mode;Montres;15275;PKR;;https://static-01.daraz.pk/p/aa9271fca359b6747ecdb2c5e65a7b07.jpg|https://static-01.daraz.pk/p/3e1de17954aaa2985e9c3bb48a86cc4e.jpg|https://static-01.daraz.pk/p/909fba579db7bd60d403d6bad854a2c3.jpg;3;ok
72;jumia;72_jumia;https://www.jumia.ma/casio-design-elegant-classique-en-fond-noir-affichage-dateur-joursmois-etanche-mtp-1381d-1av-67513541.html;Design élégant & classique en fond noir - Affichage dateur jours/mois - Etanche - MTP-1381D-1AV;Casio;Accessoires & Mode;Montres;920.00;MAD;Design classique : La montre présente un design intemporel avec un boîtier et un bracelet en acier inoxydable de couleur argentée et un cadran noir, ce qui la rend adaptée aux contextes formels et décontractés.Affichage jour et date : Elle dispose d'un guichet jour/date facile à lire, Résistance à l'eau : La montre est étanche jusqu'à 50 mètres (5 bar), ce qui la rend adaptée à un usage quotidien, Mouvement à quartz fiable : Elle est équipée d'un mouvement à quartz précis,Taille du boîtier : 39,9 × 8,9 mm;https://ma.jumia.is/unsafe/fit-in/680x680/filters:fill(white)/product/14/531576/1.jpg?1513|https://ma.jumia.is/unsafe/fit-in/680x680/filters:fill(white)/product/14/531576/2.jpg?1513|https://ma.jumia.is/unsafe/fit-in/680x680/filters:fill(white)/product/14/531576/3.jpg?1513|https://ma.jumia.is/unsafe/fit-in/680x680/filters:fill(white)/product/14/531576/4.jpg?1513|https://ma.jumia.is/unsafe/fit-in/680x680/filters:fill(white)/product/14/531576/5.jpg?1513|https://ma.jumia.is/unsafe/fit-in/680x680/filters:fill(white)/product/14/531576/6.jpg?1513|https://ma.jumia.is/unsafe/fit-in/680x680/filters:fill(white)/product/14/531576/7.jpg?1513|https://ma.jumia.is/unsafe/fit-in/680x680/filters:fill(white)/product/14/531576/8.jpg?1513;8;ok
72;wildberries;72_wildberries;https://www.wildberries.ru/catalog/111512331/detail.aspx;Часы Casio Collection MTP-1381D-1A;Casio;Accessoires & Mode;Montres;6424;RUB;;https://basket-07.wbbasket.ru/vol1115/part111512/111512331/images/big/1.webp;1;ok
72;trendyol;72_trendyol;https://www.trendyol.com/en/casio/mtp-1381d-1avdf-men-s-wristwatch-p-1818882?choicennenabled=true;Casio Mtp-1381d-1avdf Men's Wristwatch;Casio;Accessoires & Mode;Montres;326.01;AED;;https://cdn.dsmcdn.com/ty974/product/media/images/20230729/17/397995102/983779410/1/1_org_zoom.jpg|https://cdn.dsmcdn.com/ty974/product/media/images/20230729/17/397995102/983779410/2/2_org_zoom.jpg|https://cdn.dsmcdn.com/ty973/product/media/images/20230729/17/397995102/983779410/3/3_org_zoom.jpg;3;ok
72;daraz;72_daraz;https://www.daraz.pk/products/casio-mtp-1381d-1avdf-stainless-steel-wrist-watch-for-men-silver-black-i145092758.html;Original Casio - MTP-1381D-1AVDF - Stainless Steel Wrist Watch for Men - Silver & Black;Casio;Accessoires & Mode;Montres;17238;PKR;;https://static-01.daraz.pk/p/54e8d3999051dafa3b09c0e24021ae70.jpg;1;ok
73;jumia;73_jumia;https://www.jumia.ma/generic-telecommande-intelligente-pour-televiseur-avec-fonction-vocale-et-pointeur-remplacement-magique-pour-controle-intelligent-66565050.html;Télécommande intelligente pour téléviseur  avec fonction vocale et pointeur - Remplacement magique pour contrôle intelligent;;Electronique;Télécommandes;81.20;MAD;Fonction vocale : Contrôlez votre téléviseur  à l'aide de commandes vocales en toute simplicité.  Pointeur intelligent : Utilisez le pointeur pour naviguer entre les applications et les menus d'un simple geste de la main.  Compatibilité étendue : Fonctionne avec la plupart des téléviseurs  intelligents (veuillez vérifier la liste des modèles compatibles).  Design ergonomique : Conception ergonomique avec des boutons dédiés pour un accès rapide aux applications et aux paramètres.  Connexion facile : Fonctionne via Bluetooth ou infrarouge (IR) pour une connexion rapide et fiable.  Batterie longue durée : Offre une autonomie prolongée pour une utilisation continue sans interruption.;https://ma.jumia.is/unsafe/fit-in/680x680/filters:fill(white)/product/05/056566/1.jpg?9724|https://ma.jumia.is/unsafe/fit-in/680x680/filters:fill(white)/product/05/056566/2.jpg?9724|https://ma.jumia.is/unsafe/fit-in/680x680/filters:fill(white)/product/05/056566/3.jpg?9724|https://ma.jumia.is/unsafe/fit-in/680x680/filters:fill(white)/product/05/056566/4.jpg?9724|https://ma.jumia.is/unsafe/fit-in/680x680/filters:fill(white)/product/05/056566/5.jpg?9724|https://ma.jumia.is/unsafe/fit-in/680x680/filters:fill(white)/product/05/056566/6.jpg?9724;6;ok
73;wildberries;73_wildberries;https://www.wildberries.ru/catalog/176975891/detail.aspx;Пульт для телевизора lg смарт с курсором MR20GA;LG;Electronique;Télécommandes;1031;RUB;;https://basket-12.wbbasket.ru/vol1769/part176975/176975891/images/big/1.webp|https://basket-12.wbbasket.ru/vol1769/part176975/176975891/images/big/2.webp|https://basket-12.wbbasket.ru/vol1769/part176975/176975891/images/big/3.webp|https://basket-12.wbbasket.ru/vol1769/part176975/176975891/images/big/4.webp|https://basket-12.wbbasket.ru/vol1769/part176975/176975891/images/big/5.webp|https://basket-12.wbbasket.ru/vol1769/part176975/176975891/images/big/6.webp|https://basket-12.wbbasket.ru/vol1769/part176975/176975891/images/big/7.webp;7;ok
73;trendyol;73_trendyol;https://www.trendyol.com/en/generic/magic-remote-replacement-for-lg-smart-tv-an-mr20ga-an-mr19ba-an-mr18ba-no-pointer-voice-reliable-smart-tv-controller-easy-setup-durable-design-p-1161935843?boutiqueId=61&merchantId=1286056;GenericMagic Remote Replacement for LG Smart TV AN-MR20GA AN-MR19BA AN-MR18BA | No Pointer & Voice | Reliable Smart TV Controller | Easy Setup & Durable Design;Generic;Electronique;Télécommandes;48.00;AED;;https://cdn.dsmcdn.com/mnresize/300/-/sfint/production/flags/ae.png|https://cdn.dsmcdn.com/mnresize/620/920/ty1904/prod/QC_PREP/20260628/12/9cfaa6e9-8f11-3ae3-9a6b-9b58a89db373/1_org_zoom.jpg|https://cdn.dsmcdn.com/mnresize/620/920/ty1935/prod/QC_PREP/20260628/12/fd6925fe-78ec-3676-8cad-50bed94cab9a/1_org_zoom.jpg|https://cdn.dsmcdn.com/mnresize/620/920/ty1907/prod/QC_PREP/20260628/12/b6a2b296-a886-3bf2-8d84-2275ea48e85a/1_org_zoom.jpg|https://cdn.dsmcdn.com/mobile/international/PaymentLogo/tamara_snippet_en.png|https://cdn.dsmcdn.com/mobile/international/PaymentLogo/Tabby_snippet_new.png|https://cdn.dsmcdn.com/ty1904/prod/QC_PREP/20260628/12/9cfaa6e9-8f11-3ae3-9a6b-9b58a89db373/1_org_zoom.jpg|https://cdn.dsmcdn.com/sfweb-checkout/images/basket-icon_1751630173674.png|https://cdn.dsmcdn.com/mobile/international/PaymentLogo/Mastercard3x.png|https://cdn.dsmcdn.com/mobile/international/PaymentLogo/Visa3x.png|https://cdn.dsmcdn.com/mobile/international/PaymentLogo/Applepay3x.png|https://cdn.dsmcdn.com/mobile/international/PaymentLogo/tamara_logo_en.png|https://cdn.dsmcdn.com/mobile/international/PaymentLogo/Tabby_Basket_new.png|https://cdn.dsmcdn.com/mobile/international/PaymentLogo/cod-v4.png|https://cdn.dsmcdn.com/mobile/international/PaymentLogo/gpay3x.png|https://cdn.dsmcdn.com/sfweb-browsing/images/footer-pci-dss.png|https://cdn.dsmcdn.com/sfweb-browsing/images/footer-iso.png;17;ok
73;daraz;73_daraz;https://www.daraz.pk/products/tv-mr20ga-akb75855501-an-mr650a-an-mr18ba-an-mr19ba-rx-zx-wx-rf-i1957366243-s14016911890.html?c=&channelLpJumpArgs=&clickTrackInfo=query%253Aremote%252BMR20GA%253Bnid%253A1957366243%253Bsrc%253ALazadaMainSrp%253Brn%253A7caeb3c76eda4f991861e456b12b0b5c%253Bregion%253Apk%253Bsku%253A1957366243_PK%253Bprice%253A1985%253Bclient%253Adesktop%253Bsupplier_id%253A6005623312597%253Bsession_id%253A%253Bbiz_source%253Ah5_external%253Bslot%253A3%253Butlog_bucket_id%253A470687%253Basc_category_id%253A9813%253Bitem_id%253A1957366243%253Bsku_id%253A14016911890%253Bshop_id%253A2588891%253BtemplateInfo%253A&configId=choice_PK_promotion&freeshipping=0&fs_ab=1&fuse_fs=&lang=en&location=Overseas&price=1985&priceCompare=skuId%3A14016911890%3Bsource%3Alazada-search-voucher%3Bsn%3A7caeb3c76eda4f991861e456b12b0b5c%3BoriginPrice%3A198500%3BdisplayPrice%3A198500%3BisGray%3Afalse%3BsinglePromotionId%3A-1%3BsingleToolCode%3AmockedSalePrice%3BvoucherPricePlugin%3A0%3Btimestamp%3A1783530491218&ratingscore=&request_id=7caeb3c76eda4f991861e456b12b0b5c&review=&sale=13&search=1&source=search&spm=a211g0.searchlist.list.3&stock=1&upItemIds=1957366243;MR20GA AKB75855501 Magic Remote Control For  TV AN-MR650A AN-MR18BA AN-MR19BA For Rx ZX WX Series Controller NO VOICE NO MOUSE;No Brand;Electronique;Télécommandes;1987;PKR;;https://pk-live-21.slatic.net/kf/S9f1934f210584c60ab267137b45d25d2g.jpg|https://pk-live-21.slatic.net/kf/S49de0b28bb5549cfa6b91ebc663638acT.jpg|https://pk-live-21.slatic.net/kf/S188ebc07a7324dada95f6168e02cfe29i.jpg|https://pk-live-21.slatic.net/kf/Seb04a304620c47d2863cfd8fd3d048c1g.jpg|https://pk-live-21.slatic.net/kf/S63199f98b7454e419e1a90517329fe58R.jpg|https://pk-live-21.slatic.net/kf/S77774a88def244c1bf2b18d4496fdb4b8.jpg;6;ok
74;jumia;74_jumia;https://www.jumia.ma/replacement-tv-remote-controller-air-mouse-for-samsung-led-3d-smart-player-ir-remote-controller-generic-mpg910440.html;Replacement TV Remote Controller Air Mouse For Samsung LED 3D Smart Player IR Remote Controller;;Electronique;Télécommandes;33.00;MAD;Brand Name:FORNORMUse:SwitchUse:TVWireless Communication:IRSupport APP:NoPackage:NoFrequency:OtherModel Number:TV Remote Controller;https://ma.jumia.is/unsafe/fit-in/680x680/filters:fill(white)/product/81/286783/1.jpg?0107|https://ma.jumia.is/unsafe/fit-in/680x680/filters:fill(white)/product/81/286783/2.jpg?4247|https://ma.jumia.is/unsafe/fit-in/680x680/filters:fill(white)/product/81/286783/3.jpg?4247|https://ma.jumia.is/unsafe/fit-in/680x680/filters:fill(white)/product/81/286783/4.jpg?4247|https://ma.jumia.is/unsafe/fit-in/680x680/filters:fill(white)/product/81/286783/5.jpg?0107;5;ok
74;wildberries;74_wildberries;https://www.wildberries.ru/catalog/1103308624/detail.aspx;Пульт ДУ для Samsung BN59-01259B/D, черный;;Electronique;Télécommandes;558;RUB;;https://basket-42.wbbasket.ru/vol11033/part1103308/1103308624/images/big/1.webp|https://basket-42.wbbasket.ru/vol11033/part1103308/1103308624/images/big/2.webp|https://basket-42.wbbasket.ru/vol11033/part1103308/1103308624/images/big/3.webp|https://basket-42.wbbasket.ru/vol11033/part1103308/1103308624/images/big/4.webp|https://basket-42.wbbasket.ru/vol11033/part1103308/1103308624/images/big/5.webp|https://basket-42.wbbasket.ru/vol11033/part1103308/1103308624/images/big/6.webp|https://basket-42.wbbasket.ru/vol11033/part1103308/1103308624/images/big/7.webp|https://basket-42.wbbasket.ru/vol11033/part1103308/1103308624/images/big/8.webp|https://basket-42.wbbasket.ru/vol11033/part1103308/1103308624/images/big/9.webp|https://basket-42.wbbasket.ru/vol11033/part1103308/1103308624/images/big/10.webp|https://basket-42.wbbasket.ru/vol11033/part1103308/1103308624/images/big/11.webp|https://basket-42.wbbasket.ru/vol11033/part1103308/1103308624/images/big/12.webp|https://basket-42.wbbasket.ru/vol11033/part1103308/1103308624/images/big/13.webp;13;ok
74;trendyol;74_trendyol;https://www.trendyol.com/en/choice/samsung-01259b-bn59-01259b-bn59-01259d-replacement-for-hd-4k-smart-tv-remote-control-bn59-01259e-bn-p-929453071;Choice Samsung 01259B BN59-01259B BN59-01259D REPLACEMENT FOR HD 4K SMART TV REMOTE CONTROL BN59-01259E BN;Choice;Electronique;Télécommandes;10.72;AED;;https://cdn.dsmcdn.com/ty1666/prod/QC/20250423/12/2af83a21-5eb1-33ea-9dad-840113cfd910/1_org_zoom.jpg;1;ok
74;daraz;74_daraz;https://www.daraz.pk/products/tv-hd-i219920754-s1432920270.html?c=&channelLpJumpArgs=&clickTrackInfo=query%253Asamsung%252Btv%252Bremote%253Bnid%253A219920754%253Bsrc%253ALazadaMainSrp%253Brn%253A1a158384f63639c4ce1461aa61d69755%253Bregion%253Apk%253Bsku%253A219920754_PK%253Bprice%253A699%253Bclient%253Adesktop%253Bsupplier_id%253A25559%253Bsession_id%253A%253Bbiz_source%253Ahttps%253A%252F%252Fwww.daraz.pk%252F%253Bslot%253A4%253Butlog_bucket_id%253A470687%253Basc_category_id%253A9813%253Bitem_id%253A219920754%253Bsku_id%253A1432920270%253Bshop_id%253A110596%253BtemplateInfo%253A&freeshipping=0&fs_ab=1&fuse_fs=&lang=en&location=Punjab&price=699&priceCompare=skuId%3A1432920270%3Bsource%3Alazada-search-voucher%3Bsn%3A1a158384f63639c4ce1461aa61d69755%3BoriginPrice%3A69900%3BdisplayPrice%3A69900%3BisGray%3Afalse%3BsinglePromotionId%3A-1%3BsingleToolCode%3AmockedSalePrice%3BvoucherPricePlugin%3A0%3Btimestamp%3A1783531197285&qSellingPoint=b--samsung___p--tv%20remote&ratingscore=4.201086956521739&request_id=1a158384f63639c4ce1461aa61d69755&review=184&sale=1306&search=1&source=search&spm=a2a0e.searchlist.list.4&stock=1;Samsung Smart HD TV Remote Control;No Brand;Electronique;Télécommandes;.699;PKR;;https://static-01.daraz.pk/p/699545de565a59ae8fd177a113dffb2c.jpg|https://static-01.daraz.pk/p/42757f5e1f1e267fcd203546e0d4a322.jpg|https://static-01.daraz.pk/p/e1e6165e5259de0493d42c744435cd1a.jpg|https://static-01.daraz.pk/p/fc61cb72efe4a3db131ad708f08608ac.jpg|https://static-01.daraz.pk/p/30889c21eaed9fa560e0b8dc60c1cf84.jpg|https://static-01.daraz.pk/p/7a80cb237418c378a96ebc0d54f99158.jpg;6;ok
75;jumia;75_jumia;https://www.jumia.ma/basues-gan5-pro-ultra-slim-fast-charger-cu-65w-overseas-edition-65695042.html;GaN5 Pro Ultra-Slim Fast Charger C+U 65W (Overseas Edition);Basues;Electronique;Chargeurs;890.00;MAD;Tout nouveau design avec une taille plus petite et plus fine.La technologie Gan5 est mise à niveau de manière plus optimale, pour un temps de charge rapide tout en garantissant la sécurité de votre appareil.Puissance optimale jusqu'à 65 W pour le temps de charge le plus rapide de votre appareil.Technologie de charge rapide BpsiiConception optimale, broche pliable, plus pratique.;https://ma.jumia.is/unsafe/fit-in/680x680/filters:fill(white)/product/24/059656/1.jpg?2678|https://ma.jumia.is/unsafe/fit-in/680x680/filters:fill(white)/product/24/059656/2.jpg?2678|https://ma.jumia.is/unsafe/fit-in/680x680/filters:fill(white)/product/24/059656/3.jpg?2678|https://ma.jumia.is/unsafe/fit-in/680x680/filters:fill(white)/product/24/059656/4.jpg?2678|https://ma.jumia.is/unsafe/fit-in/680x680/filters:fill(white)/product/24/059656/5.jpg?2678;5;ok
75;wildberries;75_wildberries;https://www.wildberries.ru/catalog/233174795/detail.aspx;Зарядное устройство для телефона 65W USB + Type-C;Baseus;Electronique;Chargeurs;4462;RUB;;https://basket-15.wbbasket.ru/vol2331/part233174/233174795/images/big/1.webp|https://basket-15.wbbasket.ru/vol2331/part233174/233174795/images/big/2.webp|https://basket-15.wbbasket.ru/vol2331/part233174/233174795/images/big/3.webp|https://basket-15.wbbasket.ru/vol2331/part233174/233174795/images/big/4.webp|https://basket-15.wbbasket.ru/vol2331/part233174/233174795/images/big/5.webp|https://basket-15.wbbasket.ru/vol2331/part233174/233174795/images/big/6.webp|https://basket-15.wbbasket.ru/vol2331/part233174/233174795/images/big/7.webp|https://basket-15.wbbasket.ru/vol2331/part233174/233174795/images/big/8.webp|https://basket-15.wbbasket.ru/vol2331/part233174/233174795/images/big/9.webp;9;ok
75;trendyol;75_trendyol;https://www.trendyol.com/en/baseus/gan5-pro-65w-ultra-slim-fast-charger-100w-usb-c-cable-with-plug-p-749823280?choicennenabled=true;Baseus Gan5 Pro 65W Ultra-Slim Fast Charger, 100W USB C Cable with Plug;Baseus;Electronique;Chargeurs;159.00;AED;;https://cdn.dsmcdn.com/ty1737/prod/QC_ENRICHMENT/20250828/12/36949c77-90ab-3ef2-8342-07dedc3ece7e/1_org_zoom.jpg|https://cdn.dsmcdn.com/ty1679/prod/QC/20250514/15/078c7695-a567-3587-bace-7c6425b76505/1_org_zoom.jpg|https://cdn.dsmcdn.com/ty1678/prod/QC/20250514/15/1406f62c-d8b8-33f6-bbfe-5749c756252d/1_org_zoom.jpg|https://cdn.dsmcdn.com/ty1679/prod/QC/20250514/15/95b1d7fe-1eea-3dfe-baf7-18fd27897063/1_org_zoom.jpg|https://cdn.dsmcdn.com/ty1678/prod/QC/20250514/15/88cc776a-4f71-3558-80ac-2293486ed3a3/1_org_zoom.jpg|https://cdn.dsmcdn.com/ty1679/prod/QC/20250514/15/399425ea-d8b2-316b-b2c9-089759235cbe/1_org_zoom.jpg|https://cdn.dsmcdn.com/ty1677/prod/QC/20250514/15/3f9eee3a-41ab-3309-b253-e8b26cae11ae/1_org_zoom.jpg|https://cdn.dsmcdn.com/ty1679/prod/QC/20250514/15/6b138a11-420f-343e-a02f-8acdabb7925f/1_org_zoom.jpg;8;ok
75;daraz;75_daraz;https://www.daraz.pk/products/baseus-65w-usb-c-charger-gan5-2-port-ultra-slim-usb-wall-charger-pd-30-i1952479590-s14014375009.html?c=&channelLpJumpArgs=&clickTrackInfo=query%253ABaseus%252BGaN5%252BPro%253Bnid%253A1952479590%253Bsrc%253ALazadaMainSrp%253Brn%253Ab608b24c0bf20497c43dde65f51cf167%253Bregion%253Apk%253Bsku%253A1952479590_PK%253Bprice%253A11375%253Bclient%253Adesktop%253Bsupplier_id%253A1032507%253Bsession_id%253A%253Bbiz_source%253Ah5_external%253Bslot%253A11%253Butlog_bucket_id%253A470687%253Basc_category_id%253A10002875%253Bitem_id%253A1952479590%253Bsku_id%253A14014375009%253Bshop_id%253A144323%253BtemplateInfo%253A&freeshipping=0&fs_ab=1&fuse_fs=&lang=en&location=Islamabad&price=11375&priceCompare=skuId%3A14014375009%3Bsource%3Alazada-search-voucher%3Bsn%3Ab608b24c0bf20497c43dde65f51cf167%3BoriginPrice%3A1137500%3BdisplayPrice%3A1137500%3BisGray%3Afalse%3BsinglePromotionId%3A50000075310002%3BsingleToolCode%3ApromPrice%3BvoucherPricePlugin%3A0%3Btimestamp%3A1783732243505&ratingscore=&request_id=b608b24c0bf20497c43dde65f51cf167&review=&sale=2&search=1&source=search&spm=a2a0e.searchlist.list.11&stock=1;Baseus 65W USB C Charger, GaN5 2-Port Ultra-Slim USB Wall Charger PD 3.0;No Brand;Electronique;Chargeurs;11375;PKR;;https://static-01.daraz.pk/p/c640bcd3400b61fe1cdf81ddd5418864.jpg|https://static-01.daraz.pk/p/130d810b7abf227f1f7522626d78fca6.png|https://static-01.daraz.pk/p/db71c2737b00e813af0498ca1d8250a1.jpg|https://static-01.daraz.pk/p/2bc5d644dbabdee2bb1f53efc899c8ab.jpg|https://static-01.daraz.pk/p/1388c01063be837e8e714438cc6d6491.jpg|https://static-01.daraz.pk/p/03f3550761319fcd47afddbaaa3b25ad.jpg;6;ok
76;jumia;76_jumia;https://www.jumia.ma/samsung-25w-wall-charger-ep-t2510x-cable-blanc-65981489.html;25W Wall Charger EP-T2510X + câble - Blanc;Samsung;Electronique;Chargeurs;189.00;MAD;"Longueur du câble : 1,0 m
	Tension d'entrée : 100-240 V
	Interface : USB Type-C
	Poids : 52,1 g";https://ma.jumia.is/unsafe/fit-in/680x680/filters:fill(white)/product/98/418956/1.jpg?6090|https://ma.jumia.is/unsafe/fit-in/680x680/filters:fill(white)/product/98/418956/2.jpg?6086|https://ma.jumia.is/unsafe/fit-in/680x680/filters:fill(white)/product/98/418956/3.jpg?6090;3;ok
76;wildberries;76_wildberries;https://www.wildberries.ru/catalog/273413071/detail.aspx;Зарядное устройство EP-T2510 25W Type-C, белое;Samsung;Electronique;Chargeurs;1078;RUB;;https://basket-17.wbbasket.ru/vol2734/part273413/273413071/images/big/1.webp|https://basket-17.wbbasket.ru/vol2734/part273413/273413071/images/big/2.webp|https://basket-17.wbbasket.ru/vol2734/part273413/273413071/images/big/3.webp|https://basket-17.wbbasket.ru/vol2734/part273413/273413071/images/big/4.webp|https://basket-17.wbbasket.ru/vol2734/part273413/273413071/images/big/5.webp;5;ok
76;trendyol;76_trendyol;https://www.trendyol.com/en/samsung/eu-black-45w-pd-charger-super-fast-charging-for-s25-ultra-plus-fe-s24-s23-s22-a56-a55-a36-p-956744760?boutiqueId=61&merchantId=966843;SamsungEU Black 45W PD Charger Super Fast Charging For S25 Ultra Plus FE S24 S23 S22 A56 A55 A36;Samsung;Electronique;Chargeurs;35.50;AED;;https://cdn.dsmcdn.com/mnresize/300/-/sfint/production/flags/ae.png|https://cdn.dsmcdn.com/mnresize/620/920/ty1711/prod/QC_PREP/20250715/12/d4716e2f-5966-30d6-8a58-5e3e2360c3dc/1_org_zoom.jpg|https://cdn.dsmcdn.com/mnresize/30/30/mobile/pdp/Additional/orange-heart_1f9e1.png|https://cdn.dsmcdn.com/mobile/international/PaymentLogo/tamara_snippet_en.png|https://cdn.dsmcdn.com/mobile/international/PaymentLogo/Tabby_snippet_new.png|https://cdn.dsmcdn.com/ty1711/prod/QC_PREP/20250715/12/d4716e2f-5966-30d6-8a58-5e3e2360c3dc/1_org_zoom.jpg|https://cdn.dsmcdn.com/sfweb-checkout/images/basket-icon_1751630173674.png|https://cdn.dsmcdn.com/mobile/international/PaymentLogo/Mastercard3x.png|https://cdn.dsmcdn.com/mobile/international/PaymentLogo/Visa3x.png|https://cdn.dsmcdn.com/mobile/international/PaymentLogo/Applepay3x.png|https://cdn.dsmcdn.com/mobile/international/PaymentLogo/tamara_logo_en.png|https://cdn.dsmcdn.com/mobile/international/PaymentLogo/Tabby_Basket_new.png|https://cdn.dsmcdn.com/mobile/international/PaymentLogo/cod-v4.png|https://cdn.dsmcdn.com/mobile/international/PaymentLogo/gpay3x.png|https://cdn.dsmcdn.com/sfweb-browsing/images/footer-pci-dss.png|https://cdn.dsmcdn.com/sfweb-browsing/images/footer-iso.png;16;ok
76;daraz;76_daraz;https://www.daraz.pk/products/25-pd-ep-t2510-i876659098-s3877290119.html?c=&channelLpJumpArgs=&clickTrackInfo=query%253ASamsung%252BEP-T2510%253Bnid%253A876659098%253Bsrc%253ALazadaMainSrp%253Brn%253A68ce1431202068a9cf6b36f439b8c376%253Bregion%253Apk%253Bsku%253A876659098_PK%253Bprice%253A3500%253Bclient%253Adesktop%253Bsupplier_id%253A1044081%253Bsession_id%253A%253Bbiz_source%253Ah5_external%253Bslot%253A3%253Butlog_bucket_id%253A470687%253Basc_category_id%253A10002875%253Bitem_id%253A876659098%253Bsku_id%253A3877290119%253Bshop_id%253A155787%253BtemplateInfo%253A&freeshipping=0&fs_ab=1&fuse_fs=&lang=en&location=Punjab&price=3.5E%203&priceCompare=skuId%3A3877290119%3Bsource%3Alazada-search-voucher%3Bsn%3A68ce1431202068a9cf6b36f439b8c376%3BoriginPrice%3A350000%3BdisplayPrice%3A350000%3BisGray%3Afalse%3BsinglePromotionId%3A-1%3BsingleToolCode%3A-1%3BvoucherPricePlugin%3A0%3Btimestamp%3A1783732508938&ratingscore=&request_id=68ce1431202068a9cf6b36f439b8c376&review=&sale=0&search=1&source=search&spm=a2a0e.searchlist.list.3&stock=1;Samsung 25W PD Power Adapter EP-T2510 New Version;No Brand;Electronique;Chargeurs;3500;PKR;;https://static-01.daraz.pk/p/02a3ae1b4ed59182b46f627562d9768d.jpg|https://static-01.daraz.pk/p/065daae810e0d96de8ae020144b9aef4.jpg|https://static-01.daraz.pk/p/fff63f23722306dad4e44828c40a0d9d.jpg;3;ok
77;jumia;77_jumia;https://www.jumia.ma/souris-sans-fil-m185-originale-logitech-mpg900914.html;Souris sans fil M185 Originale;Logitech;Informatique;Souris;179.00;MAD;"Dimensions de
     la souris M171 (hauteur x largeur x épaisseur):97,7 mm (3,85 po) x 61,5 mm (2,42 po) x 35,2 mm (1,39 po)Poids de la
     souris (batterie incluse): 70.5 gDimensions du
     récepteur (hauteur x largeur x épaisseur):14,4 mm x 18,7 mm x 6,1 mmPoids du
     récepteur: 2 gTechnologie de
     capteur: Technologie avancée de suivi optiqueRésolution du
     capteur: 1 000Nombre de
     boutons: 3 roulette Roulette de
     défilement (O/N): OuiLongévité de la
     pile: Longévité des piles de 12 mois*Type de
     batterie: Une pile AAPortée de la
     connexion sans fil: Environ 10 m*Technologie
     sans fil: Connectivité sans fil 2,4 GHz de pointeInterface:
     Récepteur USB";https://ma.jumia.is/unsafe/fit-in/680x680/filters:fill(white)/product/22/243134/1.jpg?6256|https://ma.jumia.is/unsafe/fit-in/680x680/filters:fill(white)/product/22/243134/2.jpg?6256;2;ok
77;wildberries;77_wildberries;https://www.wildberries.ru/catalog/543874784/detail.aspx;Мышь беспроводная Logitech M185 Blue;LOGITECH;Informatique;Souris;949;RUB;;https://basket-28.wbbasket.ru/vol5438/part543874/543874784/images/big/1.webp|https://basket-28.wbbasket.ru/vol5438/part543874/543874784/images/big/2.webp;2;ok
77;trendyol;77_trendyol;https://www.trendyol.com/en/logitech/m185-compact-wireless-mouse-with-usb-receiver-gray-910-002235-p-2378682?choicennenabled=true;logitech M185 Compact Wireless Mouse with USB Receiver, Gray 910-002235;logitech;Informatique;Souris;70.00;AED;;https://cdn.dsmcdn.com/ty1852/prod/QC_ENRICHMENT/20260409/14/b8f41335-43be-3bf0-8331-3578cc6cd361/1_org_zoom.jpg|https://cdn.dsmcdn.com/ty1853/prod/QC_ENRICHMENT/20260409/14/590d8042-641a-3618-8b1a-6b4a990b1225/1_org_zoom.jpg|https://cdn.dsmcdn.com/ty1852/prod/QC_ENRICHMENT/20260409/14/ee01fd11-7edb-358d-a1d8-00c97fb02103/1_org_zoom.jpg|https://cdn.dsmcdn.com/ty1852/prod/QC_ENRICHMENT/20260409/14/85e51f49-621b-35c5-bd9e-bb4d3adcff23/1_org_zoom.jpg|https://cdn.dsmcdn.com/ty1853/prod/QC_ENRICHMENT/20260409/14/087ad0a7-9cdb-3b9a-bc47-c8be626e897b/1_org_zoom.jpg|https://cdn.dsmcdn.com/ty1852/prod/QC_ENRICHMENT/20260409/14/a599430c-3ade-3c8e-b460-809421dbbe7c/1_org_zoom.jpg|https://cdn.dsmcdn.com/ty1851/prod/QC_ENRICHMENT/20260409/14/eb8ac47b-ae3d-3a29-b3e6-58ca25973dd2/1_org_zoom.jpg|https://cdn.dsmcdn.com/ty1853/prod/QC_ENRICHMENT/20260409/14/5a3f5d12-8cb0-33e9-bfd4-ddb1a6adc056/1_org_zoom.jpg;8;ok
77;daraz;77_daraz;https://www.daraz.pk/products/m185-usb-12-1000-dpi-i1961866384-s14030264441.html?c=&channelLpJumpArgs=&clickTrackInfo=query%253ALogitech%252BM185%253Bnid%253A1961866384%253Bsrc%253ALazadaMainSrp%253Brn%253A3c2012c97f09ca94b93843b17e07d047%253Bregion%253Apk%253Bsku%253A1961866384_PK%253Bprice%253A1350%253Bclient%253Adesktop%253Bsupplier_id%253A1109418%253Bsession_id%253A%253Bbiz_source%253Ah5_external%253Bslot%253A7%253Butlog_bucket_id%253A470687%253Basc_category_id%253A7848%253Bitem_id%253A1961866384%253Bsku_id%253A14030264441%253Bshop_id%253A219813%253BtemplateInfo%253A&freeshipping=0&fs_ab=1&fuse_fs=&lang=en&location=Punjab&price=1.35E%203&priceCompare=skuId%3A14030264441%3Bsource%3Alazada-search-voucher%3Bsn%3A3c2012c97f09ca94b93843b17e07d047%3BoriginPrice%3A135000%3BdisplayPrice%3A135000%3BisGray%3Afalse%3BsinglePromotionId%3A-1%3BsingleToolCode%3A-1%3BvoucherPricePlugin%3A0%3Btimestamp%3A1783810442378&qSellingPoint=p--m185___b--logitech&ratingscore=&request_id=3c2012c97f09ca94b93843b17e07d047&review=&sale=0&search=1&source=search&spm=a2a0e.searchlist.list.7&stock=1;Logitech M185 Wireless Mouse – Smooth, Reliable, and Portable Cordless Mouse with USB Nano Receiver | 12-Month Battery Life | 1000 DPI Optical Tracking | For Laptop, PC & Mac;No Brand;Informatique;Souris;1350;PKR;;https://static-01.daraz.pk/p/c342a27119adf86b250ac87045286491.jpg|https://static-01.daraz.pk/p/28b9738a72201d2c02411c1f6e6c26f6.jpg|https://static-01.daraz.pk/p/1d2e0ee98f2065e5d4618c4890ba3c51.jpg|https://static-01.daraz.pk/p/0715fb4109de5f264780e138936291aa.jpg|https://static-01.daraz.pk/p/b058ae875a73da7b5efeff405ea0b3bd.jpg|https://static-01.daraz.pk/p/14c2fa41b42dc5b56cca4a9b6b1321e3.jpg|https://static-01.daraz.pk/p/5be11a987d5b07547c535fb21518766d.jpg;7;ok
78;jumia;78_jumia;https://www.jumia.ma/logitech-m171-wireless-mouse-blue-k-2.4ghz-emea-65752452.html;M171 Wireless Mouse - BLUE-K -2.4GHZ - EMEA;Logitech;Informatique;Souris;99.00;MAD;"Hauteur : 97,7 mm
	Largeur : 61,5 mm
	Profondeur : 35,2 mm
	Poids (avec piles) : 69,3 g
	Batterie : 12 mois ?
	D&eacute;tails de la batterie : 1 x AA (incluse)
	Type de connexion : connexion sans fil 2,4 GHz
	Port&eacute;e sans fil : 10 m&egrave;tres ?
	Connexion / Alimentation : Oui, interrupteur marche/arr&ecirc;t";https://ma.jumia.is/unsafe/fit-in/680x680/filters:fill(white)/product/25/425756/1.jpg?4115|https://ma.jumia.is/unsafe/fit-in/680x680/filters:fill(white)/product/25/425756/2.jpg?4115|https://ma.jumia.is/unsafe/fit-in/680x680/filters:fill(white)/product/25/425756/3.jpg?4110;3;ok
78;wildberries;78_wildberries;https://www.wildberries.ru/catalog/465430064/detail.aspxhttps://www.wildberries.ru/catalog/465430064/detail.aspx;Мышь беспроводная M171 USB blue;LOGITECH;Informatique;Souris;901;RUB;;https://basket-26.wbbasket.ru/vol4654/part465430/465430064/images/big/1.webp|https://basket-26.wbbasket.ru/vol4654/part465430/465430064/images/big/2.webp|https://basket-26.wbbasket.ru/vol4654/part465430/465430064/images/big/3.webp;3;ok
78;trendyol;78_trendyol;https://www.trendyol.com/en/logitech/blue-m171-wireless-compact-usb-computer-mouse-910-004640-p-2478844?choicennenabled=true;logitechBlue M171 Wireless Compact USB Computer Mouse 910- 004640;logitech;Informatique;Souris;41.40;AED;;https://cdn.dsmcdn.com/mnresize/300/-/sfint/production/flags/ae.png|https://cdn.dsmcdn.com/mnresize/620/920/ty1000320/product/media/images/prod/PIM/20260202/11/f28d525f-7f7b-422c-87f6-7c29ebb679af/1_org_zoom.jpg|https://cdn.dsmcdn.com/mnresize/620/920/ty1000314/product/media/images/prod/PIM/20260202/11/0593b47b-4582-4341-ba2a-70f2fa8d51c4/1_org_zoom.jpg|https://cdn.dsmcdn.com/mnresize/128/-/indexing-sticker-stamp/mars/f5a86130-7b62-457e-8562-25db0fb7f1be.png|https://cdn.dsmcdn.com/mnresize/620/920/ty1000316/product/media/images/prod/PIM/20260202/11/629cdd43-4428-448b-bbac-4ef108bc05e7/1_org_zoom.jpg|https://cdn.dsmcdn.com/mnresize/620/920/ty1000318/product/media/images/prod/PIM/20260202/11/84fd3dee-1730-4359-a102-81af8db3071d/1_org_zoom.jpg|https://cdn.dsmcdn.com/mnresize/620/920/ty1000325/product/media/images/prod/PIM/20260202/11/a2f8d0f9-8e39-4c4e-afb8-a70e7b575e14/1_org_zoom.jpg|https://cdn.dsmcdn.com/mnresize/620/920/ty1000318/product/media/images/prod/PIM/20260202/11/8637dda3-bc81-4192-999e-2cd02f35eb00/1_org_zoom.jpg|https://cdn.dsmcdn.com/mnresize/620/920/ty1000326/product/media/images/prod/PIM/20260202/11/d78b196c-5cc6-4c05-b17a-e60348fe6105/1_org_zoom.jpg|https://cdn.dsmcdn.com/mnresize/620/920/ty1000320/product/media/images/prod/PIM/20260202/11/1fb947e7-faed-477d-a84b-18406c0567cf/1_org_zoom.jpg|https://cdn.dsmcdn.com/mnresize/620/920/ty1000326/product/media/images/prod/PIM/20260202/11/5a692792-845d-408a-bd08-8bf28a5d45aa/1_org_zoom.jpg|https://cdn.dsmcdn.com/mnresize/30/30/mobile/reviewrating/kamera-emoji6x.png|https://cdn.dsmcdn.com/mnresize/30/30/mobile/pdp/Additional/orange-heart_1f9e1.png|https://cdn.dsmcdn.com/mnresize/128/192/ty1000320/product/media/images/prod/PIM/20260202/11/f28d525f-7f7b-422c-87f6-7c29ebb679af/1_org_zoom.jpg|https://cdn.dsmcdn.com/mnresize/128/192/ty1722/prod/QC_ENRICHMENT/20250811/12/2a34fa17-fead-3a2d-8ed7-766704659aed/1_org_zoom.jpg|https://cdn.dsmcdn.com/mobile/international/PaymentLogo/tamara_snippet_en.png|https://cdn.dsmcdn.com/mobile/international/PaymentLogo/Tabby_snippet_new.png|https://cdn.dsmcdn.com/mnresize/34/34/indexing-sticker-stamp/stage/4b0d7ef1-8e8f-4c8f-b1c7-637e432ea2b4.png|https://cdn.dsmcdn.com/ty1000320/product/media/images/prod/PIM/20260202/11/f28d525f-7f7b-422c-87f6-7c29ebb679af/1_org_zoom.jpg|https://cdn.dsmcdn.com/sfweb-checkout/images/basket-icon_1751630173674.png|https://cdn.dsmcdn.com/mobile/international/PaymentLogo/Mastercard3x.png|https://cdn.dsmcdn.com/mobile/international/PaymentLogo/Visa3x.png|https://cdn.dsmcdn.com/mobile/international/PaymentLogo/Applepay3x.png|https://cdn.dsmcdn.com/mobile/international/PaymentLogo/tamara_logo_en.png|https://cdn.dsmcdn.com/mobile/international/PaymentLogo/Tabby_Basket_new.png|https://cdn.dsmcdn.com/mobile/international/PaymentLogo/cod-v4.png|https://cdn.dsmcdn.com/mobile/international/PaymentLogo/gpay3x.png|https://cdn.dsmcdn.com/sfweb-browsing/images/footer-pci-dss.png|https://cdn.dsmcdn.com/sfweb-browsing/images/footer-iso.png;29;ok
78;daraz;78_daraz;https://www.daraz.pk/products/logitech-m171-wireless-mouse-blue-i356718934.html;Logitech M171 WIRELESS MOUSE - BLUE;Logitech;Informatique;Souris;3799;PKR;;https://static-01.daraz.pk/p/03a6c658e34825011c1441dcce6fcdad.jpg;1;ok
79;jumia;79_jumia;https://www.jumia.ma/logitech-souris-m240-silent-bluetooth-mouse-graphite-2.4ghzbt-retail-offline-box-67992745.html;Souris M240 Silent Bluetooth Mouse - GRAPHITE - 2.4GHZ/BT RETAIL OFFLINE BOX;Logitech;Informatique;Souris;212.00;MAD;"Colour: Graphite
  Connectivity: Bluetooth, Wireless (2.4 GHz)
  Silent click technology
  Wireless operation
  Model Code: M240";https://ma.jumia.is/unsafe/fit-in/680x680/filters:fill(white)/product/54/729976/1.jpg?7862;1;ok
79;wildberries;79_wildberries;https://www.wildberries.ru/catalog/615901133/detail.aspx;Беспроводная мышь M240 SILENT Bluetooth;LOGITECH;Informatique;Souris;1255;RUB;;https://basket-31.wbbasket.ru/vol6159/part615901/615901133/images/big/1.webp|https://basket-31.wbbasket.ru/vol6159/part615901/615901133/images/big/2.webp|https://basket-31.wbbasket.ru/vol6159/part615901/615901133/images/big/3.webp|https://basket-31.wbbasket.ru/vol6159/part615901/615901133/images/big/4.webp|https://basket-31.wbbasket.ru/vol6159/part615901/615901133/images/big/5.webp;5;ok
79;trendyol;79_trendyol;https://www.trendyol.com/en/choice/logitech-black7078-logitech-m240-wireless-bluetooth-mouse-silent-compact-portable-smooth-tracking-mi-p-1136963276?boutiqueId=61&merchantId=966843;Choice Logitech black7078 Logitech M240 Wireless Bluetooth Mouse Silent Compact Portable Smooth Tracking Mi;Choice;Informatique;Souris;81.88;AED;;https://cdn.dsmcdn.com/ty1858/prod/QC_PREP/20260423/10/17d6dadc-b15e-37b5-8d56-34a598464b05/1_org_zoom.jpg;1;ok
79;daraz;79_daraz;https://www.daraz.pk/products/logitech-m240-silent-bluetooth-wireless-mouse-black-i467935450.htmldaraz.pk/products/logitech-m240-silent-bluetooth-wireless-mouse-black-i467935450.html;Logitech M240 Silent Bluetooth Wireless Mouse-Black;Logitech;Informatique;Souris;4999;PKR;;https://static-01.daraz.pk/p/edd1b15b326d2635200a83f7bc14be79.jpg;1;ok
80;jumia;80_jumia;https://www.jumia.ma/dell-souris-ms116-optique-filaire-usb-noir-1000-dpi-a-3-boutons-63943225.html;Souris MS116 Optique Filaire USB - Noir - 1000 dpi à 3 Boutons;DELL;Informatique;Souris;199.00;MAD;"Marque : ‎Dell
	Numéro du modèle de l'article : ‎MS116-BK
	Couleur :  Noir
	Plate-forme du matériel informatique : ‎ PC / Mac
	Marque du processeur : ‎ReferManual
	Nombre de boutons : 3
	Style : Souris Pour PC
	Interface du disque dur : ‎ATA
	Type d'alimentation : ‎Câble
	Interface du matériel informatique : ‎USB 2.0
	Type de connecteur : ‎USB
	Poids : 413 g
	Dimensions de l'article L x L x H : ‎13.8 x 9 x 4.2 centimètres";https://ma.jumia.is/unsafe/fit-in/680x680/filters:fill(white)/product/52/234936/1.jpg?1785|https://ma.jumia.is/unsafe/fit-in/680x680/filters:fill(white)/product/52/234936/2.jpg?1785|https://ma.jumia.is/unsafe/fit-in/680x680/filters:fill(white)/product/52/234936/3.jpg?1785;3;ok
80;wildberries;80_wildberries;https://www.wildberries.ru/catalog/445169279/detail.aspx;Мышь MS116 Optical USB;DELL;Informatique;Souris;1247;RUB;;https://basket-25.wbbasket.ru/vol4451/part445169/445169279/images/big/1.webp|https://basket-25.wbbasket.ru/vol4451/part445169/445169279/images/big/2.webp|https://basket-25.wbbasket.ru/vol4451/part445169/445169279/images/big/3.webp|https://basket-25.wbbasket.ru/vol4451/part445169/445169279/images/big/4.webp;4;ok
80;trendyol;80_trendyol;https://www.trendyol.com/en/dell/ms116-usb-wired-optical-mouse-black-p-1019315796?boutiqueId=61&merchantId=1225366;Dell MS116 USB Wired Optical Mouse Black;Dell;Informatique;Souris;29.99;AED;;https://cdn.dsmcdn.com/ty1767/prod/QC_PREP/20251009/17/8abeb854-aaf6-399b-9a5c-5d9904ff64aa/1_org_zoom.jpg;1;ok
80;daraz;80_daraz;https://www.daraz.pk/products/usb-i438354643-s2122306182.html?c=&channelLpJumpArgs=&clickTrackInfo=query%253ADell%252BMS116%253Bnid%253A438354643%253Bsrc%253ALazadaMainSrp%253Brn%253A2245715f3aea04541ec030b4bcd8f51c%253Bregion%253Apk%253Bsku%253A438354643_PK%253Bprice%253A460%253Bclient%253Adesktop%253Bsupplier_id%253A6005010747079%253Bsession_id%253A%253Bbiz_source%253Ah5_external%253Bslot%253A0%253Butlog_bucket_id%253A470687%253Basc_category_id%253A7848%253Bitem_id%253A438354643%253Bsku_id%253A2122306182%253Bshop_id%253A340292%253BtemplateInfo%253A&freeshipping=0&fs_ab=1&fuse_fs=&lang=en&location=Sindh&price=4.6E%202&priceCompare=skuId%3A2122306182%3Bsource%3Alazada-search-voucher%3Bsn%3A2245715f3aea04541ec030b4bcd8f51c%3BoriginPrice%3A46000%3BdisplayPrice%3A46000%3BisGray%3Afalse%3BsinglePromotionId%3A-1%3BsingleToolCode%3A-1%3BvoucherPricePlugin%3A0%3Btimestamp%3A1783812396606&ratingscore=&request_id=2245715f3aea04541ec030b4bcd8f51c&review=0&sale=4&search=1&source=search&spm=a2a0e.searchlist.list.0&stock=1;Mouse Dell MS116 Optical Scroll USB Mouse;No Brand;Informatique;Souris;.460;PKR;;https://static-01.daraz.pk/p/73d15c3d13adb3db838f058c953c78b5.jpg|https://static-01.daraz.pk/p/5ac4553805ce9009e1dbf63008c4e4fc.jpg;2;ok
81;jumia;81_jumia;https://www.jumia.ma/logitech-g102-lightsync-gaming-mouse-black-usb-na-eer-g102-lightsync-12m-67992760.html;G102 LIGHTSYNC Gaming Mouse - BLACK - USB - N/A - EER - G102 LIGHTSYNC 12M;Logitech;Informatique;Souris;235.00;MAD;"Colour: Black
  Connectivity: USB-A
  Gaming-grade sensor
  Model Code: G102";https://ma.jumia.is/unsafe/fit-in/680x680/filters:fill(white)/product/06/729976/1.jpg?7870;1;ok
81;wildberries;81_wildberries;https://www.wildberries.ru/catalog/599165117/detail.aspx;Проводная игровая мышь G102 LightSync Black;LOGITECH;Informatique;Souris;1294;RUB;;https://basket-30.wbbasket.ru/vol5991/part599165/599165117/images/big/1.webp|https://basket-30.wbbasket.ru/vol5991/part599165/599165117/images/big/2.webp|https://basket-30.wbbasket.ru/vol5991/part599165/599165117/images/big/3.webp|https://basket-30.wbbasket.ru/vol5991/part599165/599165117/images/big/4.webp|https://basket-30.wbbasket.ru/vol5991/part599165/599165117/images/big/5.webp;5;ok
81;trendyol;81_trendyol;https://www.trendyol.com/en/logitech/g203-lightsync-rgb-wired-gaming-mouse-p-49118833;logitechG203 Lightsync RGB Wired Gaming Mouse;logitech;Informatique;Souris;84.00;AED;;https://cdn.dsmcdn.com/mnresize/300/-/sfint/production/flags/ae.png|https://cdn.dsmcdn.com/mnresize/620/920/ty1851/prod/QC_PREP/20260407/11/8766a171-9a6c-3505-be01-2f5320aed503/1_org_zoom.jpg|https://cdn.dsmcdn.com/mnresize/620/920/ty1853/prod/QC_PREP/20260407/11/c71615cc-10de-3d7a-bd45-2afecb02c487/1_org_zoom.jpg|https://cdn.dsmcdn.com/mnresize/128/-/indexing-sticker-stamp/mars/f5a86130-7b62-457e-8562-25db0fb7f1be.png|https://cdn.dsmcdn.com/mnresize/620/920/ty1853/prod/QC_PREP/20260407/11/be2492ea-f23e-32e6-9447-3d11105f2625/1_org_zoom.jpg|https://cdn.dsmcdn.com/mnresize/620/920/ty1852/prod/QC_PREP/20260407/11/e4a8fe3f-3cff-3545-a431-1b44164d51e8/1_org_zoom.jpg|https://cdn.dsmcdn.com/mnresize/620/920/ty1853/prod/QC_PREP/20260407/11/1ba8bdd3-c0be-3790-ba2b-3e5e4db87c7e/1_org_zoom.jpg|https://cdn.dsmcdn.com/mnresize/620/920/ty1852/prod/QC_PREP/20260407/11/b268df4d-fbd0-32ce-a00e-5f5534c4b2a6/1_org_zoom.jpg|https://cdn.dsmcdn.com/mnresize/620/920/ty1853/prod/QC_PREP/20260407/11/1d327550-f44b-3d89-92ed-0f4919ea7813/1_org_zoom.jpg|https://cdn.dsmcdn.com/mnresize/620/920/ty1851/prod/QC_PREP/20260407/11/14b862e5-0ef0-3d5e-a325-a573ae3101d3/1_org_zoom.jpg|https://cdn.dsmcdn.com/mnresize/30/30/mobile/reviewrating/kamera-emoji6x.png|https://cdn.dsmcdn.com/mnresize/30/30/mobile/pdp/Additional/orange-heart_1f9e1.png|https://cdn.dsmcdn.com/mnresize/128/192/ty1670/prod/QC/20250425/16/28bca125-fa6a-33df-8f38-3c8d1bc8c65c/1_org_zoom.jpg|https://cdn.dsmcdn.com/mnresize/128/192/ty259/product/media/images/20211130/0/1640762/127502976/1/1_org_zoom.jpg|https://cdn.dsmcdn.com/mnresize/128/192/ty1664/prod/QC/20250411/16/6a656986-05c4-3ba5-b08d-7a802eb800a8/1_org_zoom.jpg|https://cdn.dsmcdn.com/mobile/international/PaymentLogo/tamara_snippet_en.png|https://cdn.dsmcdn.com/mobile/international/PaymentLogo/Tabby_snippet_new.png|https://cdn.dsmcdn.com/ty1851/prod/QC_PREP/20260407/11/8766a171-9a6c-3505-be01-2f5320aed503/1_org_zoom.jpg|https://cdn.dsmcdn.com/sfweb-checkout/images/basket-icon_1751630173674.png|https://cdn.dsmcdn.com/mobile/international/PaymentLogo/Mastercard3x.png|https://cdn.dsmcdn.com/mobile/international/PaymentLogo/Visa3x.png|https://cdn.dsmcdn.com/mobile/international/PaymentLogo/Applepay3x.png|https://cdn.dsmcdn.com/mobile/international/PaymentLogo/tamara_logo_en.png|https://cdn.dsmcdn.com/mobile/international/PaymentLogo/Tabby_Basket_new.png|https://cdn.dsmcdn.com/mobile/international/PaymentLogo/cod-v4.png|https://cdn.dsmcdn.com/mobile/international/PaymentLogo/gpay3x.png|https://cdn.dsmcdn.com/sfweb-browsing/images/footer-pci-dss.png|https://cdn.dsmcdn.com/sfweb-browsing/images/footer-iso.png;28;ok
81;daraz;81_daraz;https://www.daraz.pk/products/logitech-g102-lightsync-rgb-8000-dpi-6-usb-i937971145-s3996348727.html?c=&channelLpJumpArgs=&clickTrackInfo=query%253ALogitech%252BG102%252BLightsync%253Bnid%253A937971145%253Bsrc%253ALazadaMainSrp%253Brn%253Abc30ecd787b4e98085fc021a67a6cccc%253Bregion%253Apk%253Bsku%253A937971145_PK%253Bprice%253A1322%253Bclient%253Adesktop%253Bsupplier_id%253A6005269328769%253Bsession_id%253A%253Bbiz_source%253Ah5_external%253Bslot%253A0%253Butlog_bucket_id%253A470687%253Basc_category_id%253A20000405%253Bitem_id%253A937971145%253Bsku_id%253A3996348727%253Bshop_id%253A1866915%253BtemplateInfo%253A&freeshipping=0&fs_ab=1&fuse_fs=&lang=en&location=Khyber%20Pakhtunkhwa&price=1322&priceCompare=skuId%3A3996348727%3Bsource%3Alazada-search-voucher%3Bsn%3Abc30ecd787b4e98085fc021a67a6cccc%3BoriginPrice%3A132200%3BdisplayPrice%3A132200%3BisGray%3Afalse%3BsinglePromotionId%3A-1%3BsingleToolCode%3AmockedSalePrice%3BvoucherPricePlugin%3A0%3Btimestamp%3A1783812487859&ratingscore=4.458333333333333&request_id=bc30ecd787b4e98085fc021a67a6cccc&review=48&sale=386&search=1&source=search&spm=a2a0e.searchlist.list.0&stock=1;Logitech G102 LIGHTSYNC RGB Gaming Mouse – 8,000 DPI, 6 Programmable Buttons, USB Wired Gaming Mouse;No Brand;Informatique;Souris;1322;PKR;;https://pk-live-21.slatic.net/kf/S7f4452c3ce604beaaf9e1e855d49876ev.jpg|https://pk-live-21.slatic.net/kf/S0a59efca4525440ca8744e59e5483823g.jpg|https://pk-live-21.slatic.net/kf/Se274a3a7a6f44153b6f2eaf43e35a4baV.jpg|https://pk-live-21.slatic.net/kf/S5c073f7456b1407d862e689b0ead4d8bt.jpg|https://pk-live-21.slatic.net/kf/Sffb28819c1124aa0ab005af083c1b614Z.jpg;5;ok
82;jumia;82_jumia;https://www.jumia.ma/logitech-pebble-mouse-2-m350s-fine-sans-fil-bluetooth-portable-legere-boutons-personnalisables-clics-discrets-easy-switch-windowsmacosipadosandroidchromeos-rose-65752443.html;Pebble Mouse 2 M350s fine sans fil Bluetooth, portable, légère, boutons personnalisables, clics discrets, Easy-Switch Windows/macOS/iPadOS/Android/ChromeOS - Rose;Logitech;Informatique;Souris;249.00;MAD;"Ambidextre, fin et rond, fabriqué à partir de plastique recycléAppairage multi-appareils (jusqu&#039;à 3 appareils)Bouton central personnalisable avec l&#039;application Logi Options+Clics silencieux avec la technologie Silent Touch";https://ma.jumia.is/unsafe/fit-in/680x680/filters:fill(white)/product/34/425756/1.jpg?0656|https://ma.jumia.is/unsafe/fit-in/680x680/filters:fill(white)/product/34/425756/2.jpg?0660;2;ok
82;wildberries;82_wildberries;https://www.wildberries.ru/catalog/176441177/detail.aspx;Беспроводная мышь M350 Pebble;LOGITECH;Informatique;Souris;1600;RUB;;https://basket-12.wbbasket.ru/vol1764/part176441/176441177/images/big/1.webp|https://basket-12.wbbasket.ru/vol1764/part176441/176441177/images/big/2.webp|https://basket-12.wbbasket.ru/vol1764/part176441/176441177/images/big/3.webp|https://basket-12.wbbasket.ru/vol1764/part176441/176441177/images/big/4.webp;4;ok
82;trendyol;82_trendyol;https://www.trendyol.com/en/logitech/pebble-mouse-2-m350s-slim-bluetooth-wireless-mouse-white-p-1047045303;logitech Pebble Mouse 2 M350s Slim Bluetooth Wireless Mouse - White;logitech;Informatique;Souris;110.00;AED;;https://cdn.dsmcdn.com/ty1727/prod/QC_PREP/20250813/19/08b3c507-99cc-37d8-9e82-bf545aa8b72b/1_org_zoom.jpg|https://cdn.dsmcdn.com/ty1786/prod/QC_PREP/20251110/11/ab12c4b3-210b-3cff-970a-d60a8b87acc5/1_org_zoom.jpg|https://cdn.dsmcdn.com/ty1787/prod/QC_PREP/20251110/11/32a64241-65df-35f6-b8df-e50438dbfa41/1_org_zoom.jpg|https://cdn.dsmcdn.com/ty1785/prod/QC_PREP/20251110/11/c3dff906-4455-344f-93ec-c564fa0fd710/1_org_zoom.jpg|https://cdn.dsmcdn.com/ty1785/prod/QC_PREP/20251110/11/9d584b1c-4a92-31ca-bf02-3c8deb57a5aa/1_org_zoom.jpg|https://cdn.dsmcdn.com/ty1786/prod/QC_PREP/20251110/11/599da82b-7291-342f-a46a-8664d7df9e06/1_org_zoom.jpg;6;ok
82;daraz;82_daraz;https://www.daraz.pk/products/350-i932056619-s3988228925.html?c=&channelLpJumpArgs=&clickTrackInfo=query%253ALogitech%252BPebble%252BM350%253Bnid%253A932056619%253Bsrc%253ALazadaMainSrp%253Brn%253A41f143c1f5156e9cfe2424da9bbb3c1e%253Bregion%253Apk%253Bsku%253A932056619_PK%253Bprice%253A5999%253Bclient%253Adesktop%253Bsupplier_id%253A6005041737530%253Bsession_id%253A%253Bbiz_source%253Ah5_external%253Bslot%253A2%253Butlog_bucket_id%253A470687%253Basc_category_id%253A7848%253Bitem_id%253A932056619%253Bsku_id%253A3988228925%253Bshop_id%253A1065353%253BtemplateInfo%253A&freeshipping=1&fs_ab=1&fuse_fs=&lang=en&location=Islamabad&price=5999&priceCompare=skuId%3A3988228925%3Bsource%3Alazada-search-voucher%3Bsn%3A41f143c1f5156e9cfe2424da9bbb3c1e%3BoriginPrice%3A599900%3BdisplayPrice%3A599900%3BisGray%3Afalse%3BsinglePromotionId%3A-1%3BsingleToolCode%3A-1%3BvoucherPricePlugin%3A0%3Btimestamp%3A1783812606540&ratingscore=&request_id=41f143c1f5156e9cfe2424da9bbb3c1e&review=&sale=0&search=1&source=search&spm=a2a0e.searchlist.list.2&stock=1;Logitech M350 Pebble Wireless Mouse - Wireless dual-mode connection;NO BRAND;Informatique;Souris;5999;PKR;;https://static-01.daraz.pk/p/98f65a917a90fb83bde2e966cbf16f1c.png|https://static-01.daraz.pk/p/11b8279e24dcf2906c6c316ac827dc20.png|https://static-01.daraz.pk/p/0c7e833ebed7bf91fc04444e05e52ba1.png;3;ok
83;jumia;83_jumia;https://www.jumia.ma/rapoo-m100-souris-sans-fil-m100-silent-66107703.html;M100 Souris sans fil   (M100 SILENT);Rapoo;Informatique;Souris;219.00;MAD;Connexion sans fil multi-mode fiable:connectez-vous par Bluetooth 3.0, 4.0 et en 2,4 GHzConnexion à plusieurs appareilsCommutation d’un seul clic entre plusieurs appareils connectésCapteur à haute résolution 1300 DPIClic silencieuxAutonomie jusqu’à 9 mois;https://ma.jumia.is/unsafe/fit-in/680x680/filters:fill(white)/product/30/770166/1.jpg?2605|https://ma.jumia.is/unsafe/fit-in/680x680/filters:fill(white)/product/30/770166/2.jpg?2605|https://ma.jumia.is/unsafe/fit-in/680x680/filters:fill(white)/product/30/770166/3.jpg?2605|https://ma.jumia.is/unsafe/fit-in/680x680/filters:fill(white)/product/30/770166/4.jpg?2605|https://ma.jumia.is/unsafe/fit-in/680x680/filters:fill(white)/product/30/770166/5.jpg?2605|https://ma.jumia.is/unsafe/fit-in/680x680/filters:fill(white)/product/30/770166/6.jpg?2605|https://ma.jumia.is/unsafe/fit-in/680x680/filters:fill(white)/product/30/770166/7.jpg?2605|https://ma.jumia.is/unsafe/fit-in/680x680/filters:fill(white)/product/30/770166/8.jpg?2605;8;ok
83;wildberries;83_wildberries;https://www.wildberries.ru/catalog/543874539/detail.aspx;Мышь M100 BT Black;Rapoo;Informatique;Souris;1036;RUB;;https://basket-28.wbbasket.ru/vol5438/part543874/543874539/images/big/1.webp|https://basket-28.wbbasket.ru/vol5438/part543874/543874539/images/big/2.webp|https://basket-28.wbbasket.ru/vol5438/part543874/543874539/images/big/3.webp;3;ok
83;trendyol;83_trendyol;https://www.trendyol.com/en/rapoo/m100-multi-mode-wireless-silent-optical-mouse-dark-grey-compact-p-1000086016;Rapoo M100 Multi-mode Wireless Silent Optical Mouse - Dark Grey, compact;Rapoo;Informatique;Souris;85.00;AED;;https://cdn.dsmcdn.com/ty1769/prod/QC_PREP/20251004/10/f5346caa-5318-37a5-9ee9-2319cdffade7/1_org_zoom.jpg;1;ok
83;daraz;83_daraz;https://www.daraz.pk/products/100-i932062276-s3988252050.html?c=&channelLpJumpArgs=&clickTrackInfo=query%253ARapoo%252BM100%253Bnid%253A932062276%253Bsrc%253ALazadaMainSrp%253Brn%253A59d73e443ea9f5c1f7f5d34e54ff9a37%253Bregion%253Apk%253Bsku%253A932062276_PK%253Bprice%253A3799%253Bclient%253Adesktop%253Bsupplier_id%253A6005041737530%253Bsession_id%253A%253Bbiz_source%253Ah5_external%253Bslot%253A2%253Butlog_bucket_id%253A470687%253Basc_category_id%253A7848%253Bitem_id%253A932062276%253Bsku_id%253A3988252050%253Bshop_id%253A1065353%253BtemplateInfo%253A&freeshipping=1&fs_ab=1&fuse_fs=&lang=en&location=Islamabad&price=3799&priceCompare=skuId%3A3988252050%3Bsource%3Alazada-search-voucher%3Bsn%3A59d73e443ea9f5c1f7f5d34e54ff9a37%3BoriginPrice%3A379900%3BdisplayPrice%3A379900%3BisGray%3Afalse%3BsinglePromotionId%3A-1%3BsingleToolCode%3A-1%3BvoucherPricePlugin%3A0%3Btimestamp%3A1783812749576&ratingscore=&request_id=59d73e443ea9f5c1f7f5d34e54ff9a37&review=&sale=0&search=1&source=search&spm=a2a0e.searchlist.list.2&stock=1;Rapoo M100 Silent Wireless Mouse - Multi-mode wireless mouse;Rapoo;Informatique;Souris;3799;PKR;;https://static-01.daraz.pk/p/995f5179fe5749dc8d2b8e8e8f4f559b.png|https://static-01.daraz.pk/p/494d706f15a5ab06950874e1586938b0.png|https://static-01.daraz.pk/p/3713778b0e8672d126abd352345ef3b8.png|https://static-01.daraz.pk/p/fad3d75905b224caf32043ed6fb8d6cc.png|https://static-01.daraz.pk/p/b74a505133268fd5c6e16eb0b75d3f7d.png|https://static-01.daraz.pk/p/f5203dd04058dad4c85eed62526d7368.png|https://static-01.daraz.pk/p/f5203dd04058dad4c85eed62526d7368.png|https://static-01.daraz.pk/p/fad3d75905b224caf32043ed6fb8d6cc.png;8;ok
84;jumia;84_jumia;https://www.jumia.ma/sandisk-ultra-flair-cle-usb-3.0-64gb-datatraveler-flash-drive-vitesse-lecture150-mbs-63464442.html;Ultra Flair Clé Usb 3.0 64Gb DataTraveler Flash Drive Vitesse Lecture150 Mb/s;Sandisk;Informatique;Clés USB;179.00;MAD;Sandisk Ultra Flair Clé Usb 3.0 64Gb DataTraveler Flash Drive Sandisk Ultra Flair Clé Usb 64GbUsb 3.0 Vitesse de lectue jusqu'a 150 Mb/s Clé USB Sandik Ultra Flair 64Gb à taille CompacteDesign élégant et  PetitClé USB Sandik Ultra Flair 64Gb vous permet de transférer de manière sécurisée et  simple vos fichiers;https://ma.jumia.is/unsafe/fit-in/680x680/filters:fill(white)/product/24/446436/1.jpg?0382|https://ma.jumia.is/unsafe/fit-in/680x680/filters:fill(white)/product/24/446436/2.jpg?0382;2;ok
84;wildberries;84_wildberries;https://www.wildberries.ru/catalog/725298490/detail.aspx;Флеш-накопитель 64 ГБ Ultra Flair, USB 3.2 Gen 1 (SDCZ73-064G-G46);SANDISK;Informatique;Clés USB;1008;RUB;;https://basket-34.wbbasket.ru/vol7252/part725298/725298490/images/big/1.webp|https://basket-34.wbbasket.ru/vol7252/part725298/725298490/images/big/2.webp|https://basket-34.wbbasket.ru/vol7252/part725298/725298490/images/big/3.webp|https://basket-34.wbbasket.ru/vol7252/part725298/725298490/images/big/4.webp|https://basket-34.wbbasket.ru/vol7252/part725298/725298490/images/big/5.webp;5;ok
84;trendyol;84_trendyol;https://www.trendyol.com/en/sandisk/sdcz73-064g-g46-64gb-ultra-flair-metal-3-0-usb-flash-drive-black-p-2516730;SandiskSdcz73-064g-g46 64gb ultra flair metal 3.0 usb flash drive black;Sandisk;Informatique;Clés USB;70.28;AED;;https://cdn.dsmcdn.com/mnresize/300/-/sfint/production/flags/ae.png|https://cdn.dsmcdn.com/mnresize/620/920/ty1536/product/media/images/prod/QC/20240911/00/1fd19067-4693-35b1-8a89-e7c467b19416/1_org_zoom.jpg|https://cdn.dsmcdn.com/mnresize/30/30/mobile/reviewrating/kamera-emoji6x.png|https://cdn.dsmcdn.com/mnresize/30/30/mobile/pdp/Additional/orange-heart_1f9e1.png|https://cdn.dsmcdn.com/mnresize/128/192/ty1536/product/media/images/prod/QC/20240911/00/1fd19067-4693-35b1-8a89-e7c467b19416/1_org_zoom.jpg|https://cdn.dsmcdn.com/mnresize/128/192/ty21/product/media/images/20201108/23/23740659/102555878/0/0_org_zoom.jpg|https://cdn.dsmcdn.com/mobile/international/PaymentLogo/tamara_snippet_en.png|https://cdn.dsmcdn.com/mobile/international/PaymentLogo/Tabby_snippet_new.png|https://cdn.dsmcdn.com/mobile/international/PaymentLogo/cod-v4.png|https://cdn.dsmcdn.com/ty1536/product/media/images/prod/QC/20240911/00/1fd19067-4693-35b1-8a89-e7c467b19416/1_org_zoom.jpg|https://cdn.dsmcdn.com/sfweb-checkout/images/basket-icon_1751630173674.png|https://cdn.dsmcdn.com/mobile/international/PaymentLogo/Mastercard3x.png|https://cdn.dsmcdn.com/mobile/international/PaymentLogo/Visa3x.png|https://cdn.dsmcdn.com/mobile/international/PaymentLogo/Applepay3x.png|https://cdn.dsmcdn.com/mobile/international/PaymentLogo/tamara_logo_en.png|https://cdn.dsmcdn.com/mobile/international/PaymentLogo/Tabby_Basket_new.png|https://cdn.dsmcdn.com/mobile/international/PaymentLogo/gpay3x.png|https://cdn.dsmcdn.com/sfweb-browsing/images/footer-pci-dss.png|https://cdn.dsmcdn.com/sfweb-browsing/images/footer-iso.png;19;ok
84;daraz;84_daraz;https://www.daraz.pk/products/32gb64gb128gb256gb-usb-30-sdcz73-032g-g46-i1948731387-s14012315087.html?c=&channelLpJumpArgs=&clickTrackInfo=query%253ASanDisk%252BUltra%252BFlair%252B64GB%253Bnid%253A1948731387%253Bsrc%253ALazadaMainSrp%253Brn%253A5c37776d9f25e2f6993550854bef8807%253Bregion%253Apk%253Bsku%253A1948731387_PK%253Bprice%253A2799%253Bclient%253Adesktop%253Bsupplier_id%253A6005615872479%253Bsession_id%253A%253Bbiz_source%253Ahttps%253A%252F%252Fwww.daraz.pk%252F%253Bslot%253A0%253Butlog_bucket_id%253A470687%253Basc_category_id%253A10490%253Bitem_id%253A1948731387%253Bsku_id%253A14012315087%253Bshop_id%253A2580368%253BtemplateInfo%253A&freeshipping=0&fs_ab=1&fuse_fs=&lang=en&location=Punjab&price=2799&priceCompare=skuId%3A14012315087%3Bsource%3Alazada-search-voucher%3Bsn%3A5c37776d9f25e2f6993550854bef8807%3BoriginPrice%3A279900%3BdisplayPrice%3A279900%3BisGray%3Afalse%3BsinglePromotionId%3A50000078039002%3BsingleToolCode%3ApromPrice%3BvoucherPricePlugin%3A0%3Btimestamp%3A1783884624970&ratingscore=5.0&request_id=5c37776d9f25e2f6993550854bef8807&review=2&sale=6&search=1&source=search&spm=a2a0e.searchlist.list.0&stock=1;Free Gift + SanDisk 32GB/64GB/128GB/256GB Ultra Flair USB 3.0 Flash Drive - SDCZ73-032G-G46;Sandisk;Informatique;Clés USB;2899;PKR;;https://static-01.daraz.pk/p/d12c9463ed295ad380330d2a64f8beaa.jpg|https://static-01.daraz.pk/p/5ef3711968063dcb71daf071cdf33dd2.jpg|https://static-01.daraz.pk/p/3575d7137b8b4aacc5431a7f1d13b56c.png|https://static-01.daraz.pk/p/0b88072fdb6cfe8c5302fc3c31265a39.png|https://static-01.daraz.pk/p/05b8f4c908f1e23dc3d626934c4d09df.jpg;5;ok
85;jumia;85_jumia;https://www.jumia.ma/sandisk-cle-usb-double-connectique-128gb-ultra-dual-drive-go-usb-type-c-flash-drive-67312435.html;CLE USB DOUBLE Connectique 128GB Ultra Dual Drive Go USB Type-C Flash Drive;Sandisk;Informatique;Clés USB;219.00;MAD;La clé USB 2 en 1 avec connecteurs USB Type-C et Type-ADéplacez facilement du contenu entre vos appareils USB Type-C et Type-A(2)Libérez de l'espace sur votre smartphone USB Type-C(2)Sauvegardez automatiquement vos photos avec l'application SanDisk Memory Zone(3)Clé USB 3.1 Gen 1 hautes performances avec des vitesses de lecture de 150 Mo/s(1)Conception pivotante pour protéger les connecteurs et trou de porte-clés pratique;https://ma.jumia.is/unsafe/fit-in/680x680/filters:fill(white)/product/53/421376/1.jpg?5280|https://ma.jumia.is/unsafe/fit-in/680x680/filters:fill(white)/product/53/421376/2.jpg?5280|https://ma.jumia.is/unsafe/fit-in/680x680/filters:fill(white)/product/53/421376/3.jpg?5280|https://ma.jumia.is/unsafe/fit-in/680x680/filters:fill(white)/product/53/421376/4.jpg?5280|https://ma.jumia.is/unsafe/fit-in/680x680/filters:fill(white)/product/53/421376/5.jpg?5280|https://ma.jumia.is/unsafe/fit-in/680x680/filters:fill(white)/product/53/421376/6.jpg?5280|https://ma.jumia.is/unsafe/fit-in/680x680/filters:fill(white)/product/53/421376/7.jpg?5280;7;ok
85;wildberries;85_wildberries;https://www.wildberries.ru/catalog/239920099/detail.aspx;USB накопитель Ultra Dual Drive Go 32GB;SANDISK;Informatique;Clés USB;2177.95;RUB;;https://basket-15.wbbasket.ru/vol2399/part239920/239920099/images/big/1.webp|https://basket-15.wbbasket.ru/vol2399/part239920/239920099/images/big/2.webp|https://basket-15.wbbasket.ru/vol2399/part239920/239920099/images/big/3.webp|https://basket-15.wbbasket.ru/vol2399/part239920/239920099/images/big/4.webp|https://basket-15.wbbasket.ru/vol2399/part239920/239920099/images/big/5.webp|https://basket-15.wbbasket.ru/vol2399/part239920/239920099/images/big/6.webp|https://basket-15.wbbasket.ru/vol2399/part239920/239920099/images/big/7.webp;7;ok
85;trendyol;85_trendyol;https://www.trendyol.com/sandisk/ultra-dual-drive-go-usb-type-c-flash-drive-128gb-p-37354524;Sandisk Ultra Dual Drive Go Usb Type-c Flash Drive 128gb;Sandisk;Informatique;Clés USB;115.55;AED;;https://cdn.dsmcdn.com/ty1548/product/media/images/ty1548/prod/QC/20240916/20/5d48605c-0dae-3e54-af9d-aa244af8e031/1_org_zoom.jpg;1;ok
85;daraz;85_daraz;https://www.daraz.pk/products/128gb-usb-c-i946846780-s4010528309.html?c=&channelLpJumpArgs=&clickTrackInfo=query%253ASanDisk%252BUltra%252BDual%252BDrive%252BGo%253Bnid%253A946846780%253Bsrc%253ALazadaMainSrp%253Brn%253A2b62582fd8bc76068ba1048027f09a07%253Bregion%253Apk%253Bsku%253A946846780_PK%253Bprice%253A5800%253Bclient%253Adesktop%253Bsupplier_id%253A6005014029999%253Bsession_id%253A%253Bbiz_source%253Ah5_external%253Bslot%253A1%253Butlog_bucket_id%253A470687%253Basc_category_id%253A10490%253Bitem_id%253A946846780%253Bsku_id%253A4010528309%253Bshop_id%253A669027%253BtemplateInfo%253A&freeshipping=0&fs_ab=1&fuse_fs=&lang=en&location=Sindh&price=5.8E%203&priceCompare=skuId%3A4010528309%3Bsource%3Alazada-search-voucher%3Bsn%3A2b62582fd8bc76068ba1048027f09a07%3BoriginPrice%3A580000%3BdisplayPrice%3A580000%3BisGray%3Afalse%3BsinglePromotionId%3A-1%3BsingleToolCode%3A-1%3BvoucherPricePlugin%3A0%3Btimestamp%3A1783884774254&ratingscore=5.0&request_id=2b62582fd8bc76068ba1048027f09a07&review=1&sale=5&search=1&source=search&spm=a2a0e.searchlist.list.1&stock=1;Sandisk Ultra Dual Drive 128GB Go USB Type-C;No Brand;Informatique;Clés USB;5800;PKR;;https://static-01.daraz.pk/p/16064b03e96388975b8b53245dc0bd08.jpg|https://static-01.daraz.pk/p/350c82ee60d08a68184162a4c67f72ff.jpg|https://static-01.daraz.pk/p/cdb18dfb964f726e43e1d2adf0b7e80f.png;3;ok
86;jumia;86_jumia;https://www.jumia.ma/cle-usb-cruzer-blade-32gb-usb-2.0-sandisk-mpg1460578.html;Clé USB Cruzer Blade - 32GB - USB 2.0;Sandisk;Informatique;Clés USB;75.00;MAD;Stockage rapidePetite et élégante Sauvegarde et transfert simple et rapide des fichiers Lecture rapide du contenu multimédia Protection contre tout accès non autorisé;https://ma.jumia.is/unsafe/fit-in/680x680/filters:fill(white)/product/67/949316/1.jpg?4925|https://ma.jumia.is/unsafe/fit-in/680x680/filters:fill(white)/product/67/949316/2.jpg?4925|https://ma.jumia.is/unsafe/fit-in/680x680/filters:fill(white)/product/67/949316/3.jpg?4925;3;ok
86;wildberries;86_wildberries;https://www.wildberries.ru/catalog/203391784/detail.aspx;Флеш-накопитель Cruzer Blade 32GB USB 2.0. Цвет: черный;SANDISK;Informatique;Clés USB;1008;RUB;;https://basket-13.wbbasket.ru/vol2033/part203391/203391784/images/big/1.webp|https://basket-13.wbbasket.ru/vol2033/part203391/203391784/images/big/2.webp|https://basket-13.wbbasket.ru/vol2033/part203391/203391784/images/big/3.webp|https://basket-13.wbbasket.ru/vol2033/part203391/203391784/images/big/4.webp|https://basket-13.wbbasket.ru/vol2033/part203391/203391784/images/big/5.webp;5;ok
86;trendyol;86_trendyol;https://www.trendyol.com/sandisk/32-gb-flash-disk-tf20-p-2231061?boutiqueId=61&merchantId=111767;Sandisk32 GB Flash Disk TF20;Sandisk;Informatique;Clés USB;65.17;AED;;https://cdn.dsmcdn.com/mnresize/300/-/sfint/production/flags/ae.png|https://cdn.dsmcdn.com/mnresize/620/920/ty1507/product/media/images/prod/QC/20240702/02/2b1aa637-1fd0-3c72-933c-50aaa047e614/1_org_zoom.jpg|https://cdn.dsmcdn.com/mnresize/620/920/ty1508/product/media/images/prod/QC/20240702/02/c39bdcbc-5d31-3810-87de-f7e9a087c60c/1_org_zoom.jpg|https://cdn.dsmcdn.com/mnresize/30/30/mobile/pdp/Additional/orange-heart_1f9e1.png|https://cdn.dsmcdn.com/mnresize/128/192/ty1507/product/media/images/prod/QC/20240702/02/2b1aa637-1fd0-3c72-933c-50aaa047e614/1_org_zoom.jpg|https://cdn.dsmcdn.com/mnresize/128/192/ty1719/prod/QC_ENRICHMENT/20250802/02/5d3cb886-2f9b-3cc3-b41f-5e6b59cc7b2b/1_org_zoom.jpg|https://cdn.dsmcdn.com/mobile/international/PaymentLogo/tamara_snippet_en.png|https://cdn.dsmcdn.com/mobile/international/PaymentLogo/Tabby_snippet_new.png|https://cdn.dsmcdn.com/mobile/international/PaymentLogo/cod-v4.png|https://cdn.dsmcdn.com/ty1507/product/media/images/prod/QC/20240702/02/2b1aa637-1fd0-3c72-933c-50aaa047e614/1_org_zoom.jpg|https://cdn.dsmcdn.com/sfweb-checkout/images/basket-icon_1751630173674.png|https://cdn.dsmcdn.com/mobile/international/PaymentLogo/Mastercard3x.png|https://cdn.dsmcdn.com/mobile/international/PaymentLogo/Visa3x.png|https://cdn.dsmcdn.com/mobile/international/PaymentLogo/Applepay3x.png|https://cdn.dsmcdn.com/mobile/international/PaymentLogo/tamara_logo_en.png|https://cdn.dsmcdn.com/mobile/international/PaymentLogo/Tabby_Basket_new.png|https://cdn.dsmcdn.com/mobile/international/PaymentLogo/gpay3x.png|https://cdn.dsmcdn.com/sfweb-browsing/images/footer-pci-dss.png|https://cdn.dsmcdn.com/sfweb-browsing/images/footer-iso.png;19;ok
86;daraz;86_daraz;https://www.daraz.pk/products/2-32b-u28gb-6k-14gb-32gb-16gsb-64-128-16-gb0-usb-i1960120091-s14025133073.html?c=&channelLpJumpArgs=&clickTrackInfo=query%253ASanDisk%252BCruzer%252BBlade%252B32GB%253Bnid%253A1960120091%253Bsrc%253ALazadaMainSrp%253Brn%253Aec86550b12885c5411cd35e5ffc072e8%253Bregion%253Apk%253Bsku%253A1960120091_PK%253Bprice%253A799%253Bclient%253Adesktop%253Bsupplier_id%253A6005563280073%253Bsession_id%253A%253Bbiz_source%253Ah5_external%253Bslot%253A32%253Butlog_bucket_id%253A470687%253Basc_category_id%253A10490%253Bitem_id%253A1960120091%253Bsku_id%253A14025133073%253Bshop_id%253A2481209%253BtemplateInfo%253A&freeshipping=0&fs_ab=1&fuse_fs=&lang=en&location=Punjab&price=799&priceCompare=skuId%3A14025133073%3Bsource%3Alazada-search-voucher%3Bsn%3Aec86550b12885c5411cd35e5ffc072e8%3BoriginPrice%3A79900%3BdisplayPrice%3A79900%3BisGray%3Afalse%3BsinglePromotionId%3A-1%3BsingleToolCode%3AmockedSalePrice%3BvoucherPricePlugin%3A0%3Btimestamp%3A1783885096436&ratingscore=&request_id=ec86550b12885c5411cd35e5ffc072e8&review=&sale=0&search=1&source=search&spm=a2a0e.searchlist.list.32&stock=1;;;Informatique;Clés USB;3999;PKR;;https://gw.alicdn.com/imgextra/i2/O1CN01jHjmpl1pxcRVgFrYS_!!6000000005427-0-tps-150-150.jpg|https://gw.alicdn.com/imgextra/i3/O1CN012f276t1zJuDINv48i_!!6000000006694-2-tps-600-600.png;2;ok
87;jumia;87_jumia;https://www.jumia.ma/sandisk-ultra-sandisk-64gb-ultra-usb-flash-drive-usb-3.0-up-to-130-mbs-read-black-67496185.html;SanDisk 64GB Ultra USB Flash Drive USB 3.0 Up to 130 MB/s Read, Black;Sandisk Ultra;Informatique;Clés USB;180.00;MAD;Les informations ci-dessous s'appliquent à chaque unité du packJusqu'à 10 fois plus rapide que les clés USB 2.0 stetardTransférez un film entier en moins de 40 secondesProtégez par mot de passe et cryptez les fichiers avec le logiciel SanDisk secure accessDisponible en capacités de  64 Go Compatible avec Windows Vista, Windows 7, Windows 8 et Mac OS X v10.6+ (téléchargement logiciel requis pour Mac)Température de fonctionnement: 0 °C à 45 °C;https://ma.jumia.is/unsafe/fit-in/680x680/filters:fill(white)/product/58/169476/1.jpg?6882|https://ma.jumia.is/unsafe/fit-in/680x680/filters:fill(white)/product/58/169476/2.jpg?6882|https://ma.jumia.is/unsafe/fit-in/680x680/filters:fill(white)/product/58/169476/3.jpg?6882|https://ma.jumia.is/unsafe/fit-in/680x680/filters:fill(white)/product/58/169476/4.jpg?6882;4;ok
87;wildberries;87_wildberries;https://www.wildberries.ru/catalog/964505761/detail.aspx;Флешка 64 ГБ Ultra SDCZ48-64G-U46 USB 3.2 Gen1 black;SANDISK;Informatique;Clés USB;1176;RUB;;https://basket-41.wbbasket.ru/vol9645/part964505/964505761/images/big/1.webp|https://basket-41.wbbasket.ru/vol9645/part964505/964505761/images/big/2.webp|https://basket-41.wbbasket.ru/vol9645/part964505/964505761/images/big/3.webp|https://basket-41.wbbasket.ru/vol9645/part964505/964505761/images/big/4.webp|https://basket-41.wbbasket.ru/vol9645/part964505/964505761/images/big/5.webp|https://basket-41.wbbasket.ru/vol9645/part964505/964505761/images/big/6.webp|https://basket-41.wbbasket.ru/vol9645/part964505/964505761/images/big/7.webp|https://basket-41.wbbasket.ru/vol9645/part964505/964505761/images/big/8.webp|https://basket-41.wbbasket.ru/vol9645/part964505/964505761/images/big/9.webp;9;ok
87;trendyol;87_trendyol;https://www.trendyol.com/sandisk/ultra-64-gb-usb-3-0-flash-bellek-130ms-read-sdcz48-064g-u46-p-2516364;;;Informatique;Clés USB;46.9;AED;;https://cdn.dsmcdn.com/mnresize/300/-/sfint/production/flags/ae.png|https://cdn.dsmcdn.com/sfweb-checkout/images/basket-icon_1751630173674.png|https://cdn.dsmcdn.com/mobile/international/PaymentLogo/Mastercard3x.png|https://cdn.dsmcdn.com/mobile/international/PaymentLogo/Visa3x.png|https://cdn.dsmcdn.com/mobile/international/PaymentLogo/Applepay3x.png|https://cdn.dsmcdn.com/mobile/international/PaymentLogo/tamara_logo_en.png|https://cdn.dsmcdn.com/mobile/international/PaymentLogo/Tabby_Basket_new.png|https://cdn.dsmcdn.com/mobile/international/PaymentLogo/cod-v4.png|https://cdn.dsmcdn.com/mobile/international/PaymentLogo/gpay3x.png|https://cdn.dsmcdn.com/sfweb-browsing/images/footer-pci-dss.png|https://cdn.dsmcdn.com/sfweb-browsing/images/footer-iso.png;11;ok
87;daraz;87_daraz;https://www.daraz.pk/products/usb-30-64-gb-i209628893-s1416092562.html?c=&channelLpJumpArgs=&clickTrackInfo=query%253ASanDisk%252BUltra%252B64%252BUSB%252B3.0%253Bnid%253A209628893%253Bsrc%253ALazadaMainSrp%253Brn%253Ae9deb3bd5ccecaedad596592c6ff8803%253Bregion%253Apk%253Bsku%253A209628893_PK%253Bprice%253A1939%253Bclient%253Adesktop%253Bsupplier_id%253A6005012934118%253Bsession_id%253A%253Bbiz_source%253Ah5_external%253Bslot%253A27%253Butlog_bucket_id%253A470687%253Basc_category_id%253A10490%253Bitem_id%253A209628893%253Bsku_id%253A1416092562%253Bshop_id%253A490495%253BtemplateInfo%253A-1_A3_C%2523&freeshipping=0&fs_ab=1&fuse_fs=&lang=en&location=Punjab&price=1939&priceCompare=skuId%3A1416092562%3Bsource%3Alazada-search-voucher%3Bsn%3Ae9deb3bd5ccecaedad596592c6ff8803%3BoriginPrice%3A193900%3BdisplayPrice%3A193900%3BisGray%3Afalse%3BsinglePromotionId%3A-1%3BsingleToolCode%3A-1%3BvoucherPricePlugin%3A0%3Btimestamp%3A1783885420757&ratingscore=&request_id=e9deb3bd5ccecaedad596592c6ff8803&review=&sale=0&search=1&source=search&spm=a2a0e.searchlist.list.27&stock=0;SanDisk Ultra USB 3.0 Flash Drive 64 GB;No Brand;Informatique;Clés USB;1939;PKR;Portable: small, compact plug and play making it fit it into the hand. Non-volatile storage: Contents are rewritable and does not lose its content even when removed from the USB port. Compatibility: advanced pen drives are compatible with Windows, Mac, Linux etc. As a backup solution to store data before formatting your PC. Transferring of files from one computer to another. The SanDisk Ultra USB 3.0 Flash Drive combines faster dataspeeds and generous capacity in a compact, stylish package. Spend less timewaiting and transfer files to the drive up to ten times faster than with astandard USB 2.0 drive.1 With storage capacities up to 512GB5, the drive canaccommodate your bulkiest media files and documents. Specifications of Brand No Brand SKU 209628893_PK-1416092562 Writing Speed 300 MB/s Usb Generation USB 3.0 What’s in the box 1 x SanDisk Ultra USB 3.0 Flash Drive;https://static-01.daraz.pk/p/8bc84d6675fcca868320e676677020ac.jpg|https://static-01.daraz.pk/p/74ef891f291c822bc5a77840943b1ab3.png|https://static-01.daraz.pk/p/c932160b0250d1fbd7e03bf127ea5359.png|https://static-01.daraz.pk/p/1d4441415fd8846145b4f9190100ab90.png;4;ok
88;jumia;88_jumia;https://www.jumia.ma/cle-usb-64gb-usb-pour-stockage-usb-3.2-datatraveler-exodia-kingston-mpg932956.html;Clé USB - 64GB - USB Pour Stockage - USB 3.2 - DataTraveler EXODIA;Kingston;Informatique;Clés USB;85.00;MAD;Marque : KingstonModèle : DataTraveler EXODIA Capacité : 64 GBCoueur NoirTechnologie USB 3.2;https://ma.jumia.is/unsafe/fit-in/680x680/filters:fill(white)/product/15/523935/1.jpg?7285|https://ma.jumia.is/unsafe/fit-in/680x680/filters:fill(white)/product/15/523935/2.jpg?7285;2;ok
88;wildberries;88_wildberries;https://www.wildberries.ru/catalog/558160773/detail.aspx;Флеш-накопитель 64 ГБ DataTraveler Exodia, USB 3.2 Gen 1 (DTX/64GB);Kingston;Informatique;Clés USB;584;RUB;;https://basket-29.wbbasket.ru/vol5581/part558160/558160773/images/big/1.webp|https://basket-29.wbbasket.ru/vol5581/part558160/558160773/images/big/2.webp|https://basket-29.wbbasket.ru/vol5581/part558160/558160773/images/big/3.webp|https://basket-29.wbbasket.ru/vol5581/part558160/558160773/images/big/4.webp;4;ok
88;trendyol;88_trendyol;https://www.trendyol.com/kingston/kingston-64gb-datatraveler-exodia-usb-3-2-gen-1-flash-bellek-dtx-64gb-p-94089943;Kingston Kingston 64gb Datatraveler Exodia Usb 3.2 Gen 1 Flash Memory Dtx/64gb;Kingston;Informatique;Clés USB;87.3;AED;;https://cdn.dsmcdn.com/ty258/product/media/images/20211129/19/1420817/325488598/1/1_org_zoom.jpg;1;ok
88;daraz;88_daraz;https://www.daraz.pk/products/100-original-kingston-datatraveler-exodia-64gb-usb-32-flash-drive-dtx-high-speed-usb-storage-kingston-64gb-usb-kingston-pendrive-original-64gb-usb-storage-i1957582289-s14017765561.html?c=&channelLpJumpArgs=&clickTrackInfo=query%253AKingston%252BDataTraveler%252BExodia%252B64GB%253Bnid%253A1957582289%253Bsrc%253ALazadaMainSrp%253Brn%253A938c3b04cea75e329e58688a20df060a%253Bregion%253Apk%253Bsku%253A1957582289_PK%253Bprice%253A2288%253Bclient%253Adesktop%253Bsupplier_id%253A6005647408871%253Bsession_id%253A%253Bbiz_source%253Ah5_external%253Bslot%253A2%253Butlog_bucket_id%253A470687%253Basc_category_id%253A10490%253Bitem_id%253A1957582289%253Bsku_id%253A14017765561%253Bshop_id%253A2640749%253BtemplateInfo%253A&freeshipping=0&fs_ab=1&fuse_fs=&lang=en&location=Sindh&price=2288&priceCompare=skuId%3A14017765561%3Bsource%3Alazada-search-voucher%3Bsn%3A938c3b04cea75e329e58688a20df060a%3BoriginPrice%3A228800%3BdisplayPrice%3A228800%3BisGray%3Afalse%3BsinglePromotionId%3A50000070451006%3BsingleToolCode%3AshopPromPrice_newProdPrice%3BvoucherPricePlugin%3A0%3Btimestamp%3A1783885529715&ratingscore=&request_id=938c3b04cea75e329e58688a20df060a&review=&sale=0&search=1&source=search&spm=a2a0e.searchlist.list.2&stock=1;100% Original Kingston DataTraveler Exodia 64GB USB 3.2 Flash Drive (DTX) | High Speed USB Storage | kingston 64gb USB | Kingston Pendrive Original | 64gb Usb Storage;No Brand;Informatique;Clés USB;2288;PKR;;https://static-01.daraz.pk/p/529f2602bb7feb66156f015f8625e26c.jpg|https://static-01.daraz.pk/p/7c699a435f0a43e3ce643108ef6ea181.jpg|https://static-01.daraz.pk/p/9012723a6d1b41e1a24dd9eae08cb620.jpg|https://static-01.daraz.pk/p/be9a74f17ccb84fd7713cb1599ad86ad.jpg|https://static-01.daraz.pk/p/de488370d7f26ca0078baeac73c8eafc.jpg|https://static-01.daraz.pk/p/72440d1d1c0c53cae38e30983546fe93.jpg|https://static-01.daraz.pk/p/6c02cba9cf6c0a7c7da294fc79ccf9ca.jpg|https://static-01.daraz.pk/p/091e952edb963fe7ff7903c28581bbbd.jpg|https://static-01.daraz.pk/p/ed9739860f8f2eb84b7566977f192ebc.jpg;9;ok
89;jumia;89_jumia;https://www.jumia.ma/power-a-twin-charging-ps5-station-for-dualsense-wireless-controllers-65287875.html;Twin Charging PS5 Station for Dualsense Wireless Controllers;Power A;Gaming & Jeux vidéo;Manettes de jeux;449.00;MAD;.Plateforme PS5.Type de produit Station de Rechargement pour DualSense PS5 Blanche/White - Chargeur de Manette - PlayStation officie... plus.Modèle CFI-ZDS1.Date de sortie marché 12 Novembre 2020;https://ma.jumia.is/unsafe/fit-in/680x680/filters:fill(white)/product/57/878256/1.jpg?0745|https://ma.jumia.is/unsafe/fit-in/680x680/filters:fill(white)/product/57/878256/2.jpg?0745;2;ok
89;wildberries;89_wildberries;https://www.wildberries.ru/catalog/833734567/detail.aspx;Джойстик Sony DualSense Ps5 Pink;Playstation;Gaming & Jeux vidéo;Manettes de jeux;7432;RUB;;https://basket-38.wbbasket.ru/vol8337/part833734/833734567/images/big/1.webp|https://basket-38.wbbasket.ru/vol8337/part833734/833734567/images/big/2.webp|https://basket-38.wbbasket.ru/vol8337/part833734/833734567/images/big/3.webp;3;ok
89;trendyol;89_trendyol;https://www.trendyol.com/mmctech/ps5-uyumlu-kol-dualsense-controller-p-1096849090;;;Gaming & Jeux vidéo;Manettes de jeux;222.05;AED;;https://cdn.dsmcdn.com/mnresize/300/-/sfint/production/flags/ae.png|https://cdn.dsmcdn.com/sfweb-checkout/images/basket-icon_1751630173674.png|https://cdn.dsmcdn.com/mobile/international/PaymentLogo/Mastercard3x.png|https://cdn.dsmcdn.com/mobile/international/PaymentLogo/Visa3x.png|https://cdn.dsmcdn.com/mobile/international/PaymentLogo/Applepay3x.png|https://cdn.dsmcdn.com/mobile/international/PaymentLogo/tamara_logo_en.png|https://cdn.dsmcdn.com/mobile/international/PaymentLogo/Tabby_Basket_new.png|https://cdn.dsmcdn.com/mobile/international/PaymentLogo/cod-v4.png|https://cdn.dsmcdn.com/mobile/international/PaymentLogo/gpay3x.png|https://cdn.dsmcdn.com/sfweb-browsing/images/footer-pci-dss.png|https://cdn.dsmcdn.com/sfweb-browsing/images/footer-iso.png;11;ok
89;daraz;89_daraz;https://www.daraz.pk/products/5-ps5-i650858103-s3036097970.html?c=&channelLpJumpArgs=&clickTrackInfo=query%253ADualSense%252BWireless%252BController%253Bnid%253A650858103%253Bsrc%253ALazadaMainSrp%253Brn%253A6b707fe682c83ea185fce88e08e83a56%253Bregion%253Apk%253Bsku%253A650858103_PK%253Bprice%253A14500%253Bclient%253Adesktop%253Bsupplier_id%253A6005099216064%253Bsession_id%253A%253Bbiz_source%253Ah5_external%253Bslot%253A1%253Butlog_bucket_id%253A470687%253Basc_category_id%253A10002918%253Bitem_id%253A650858103%253Bsku_id%253A3036097970%253Bshop_id%253A1438010%253BtemplateInfo%253A&freeshipping=0&fs_ab=1&fuse_fs=&lang=en&location=Sindh&price=1.45E%204&priceCompare=skuId%3A3036097970%3Bsource%3Alazada-search-voucher%3Bsn%3A6b707fe682c83ea185fce88e08e83a56%3BoriginPrice%3A1450000%3BdisplayPrice%3A1450000%3BisGray%3Afalse%3BsinglePromotionId%3A-1%3BsingleToolCode%3AmockedSalePrice%3BvoucherPricePlugin%3A0%3Btimestamp%3A1783887724911&ratingscore=4.375&request_id=6b707fe682c83ea185fce88e08e83a56&review=8&sale=25&search=1&source=search&spm=a2a0e.searchlist.list.1&stock=1;PlayStation 5 DualSense Wireless Controller For Ps5 White (china variant);No Brand;Gaming & Jeux vidéo;Manettes de jeux;14500;PKR;;https://static-01.daraz.pk/p/e240d65163246613b47587f7c6ff9451.jpg|https://static-01.daraz.pk/p/0c1e14be03c060e877705033322d5075.jpg|https://static-01.daraz.pk/p/15ecb5b9099c87ce702915be9bd9b63e.jpg|https://static-01.daraz.pk/p/4ba60ece8805d693b0a614aa2a15db0d.jpg|https://static-01.daraz.pk/p/8264c302d63aa0fcd2712f0f7cdc66fd.jpg|https://static-01.daraz.pk/p/4341abdb54455b6e52908a5dde55d199.jpg|https://static-01.daraz.pk/p/0c1e14be03c060e877705033322d5075.jpg|https://static-01.daraz.pk/p/15ecb5b9099c87ce702915be9bd9b63e.jpg|https://static-01.daraz.pk/p/4ba60ece8805d693b0a614aa2a15db0d.jpg|https://static-01.daraz.pk/p/8264c302d63aa0fcd2712f0f7cdc66fd.jpg|https://static-01.daraz.pk/p/4341abdb54455b6e52908a5dde55d199.jpg;11;ok
90;jumia;90_jumia;https://www.jumia.ma/sony-manette-sans-fil-ps5-dualsense-edge-noir-67125903.html;Manette sans fil  PS5 DualSense Edge Noir;Sony;Gaming & Jeux vidéo;Manettes de jeux;2806.00;MAD;Plateforme Playstation 5Type d'accessoire gaming ManetteColoris NoirCommunications sans fil Bluetooth;https://ma.jumia.is/unsafe/fit-in/680x680/filters:fill(white)/product/30/952176/1.jpg?6423|https://ma.jumia.is/unsafe/fit-in/680x680/filters:fill(white)/product/30/952176/2.jpg?6423;2;ok
90;wildberries;90_wildberries;https://www.wildberries.ru/catalog/601065755/detail.aspx;Геймпад беспроводной DualSense Edge, чёрный;Playstation;Gaming & Jeux vidéo;Manettes de jeux;16421;RUB;;https://basket-30.wbbasket.ru/vol6010/part601065/601065755/images/big/1.webp|https://basket-30.wbbasket.ru/vol6010/part601065/601065755/images/big/2.webp|https://basket-30.wbbasket.ru/vol6010/part601065/601065755/images/big/3.webp|https://basket-30.wbbasket.ru/vol6010/part601065/601065755/images/big/4.webp|https://basket-30.wbbasket.ru/vol6010/part601065/601065755/images/big/5.webp|https://basket-30.wbbasket.ru/vol6010/part601065/601065755/images/big/6.webp|https://basket-30.wbbasket.ru/vol6010/part601065/601065755/images/big/7.webp|https://basket-30.wbbasket.ru/vol6010/part601065/601065755/images/big/8.webp|https://basket-30.wbbasket.ru/vol6010/part601065/601065755/images/big/9.webp|https://basket-30.wbbasket.ru/vol6010/part601065/601065755/images/big/10.webp;10;ok
90;trendyol;90_trendyol;https://www.trendyol.com/sony/playstation-5-edge-controller-black-edition-ithalatci-garantili-p-928944230;;;Gaming & Jeux vidéo;Manettes de jeux;857.58;AED;;https://cdn.dsmcdn.com/mnresize/300/-/sfint/production/flags/ae.png|https://cdn.dsmcdn.com/sfweb-checkout/images/basket-icon_1751630173674.png|https://cdn.dsmcdn.com/mobile/international/PaymentLogo/Mastercard3x.png|https://cdn.dsmcdn.com/mobile/international/PaymentLogo/Visa3x.png|https://cdn.dsmcdn.com/mobile/international/PaymentLogo/Applepay3x.png|https://cdn.dsmcdn.com/mobile/international/PaymentLogo/tamara_logo_en.png|https://cdn.dsmcdn.com/mobile/international/PaymentLogo/Tabby_Basket_new.png|https://cdn.dsmcdn.com/mobile/international/PaymentLogo/cod-v4.png|https://cdn.dsmcdn.com/mobile/international/PaymentLogo/gpay3x.png|https://cdn.dsmcdn.com/sfweb-browsing/images/footer-pci-dss.png|https://cdn.dsmcdn.com/sfweb-browsing/images/footer-iso.png;11;ok
90;daraz;90_daraz;https://www.daraz.pk/products/ps5-5-5-i391756835-s1915249706.html?c=&channelLpJumpArgs=&clickTrackInfo=query%253ADualSense%252BEdge%253Bnid%253A391756835%253Bsrc%253ALazadaMainSrp%253Brn%253Aeef6a86d164878ecf27ecf7f5cb4fa86%253Bregion%253Apk%253Bsku%253A391756835_PK%253Bprice%253A65000%253Bclient%253Adesktop%253Bsupplier_id%253A6005014845124%253Bsession_id%253A%253Bbiz_source%253Ah5_external%253Bslot%253A2%253Butlog_bucket_id%253A470687%253Basc_category_id%253A10002918%253Bitem_id%253A391756835%253Bsku_id%253A1915249706%253Bshop_id%253A725794%253BtemplateInfo%253A&freeshipping=0&fs_ab=1&fuse_fs=&lang=en&location=Punjab&price=6.5E%204&priceCompare=skuId%3A1915249706%3Bsource%3Alazada-search-voucher%3Bsn%3Aeef6a86d164878ecf27ecf7f5cb4fa86%3BoriginPrice%3A6500000%3BdisplayPrice%3A6500000%3BisGray%3Afalse%3BsinglePromotionId%3A-1%3BsingleToolCode%3A-1%3BvoucherPricePlugin%3A0%3Btimestamp%3A1783887941018&ratingscore=5.0&request_id=eef6a86d164878ecf27ecf7f5cb4fa86&review=2&sale=3&search=1&source=search&spm=a2a0e.searchlist.list.2&stock=1;PS5 Edge Controller PlayStation 5 DualSense 5 Edge Controller PS5 Controller;No Brand;Gaming & Jeux vidéo;Manettes de jeux;65000;PKR;;https://static-01.daraz.pk/p/a11d96e53277352bd0035afbbffae118.jpg|https://static-01.daraz.pk/p/e328741c329f10cb8dc0075ee0847549.jpg|https://static-01.daraz.pk/p/d4fd81a0a16ff4c2bc96b836bc1e1773.jpg|https://static-01.daraz.pk/p/ed06a4a07b7215053be691927a5d2a91.png;4;ok
91;jumia;91_jumia;https://www.jumia.ma/sony-manette-sans-fil-dualshock-4-v2-blanc-officielle-65084281.html;Manette sans fil DualShock 4 V2 Blanc officielle;Sony;Gaming & Jeux vidéo;Manettes de jeux;999.00;MAD;Manette sans fil pour PS4Pavé tactile : 2 points, mécanisme par clic, type capacitifTouches : Touche PS, touche SHARE, touche OPTIONS, touche directionnelles (haut/bas/droite/gauche), touche d’action (Triangle, Cercle, Croix, Carré), joystick droit, joystick gauche, touche paver tactile.Ports : USB (Micro B), port d’extension, sortie casque stéréo;https://ma.jumia.is/unsafe/fit-in/680x680/filters:fill(white)/product/18/248056/1.jpg?6566;1;ok
91;wildberries;91_wildberries;https://www.wildberries.ru/catalog/224851822/detail.aspx;геймпад для игровой приставки пс4 Dualshock 4;Dualshock 4 v2;Gaming & Jeux vidéo;Manettes de jeux;1023;RUB;;https://basket-15.wbbasket.ru/vol2248/part224851/224851822/images/big/1.webp|https://basket-15.wbbasket.ru/vol2248/part224851/224851822/images/big/2.webp|https://basket-15.wbbasket.ru/vol2248/part224851/224851822/images/big/3.webp|https://basket-15.wbbasket.ru/vol2248/part224851/224851822/images/big/4.webp|https://basket-15.wbbasket.ru/vol2248/part224851/224851822/images/big/5.webp;5;ok
91;trendyol;91_trendyol;https://www.trendyol.com/mi7a/doubleshock-4-kablosuz-titresimli-oyun-kolu-ps4-p-849136357;;;Gaming & Jeux vidéo;Manettes de jeux;151.83;AED;;https://cdn.dsmcdn.com/mnresize/300/-/sfint/production/flags/ae.png|https://cdn.dsmcdn.com/sfweb-checkout/images/basket-icon_1751630173674.png|https://cdn.dsmcdn.com/mobile/international/PaymentLogo/Mastercard3x.png|https://cdn.dsmcdn.com/mobile/international/PaymentLogo/Visa3x.png|https://cdn.dsmcdn.com/mobile/international/PaymentLogo/Applepay3x.png|https://cdn.dsmcdn.com/mobile/international/PaymentLogo/tamara_logo_en.png|https://cdn.dsmcdn.com/mobile/international/PaymentLogo/Tabby_Basket_new.png|https://cdn.dsmcdn.com/mobile/international/PaymentLogo/cod-v4.png|https://cdn.dsmcdn.com/mobile/international/PaymentLogo/gpay3x.png|https://cdn.dsmcdn.com/sfweb-browsing/images/footer-pci-dss.png|https://cdn.dsmcdn.com/sfweb-browsing/images/footer-iso.png;11;ok
91;daraz;91_daraz;https://www.daraz.pk/products/ps4-4-4-i469190248-s3435545188.html?c=&channelLpJumpArgs=&clickTrackInfo=query%253ADualShock%252B4%252BV2%253Bnid%253A469190248%253Bsrc%253ALazadaMainSrp%253Brn%253Ae73d4ec63cb5aee7671de41d94732529%253Bregion%253Apk%253Bsku%253A469190248_PK%253Bprice%253A2740%253Bclient%253Adesktop%253Bsupplier_id%253A6005099216064%253Bsession_id%253A%253Bbiz_source%253Ah5_external%253Bslot%253A0%253Butlog_bucket_id%253A470687%253Basc_category_id%253A10002918%253Bitem_id%253A469190248%253Bsku_id%253A3435545188%253Bshop_id%253A1438010%253BtemplateInfo%253A&freeshipping=0&fs_ab=1&fuse_fs=&lang=en&location=Sindh&price=2.74E%203&priceCompare=skuId%3A3435545188%3Bsource%3Alazada-search-voucher%3Bsn%3Ae73d4ec63cb5aee7671de41d94732529%3BoriginPrice%3A274000%3BdisplayPrice%3A274000%3BisGray%3Afalse%3BsinglePromotionId%3A50000073336006%3BsingleToolCode%3ApromPrice%3BvoucherPricePlugin%3A0%3Btimestamp%3A1783888081024&ratingscore=4.680731364275668&request_id=e73d4ec63cb5aee7671de41d94732529&review=711&sale=4224&search=1&source=search&spm=a2a0e.searchlist.list.0&stock=1;PS4 Wireless Controller for Playstation 4 DUALSHOCK 4 Wireless Playstation Controller;No Brand;Gaming & Jeux vidéo;Manettes de jeux;3500;PKR;;https://static-01.daraz.pk/p/3606be9bb71ed5920172c0b6195e933c.jpg|https://static-01.daraz.pk/p/ee0bb2e96356dedff6338329603b4dc2.jpg|https://static-01.daraz.pk/p/a22e96e293a7cd926dba34f8beb7e99f.jpg|https://static-01.daraz.pk/p/f4d5b899144c2edcfd45858143a50635.jpg|https://static-01.daraz.pk/p/e912b12577c699568f672e790f1dd2d2.jpg|https://static-01.daraz.pk/p/187b8dbdcabd979e60985299eae0d6f0.jpg;6;ok
92;jumia;92_jumia;https://www.jumia.ma/8bitdo-manette-ultimate-2c-wireless-68019898.html;manette Ultimate 2C Wireless ;8Bitdo;Gaming & Jeux vidéo;Manettes de jeux;494.00;MAD;Compatible Windows 10/11 et Android 9.0+Connexion sans fil 2.4 GHz, Bluetooth et USB-C filaireBoutons supplémentaires L4 et R4 entièrement programmablesFonction Turbo intégréeVibration immersiveJoysticks Hall Effect anti-drift pour une précision durableGâchettes Hall Effect pour un contrôle plus précisTaux de rafraîchissement jusqu'à 1000 Hz en mode 2.4 GHz et filaireD-pad et gâchettes optimisés pour une meilleure réactivitéPersonnalisation des boutons sans logiciel et compatibilité avec le logiciel 8BitDo Ultimate Software pour réglages avancés;https://ma.jumia.is/unsafe/fit-in/680x680/filters:fill(white)/product/89/891086/1.jpg?8589|https://ma.jumia.is/unsafe/fit-in/680x680/filters:fill(white)/product/89/891086/2.jpg?8589|https://ma.jumia.is/unsafe/fit-in/680x680/filters:fill(white)/product/89/891086/3.jpg?8589;3;ok
92;wildberries;92_wildberries;https://www.wildberries.ru/catalog/1068741417/detail.aspx;Беспроводной геймпад 8BitDo Ultimate 2C;;Gaming & Jeux vidéo;Manettes de jeux;2481;RUB;;https://basket-42.wbbasket.ru/vol10687/part1068741/1068741417/images/big/1.webp|https://basket-42.wbbasket.ru/vol10687/part1068741/1068741417/images/big/2.webp|https://basket-42.wbbasket.ru/vol10687/part1068741/1068741417/images/big/3.webp|https://basket-42.wbbasket.ru/vol10687/part1068741/1068741417/images/big/4.webp|https://basket-42.wbbasket.ru/vol10687/part1068741/1068741417/images/big/5.webp|https://basket-42.wbbasket.ru/vol10687/part1068741/1068741417/images/big/6.webp|https://basket-42.wbbasket.ru/vol10687/part1068741/1068741417/images/big/7.webp;7;ok
92;trendyol;92_trendyol;https://www.trendyol.com/8bitdo/ultimate-2c-kablosuz-2-4g-oyun-kolu-pc-android-hall-effect-joystick-blueberry-mavi-p-1143385158;;;Gaming & Jeux vidéo;Manettes de jeux;105.65;AED;;https://cdn.dsmcdn.com/mnresize/300/-/sfint/production/flags/ae.png|https://cdn.dsmcdn.com/sfweb-checkout/images/basket-icon_1751630173674.png|https://cdn.dsmcdn.com/mobile/international/PaymentLogo/Mastercard3x.png|https://cdn.dsmcdn.com/mobile/international/PaymentLogo/Visa3x.png|https://cdn.dsmcdn.com/mobile/international/PaymentLogo/Applepay3x.png|https://cdn.dsmcdn.com/mobile/international/PaymentLogo/tamara_logo_en.png|https://cdn.dsmcdn.com/mobile/international/PaymentLogo/Tabby_Basket_new.png|https://cdn.dsmcdn.com/mobile/international/PaymentLogo/cod-v4.png|https://cdn.dsmcdn.com/mobile/international/PaymentLogo/gpay3x.png|https://cdn.dsmcdn.com/sfweb-browsing/images/footer-pci-dss.png|https://cdn.dsmcdn.com/sfweb-browsing/images/footer-iso.png;11;ok
92;daraz;92_daraz;https://www.daraz.pk/products/8bitdo-ultimate-2-i1961003188-s14029138612.html?c=&channelLpJumpArgs=&clickTrackInfo=query%253A8bitdo%252Bultimate%252B2c%253Bnid%253A1961003188%253Bsrc%253ALazadaMainSrp%253Brn%253Ac79415a578b3254bd4a29dcfa373c226%253Bregion%253Apk%253Bsku%253A1961003188_PK%253Bprice%253A2437%253Bclient%253Adesktop%253Bsupplier_id%253A6005623312597%253Bsession_id%253A%253Bbiz_source%253Ah5_external%253Bslot%253A3%253Butlog_bucket_id%253A470687%253Basc_category_id%253A225%253Bitem_id%253A1961003188%253Bsku_id%253A14029138612%253Bshop_id%253A2588891%253BtemplateInfo%253A&configId=choice_PK_promotion&freeshipping=0&fs_ab=1&fuse_fs=&lang=en&location=Overseas&price=2437&priceCompare=skuId%3A14029138612%3Bsource%3Alazada-search-voucher%3Bsn%3Ac79415a578b3254bd4a29dcfa373c226%3BoriginPrice%3A243700%3BdisplayPrice%3A243700%3BisGray%3Afalse%3BsinglePromotionId%3A-1%3BsingleToolCode%3AmockedSalePrice%3BvoucherPricePlugin%3A0%3Btimestamp%3A1783888485575&qSellingPoint=p--ultimate%202c___b--8bitdo&ratingscore=&request_id=c79415a578b3254bd4a29dcfa373c226&review=&sale=61&search=1&source=search&spm=a211g0.searchlist.list.3&stock=1&upItemIds=1961003188;Silicone Gaming Controller Case Shockproof Anti-Scratch Console Protective Cover for 8BitDo Ultimate 2 Wireless Controller;No Brand;Gaming & Jeux vidéo;Manettes de jeux;2437;PKR;Silicone Gaming Controller Case Shockproof Anti-Scratch Console Protective Cover for 8BitDo Ultimate 2 Wireless Controller Suitable for 8Bitdo for 8Bitdo Ultimate 2 Orion 2nd generation game controller protective cover solid color silicone shell Specification: Product size: 15*10.5*4.2cm Product net weight: 37.5g Product material: Silicone Waterproof and sweatproof, no fear of dirt Can be washed directly with clean water, brand new Anti-collision and anti-fall 360-degree all-round protection Product list:one size(black/purple/pink) hello, guys, thank you for visiting my store.You can contact with us to get more detail of the goods .Welcome to visit.Hope you have a nice day! Specifications of Brand No Brand SKU 1961003188_PK-14029138612 Platform Type None What’s in the box 8BitDo Ultimate 2 وائرلیس کنٹرولر شاک پروف اینٹی سکریچ پروٹیکٹو کنسول کور کے لیے سلیکون گیمنگ کنٹرولر کیس;https://pk-live-21.slatic.net/kf/Sd27f0a3cabc1413f9b90072b3f1df7efx.jpg|https://pk-live-21.slatic.net/kf/Sbe175db1ac5b4f19ac356d5e836e201bW.jpg|https://pk-live-21.slatic.net/kf/S6e15dcbe25634d4792a4b7f4822b467eW.jpg|https://pk-live-21.slatic.net/kf/S05d60edc3bbc483ea78cd2c1a7d9e94cv.jpg|https://pk-live-21.slatic.net/kf/S1f4311e3b58f41129b1ab21d0a4c1c6aN.jpg|https://pk-live-21.slatic.net/kf/Sb24f230eb24d4b0595fdce9def413416U.jpg|https://pk-live-21.slatic.net/kf/S6cd618f6f1394a44be493cc665e4c5ecl.jpg;7;ok
93;jumia;93_jumia;https://www.jumia.ma/logitech-f310-manette-de-jeu-filaire-configuration-type-console-croix-directionnelle-4-switchs-prise-en-main-confortable-cable-18m-pc-bleugris-65296833.html;F310 Manette de Jeu Filaire, Configuration Type Console, Croix Directionnelle 4 Switchs, Prise en Main Confortable, Câble 1,8m, PC - Bleu/Gris;Logitech;Gaming & Jeux vidéo;Manettes de jeux;199.00;MAD;"Syst&egrave;mes d&#39;exploitation compatibles : Windows&reg; XP, Windows Vista&reg; ou Windows&reg; 7 Port USB Lecteur de CD-ROM
	USB requise : Oui
	Lecteur CD-ROM : Oui
	Interface de l&#39;appareil : USB2.0
	Technologie de connectivit&eacute; : Avec fil
	Technologie de contr&ocirc;le des jeux : Analogique/Num&eacute;rique";https://ma.jumia.is/unsafe/fit-in/680x680/filters:fill(white)/product/33/869256/1.jpg?8344|https://ma.jumia.is/unsafe/fit-in/680x680/filters:fill(white)/product/33/869256/2.jpg?8349|https://ma.jumia.is/unsafe/fit-in/680x680/filters:fill(white)/product/33/869256/3.jpg?8354|https://ma.jumia.is/unsafe/fit-in/680x680/filters:fill(white)/product/33/869256/4.jpg?8360|https://ma.jumia.is/unsafe/fit-in/680x680/filters:fill(white)/product/33/869256/5.jpg?8367|https://ma.jumia.is/unsafe/fit-in/680x680/filters:fill(white)/product/33/869256/6.jpg?8373|https://ma.jumia.is/unsafe/fit-in/680x680/filters:fill(white)/product/33/869256/7.jpg?8379;7;ok
93;wildberries;93_wildberries;https://www.wildberries.ru/catalog/76296479/detail.aspx;Проводной контроллер джойстик для ПК LOGITECH GamePad F310 Лоджитек игровой джойстик компьютера;LOGITECH;Gaming & Jeux vidéo;Manettes de jeux;4374;RUB;;https://basket-05.wbbasket.ru/vol762/part76296/76296479/images/big/1.webp|https://basket-05.wbbasket.ru/vol762/part76296/76296479/images/big/2.webp|https://basket-05.wbbasket.ru/vol762/part76296/76296479/images/big/3.webp|https://basket-05.wbbasket.ru/vol762/part76296/76296479/images/big/4.webp|https://basket-05.wbbasket.ru/vol762/part76296/76296479/images/big/5.webp|https://basket-05.wbbasket.ru/vol762/part76296/76296479/images/big/6.webp;6;ok
93;trendyol;93_trendyol;https://www.trendyol.com/logitech/f310-kablolu-gamepad-ozel-4-dugmeli-hassas-d-pad-1-8-m-kablo-uzunlugu-lacivert-p-291732654;;;Gaming & Jeux vidéo;Manettes de jeux;127.83;AED;;https://cdn.dsmcdn.com/mnresize/300/-/sfint/production/flags/ae.png|https://cdn.dsmcdn.com/sfweb-checkout/images/basket-icon_1751630173674.png|https://cdn.dsmcdn.com/mobile/international/PaymentLogo/Mastercard3x.png|https://cdn.dsmcdn.com/mobile/international/PaymentLogo/Visa3x.png|https://cdn.dsmcdn.com/mobile/international/PaymentLogo/Applepay3x.png|https://cdn.dsmcdn.com/mobile/international/PaymentLogo/tamara_logo_en.png|https://cdn.dsmcdn.com/mobile/international/PaymentLogo/Tabby_Basket_new.png|https://cdn.dsmcdn.com/mobile/international/PaymentLogo/cod-v4.png|https://cdn.dsmcdn.com/mobile/international/PaymentLogo/gpay3x.png|https://cdn.dsmcdn.com/sfweb-browsing/images/footer-pci-dss.png|https://cdn.dsmcdn.com/sfweb-browsing/images/footer-iso.png;11;ok
93;daraz;93_daraz;https://www.daraz.pk/products/f310-4-d-i402386851-s1942247465.html?c=&channelLpJumpArgs=&clickTrackInfo=query%253ALogitech%252BF310%253Bnid%253A402386851%253Bsrc%253ALazadaMainSrp%253Brn%253Ab73e79c26d090529f40f754ea92004b0%253Bregion%253Apk%253Bsku%253A402386851_PK%253Bprice%253A9700%253Bclient%253Adesktop%253Bsupplier_id%253A6005025282749%253Bsession_id%253A%253Bbiz_source%253Ah5_external%253Bslot%253A0%253Butlog_bucket_id%253A470687%253Basc_category_id%253A10002918%253Bitem_id%253A402386851%253Bsku_id%253A1942247465%253Bshop_id%253A881565%253BtemplateInfo%253A&freeshipping=0&fs_ab=1&fuse_fs=&lang=en&location=Punjab&price=9.7E%203&priceCompare=skuId%3A1942247465%3Bsource%3Alazada-search-voucher%3Bsn%3Ab73e79c26d090529f40f754ea92004b0%3BoriginPrice%3A970000%3BdisplayPrice%3A970000%3BisGray%3Afalse%3BsinglePromotionId%3A-1%3BsingleToolCode%3A-1%3BvoucherPricePlugin%3A0%3Btimestamp%3A1783888682633&ratingscore=5.0&request_id=b73e79c26d090529f40f754ea92004b0&review=2&sale=4&search=1&source=search&spm=a2a0e.searchlist.list.0&stock=1;Logitech Console Style Wired Gamepad F310 with 4 Switch D-Pad;No Brand;Gaming & Jeux vidéo;Manettes de jeux;9700;PKR;;https://static-01.daraz.pk/p/89d8ecefb0f0c853e246e22de6598713.jpg|https://static-01.daraz.pk/p/bc10b827d6bd3b946f82350670a27595.jpg|https://static-01.daraz.pk/p/1159a9d3f163563cee25df95e11ad2d8.jpg|https://static-01.daraz.pk/p/dbc65be5759f8ca665fc7e3c2d7b3598.jpg|https://static-01.daraz.pk/p/528e74384a2e871ba0d3326b71162e02.png|https://static-01.daraz.pk/p/a06749c108418c6f3b7d131c5fc8c2e7.png|https://static-01.daraz.pk/p/734b08488cdadfd5037bf13fe4fe5994.jpg|https://static-01.daraz.pk/p/6bd59d1b6edc45bced12445907f7a008.jpg|https://static-01.daraz.pk/p/f136b30527306b544ca10bdb2cec0320.jpg|https://static-01.daraz.pk/p/102ab9340239a584c5ec6c4eab36229f.jpg|https://static-01.daraz.pk/p/a06749c108418c6f3b7d131c5fc8c2e7.png|https://static-01.daraz.pk/p/528e74384a2e871ba0d3326b71162e02.png|https://static-01.daraz.pk/p/dbc65be5759f8ca665fc7e3c2d7b3598.jpg;13;ok
94;jumia;94_jumia;https://www.jumia.ma/logitech-manette-f710-wireless-gamepad-67227776.html;Manette F710 Wireless Gamepad;Logitech;Gaming & Jeux vidéo;Manettes de jeux;465.00;MAD;2,4 GHz sans filNano-récepteur ultra-discretLarge prise en charge de jeuxLogiciel ProfilerMoteurs doubles à retour de vibrationsDisposition traditionnelle des boutons;https://ma.jumia.is/unsafe/fit-in/680x680/filters:fill(white)/product/67/772276/1.jpg?3124|https://ma.jumia.is/unsafe/fit-in/680x680/filters:fill(white)/product/67/772276/2.jpg?3124;2;ok
94;wildberries;94_wildberries;https://www.wildberries.ru/catalog/1252501951/detail.aspx;Геймпад беспроводной F710, черный,серебристый (940-000172);LOGITECH;Gaming & Jeux vidéo;Manettes de jeux;3625;RUB;;https://basket-44.wbbasket.ru/vol12525/part1252501/1252501951/images/big/1.webp|https://basket-44.wbbasket.ru/vol12525/part1252501/1252501951/images/big/2.webp|https://basket-44.wbbasket.ru/vol12525/part1252501/1252501951/images/big/3.webp|https://basket-44.wbbasket.ru/vol12525/part1252501/1252501951/images/big/4.webp|https://basket-44.wbbasket.ru/vol12525/part1252501/1252501951/images/big/5.webp|https://basket-44.wbbasket.ru/vol12525/part1252501/1252501951/images/big/6.webp;6;ok
94;trendyol;94_trendyol;https://www.trendyol.com/logitech/f310-gamepad-usb-p-2378674;logitech F310 Gamepad Wired Joystick Game Handle;logitech;Gaming & Jeux vidéo;Manettes de jeux;80.1;AED;;https://cdn.dsmcdn.com/ty1756/prod/QC_ENRICHMENT/20250917/03/97ca3c68-531d-3ad7-8ffd-d025974c2e26/1_org_zoom.jpg|https://cdn.dsmcdn.com/ty1756/prod/QC_ENRICHMENT/20250917/03/77d3e62a-8f48-3ea7-b3a9-d287e37595a6/1_org_zoom.jpg|https://cdn.dsmcdn.com/ty1755/prod/QC_ENRICHMENT/20250917/03/d0512c92-c253-3018-9ef3-2502aebe3090/1_org_zoom.jpg|https://cdn.dsmcdn.com/ty1757/prod/QC_ENRICHMENT/20250917/03/567411cb-d91d-363a-881b-0a55a9697e72/1_org_zoom.jpg|https://cdn.dsmcdn.com/ty1757/prod/QC_ENRICHMENT/20250917/03/abe62fa4-2ee7-3341-865c-f397021c8aa8/1_org_zoom.jpg;5;ok
94;daraz;94_daraz;https://www.daraz.pk/products/logitech-f710-wireless-gamepad-i356762540-s1795203549.html?c=&channelLpJumpArgs=&clickTrackInfo=query%253ALogitech%252BF710%253Bnid%253A356762540%253Bsrc%253ALazadaMainSrp%253Brn%253Adc3aa8a73669a4c567fd1209a4f61c5e%253Bregion%253Apk%253Bsku%253A356762540_PK%253Bprice%253A12499%253Bclient%253Adesktop%253Bsupplier_id%253A6005021379658%253Bsession_id%253A%253Bbiz_source%253Ah5_external%253Bslot%253A0%253Butlog_bucket_id%253A470687%253Basc_category_id%253A6006%253Bitem_id%253A356762540%253Bsku_id%253A1795203549%253Bshop_id%253A830919%253BtemplateInfo%253A&freeshipping=1&fs_ab=1&fuse_fs=&lang=en&location=Punjab&price=12499&priceCompare=skuId%3A1795203549%3Bsource%3Alazada-search-voucher%3Bsn%3Adc3aa8a73669a4c567fd1209a4f61c5e%3BoriginPrice%3A1249900%3BdisplayPrice%3A1249900%3BisGray%3Afalse%3BsinglePromotionId%3A-1%3BsingleToolCode%3AmockedSalePrice%3BvoucherPricePlugin%3A0%3Btimestamp%3A1783888954224&ratingscore=5.0&request_id=dc3aa8a73669a4c567fd1209a4f61c5e&review=2&sale=9&search=1&source=search&spm=a2a0e.searchlist.list.0&stock=1;Logitech F710 Wireless Gamepad;Logitech;Gaming & Jeux vidéo;Manettes de jeux;12499;PKR;;https://static-01.daraz.pk/p/3e77182dde4eec0112ca1b5414cddf61.jpg|https://static-01.daraz.pk/p/a911a46a57234f542d30035d0a3d77be.jpg|https://static-01.daraz.pk/p/bc73c3f467cc0ae8d2b4fec347400572.jpg|https://static-01.daraz.pk/p/aecf6a8e46afad5fe4833ca65a71b33f.jpg|https://static-01.daraz.pk/p/500dadfbc0844a65f45b6dbcaf0f9e35.jpg;5;ok
95;jumia;95_jumia;https://www.jumia.ma/tp-link-camera-de-surveillance-wifi-micro-ip-1080p-sans-fil-tapo-c200-67584334.html;Caméra de Surveillance WiFi-MICRO IP 1080P sans Fil Tapo C200;TP-Link;Sécurité & Maison connectée;Caméras surveillance Wi-Fi;389.00;MAD;Vidéo haute définition : la Tapo C200 est dotée d'une vidéo haute définition 1080p, offrant aux utilisateurs des images claires et détaillées. Le zoom numérique jusqu'à 9x permet aux utilisateurs de voir des vues plus nettes des zones d'intérêt.Panoramique et inclinaison : l'appareil offre une plage horizontale de 360° et verticale de 114°, permettant une couverture complète de la zone.Vision nocturne : avec une vision nocturne avancée jusqu'à 40 pieds, le Tapo C200C permet aux utilisateurs de surveiller leur maison 24 heures sur 24.Détection de mouvement et alertes : l'appareil utilise une technologie de détection de mouvement intelligente pour envoyer des notifications instantanées à votre téléphone dès qu'un mouvement est détecté.Audio bidirectionnel : la Tapo C200 est équipé d'un microphone et d'un haut-parleur intégrés, permettant aux utilisateurs de communiquer avec leur famille, leurs animaux domestiques ou d'avertir les intrus.Stockage local : l'appareil prend en charge les cartes microSD jusqu'à 512 Go pour le stockage local, offrant un moyen sécurisé et économique de stocker des séquences.Mode de confidentialité : les utilisateurs peuvent activer le mode de confidentialité pour arrêter l'enregistrement et contrôler quand la caméra surveille et quand elle ne le fait pas.Configuration et gestion faciles : avec l'application Tapo, les utilisateurs peuvent facilement configurer et gérer leur Tapo C200C et accéder à la diffusion en direct et à d'autres commandes.Commande vocale : la Tapo C200C est compatible avec Google Assistant et Amazon Alexa, offrant un contrôle mains libres aux utilisateurs.Chiffrement sécurisé : l'appareil utilise un cryptage avancé et des protocoles sans fil pour garantir la confidentialité des données et une communication sécurisée entre votre téléphone et l'appareil.;https://ma.jumia.is/unsafe/fit-in/680x680/filters:fill(white)/product/43/348576/1.jpg?7916|https://ma.jumia.is/unsafe/fit-in/680x680/filters:fill(white)/product/43/348576/2.jpg?7916|https://ma.jumia.is/unsafe/fit-in/680x680/filters:fill(white)/product/43/348576/3.jpg?7916|https://ma.jumia.is/unsafe/fit-in/680x680/filters:fill(white)/product/43/348576/4.jpg?7916|https://ma.jumia.is/unsafe/fit-in/680x680/filters:fill(white)/product/43/348576/5.jpg?7916;5;ok
95;wildberries;95_wildberries;https://www.wildberries.ru/catalog/419030320/detail.aspx;IP-камера для дома TAPO C200 2MP, поворотная, беспроводная;TP-link;Sécurité & Maison connectée;Caméras surveillance Wi-Fi;2392;RUB;;https://basket-24.wbbasket.ru/vol4190/part419030/419030320/images/big/1.webp|https://basket-24.wbbasket.ru/vol4190/part419030/419030320/images/big/2.webp|https://basket-24.wbbasket.ru/vol4190/part419030/419030320/images/big/3.webp|https://basket-24.wbbasket.ru/vol4190/part419030/419030320/images/big/4.webp|https://basket-24.wbbasket.ru/vol4190/part419030/419030320/images/big/5.webp|https://basket-24.wbbasket.ru/vol4190/part419030/419030320/images/big/6.webp|https://basket-24.wbbasket.ru/vol4190/part419030/419030320/images/big/7.webp|https://basket-24.wbbasket.ru/vol4190/part419030/419030320/images/big/8.webp|https://basket-24.wbbasket.ru/vol4190/part419030/419030320/images/big/9.webp|https://basket-24.wbbasket.ru/vol4190/part419030/419030320/images/big/10.webp|https://basket-24.wbbasket.ru/vol4190/part419030/419030320/images/big/11.webp|https://basket-24.wbbasket.ru/vol4190/part419030/419030320/images/big/12.webp|https://basket-24.wbbasket.ru/vol4190/part419030/419030320/images/big/13.webp|https://basket-24.wbbasket.ru/vol4190/part419030/419030320/images/big/14.webp|https://basket-24.wbbasket.ru/vol4190/part419030/419030320/images/big/15.webp|https://basket-24.wbbasket.ru/vol4190/part419030/419030320/images/big/16.webp;16;ok
95;trendyol;95_trendyol;https://www.trendyol.com/tp-link/tapo-tc71-2k-3mp-cift-yonlu-ses-bulut-sd-kart-depolama-akilli-wi-fi-guvenlik-kamerasi-p-938441662;Tp-LinkTC71 2K 3 MP Home Security Camera, White;Tp-Link;Sécurité & Maison connectée;Caméras surveillance Wi-Fi;69.00;AED;;https://cdn.dsmcdn.com/mnresize/300/-/sfint/production/flags/ae.png|https://cdn.dsmcdn.com/mnresize/620/920/ty1909/prod/QC_PREP/20260706/17/23e76eb0-db05-3465-bbaa-d49ef9033e4d/1_org_zoom.jpg|https://cdn.dsmcdn.com/mnresize/620/920/ty1911/prod/QC_PREP/20260706/17/fce554a4-3bb4-3678-b4cc-92a1d4c6d125/1_org_zoom.jpg|https://cdn.dsmcdn.com/mnresize/128/-/indexing-sticker-stamp/mars/f5a86130-7b62-457e-8562-25db0fb7f1be.png|https://cdn.dsmcdn.com/mnresize/620/920/ty1934/prod/QC_PREP/20260706/17/7032b84c-163c-36a0-9303-9e3b26a418ee/1_org_zoom.jpg|https://cdn.dsmcdn.com/mnresize/620/920/ty1895/prod/QC_PREP/20260706/17/9b68e053-b36d-3b7e-a3a9-e0b3e2a1f3c7/1_org_zoom.jpg|https://cdn.dsmcdn.com/mnresize/620/920/ty1917/prod/QC_PREP/20260706/17/7b0a9b6a-5fbe-32e0-85c9-9d46f4ddc348/1_org_zoom.jpg|https://cdn.dsmcdn.com/mnresize/620/920/ty1926/prod/QC_PREP/20260706/17/d78352b2-94e7-3968-ab23-9903952e075c/1_org_zoom.jpg|https://cdn.dsmcdn.com/mnresize/620/920/ty1928/prod/QC_PREP/20260706/17/60f30043-215a-3d61-b625-8975984c74de/1_org_zoom.jpg|https://cdn.dsmcdn.com/mnresize/620/920/ty1905/prod/QC_PREP/20260706/17/8cb61084-5209-392a-92a0-df906518ada8/1_org_zoom.jpg|https://cdn.dsmcdn.com/mnresize/30/30/mobile/reviewrating/kamera-emoji6x.png|https://cdn.dsmcdn.com/mnresize/30/30/mobile/pdp/Additional/basket3.png|https://cdn.dsmcdn.com/mnresize/30/30/mobile/pdp/Additional/orange-heart_1f9e1.png|https://cdn.dsmcdn.com/mnresize/30/30/mobile/pdp/Additional/view3.png|https://cdn.dsmcdn.com/mobile/international/PaymentLogo/tamara_snippet_en.png|https://cdn.dsmcdn.com/mobile/international/PaymentLogo/Tabby_snippet_new.png|https://cdn.dsmcdn.com/ty1909/prod/QC_PREP/20260706/17/23e76eb0-db05-3465-bbaa-d49ef9033e4d/1_org_zoom.jpg|https://cdn.dsmcdn.com/sfweb-checkout/images/basket-icon_1751630173674.png|https://cdn.dsmcdn.com/mobile/international/PaymentLogo/Mastercard3x.png|https://cdn.dsmcdn.com/mobile/international/PaymentLogo/Visa3x.png|https://cdn.dsmcdn.com/mobile/international/PaymentLogo/Applepay3x.png|https://cdn.dsmcdn.com/mobile/international/PaymentLogo/tamara_logo_en.png|https://cdn.dsmcdn.com/mobile/international/PaymentLogo/Tabby_Basket_new.png|https://cdn.dsmcdn.com/mobile/international/PaymentLogo/cod-v4.png|https://cdn.dsmcdn.com/mobile/international/PaymentLogo/gpay3x.png|https://cdn.dsmcdn.com/sfweb-browsing/images/footer-pci-dss.png|https://cdn.dsmcdn.com/sfweb-browsing/images/footer-iso.png;27;ok
95;daraz;95_daraz;https://www.daraz.pk/products/tp-c200-wifi-i215389455-s1424720921.html?c=&channelLpJumpArgs=&clickTrackInfo=query%253ATP-Link%252BTapo%252BC200%253Bnid%253A215389455%253Bsrc%253ALazadaMainSrp%253Brn%253Ae79cf3416add2ddbc5ca478cccf3c2d9%253Bregion%253Apk%253Bsku%253A215389455_PK%253Bprice%253A38250%253Bclient%253Adesktop%253Bsupplier_id%253A17844%253Bsession_id%253A%253Bbiz_source%253Ahttps%253A%252F%252Fwww.daraz.pk%252F%253Bslot%253A7%253Butlog_bucket_id%253A470687%253Basc_category_id%253A10002903%253Bitem_id%253A215389455%253Bsku_id%253A1424720921%253Bshop_id%253A102482%253BtemplateInfo%253A&freeshipping=0&fs_ab=1&fuse_fs=&lang=en&location=Sindh&price=3.825E%204&priceCompare=skuId%3A1424720921%3Bsource%3Alazada-search-voucher%3Bsn%3Ae79cf3416add2ddbc5ca478cccf3c2d9%3BoriginPrice%3A3825000%3BdisplayPrice%3A3825000%3BisGray%3Afalse%3BsinglePromotionId%3A-1%3BsingleToolCode%3A-1%3BvoucherPricePlugin%3A0%3Btimestamp%3A1783892960788&qSellingPoint=b--tapo___p--c200___b--tp-link&ratingscore=&request_id=e79cf3416add2ddbc5ca478cccf3c2d9&review=&sale=0&search=1&source=search&spm=a2a0e.searchlist.list.7&stock=1;TP-Link Tapo C200 Pan/Tilt Home Security Wi-Fi Camera;No Brand;Sécurité & Maison connectée;Caméras surveillance Wi-Fi;38250;PKR;;https://static-01.daraz.pk/p/14b5eb6e0b567a592e3eb241d88b5f0e.jpg|https://youtu.be/wtH_D8EyiDo|https://static-01.daraz.pk/p/c85aaee3f1076911a36d70cf2a3e2e87.png|https://static-01.daraz.pk/p/cbd531ddd7fac7676873be4865a73c0a.png|https://static-01.daraz.pk/p/e1adaba876acd4f1e8f2bd573cb7d6ca.png|https://static-01.daraz.pk/p/28c54844ab61a71268d1279870c90ea5.png|https://static-01.daraz.pk/p/6eac65d5d171ad91e80d4b42cf495daa.png;7;ok
96;jumia;96_jumia;https://www.jumia.ma/xiaomi-smart-camera-c400-white-65760020.html;Smart Camera C400 (White);XIAOMI;Sécurité & Maison connectée;Caméras surveillance Wi-Fi;519.00;MAD;"Mod&egrave;le : MJSXJ11CM
	Poids : Environ 318 g
	Dimensions : 119 x 78 x 78 mm
	R&eacute;solution de la cam&eacute;ra : 2560 x 1440
	Stockage : Carte microSD (jusqu&#39;&agrave; 256 Go)
	Temp&eacute;rature de fonctionnement : -10&deg;C &agrave; 40&deg;C
	Connectivit&eacute; : Wi-Fi IEEE 802.11a/b/g/n 2,4/5 GHz";https://ma.jumia.is/unsafe/fit-in/680x680/filters:fill(white)/product/02/006756/1.jpg?9389;1;ok
96;wildberries;96_wildberries;https://www.wildberries.ru/catalog/276393619/detail.aspx;Камера видеонаблюдения Smart Camera C400;Xiaomi;Sécurité & Maison connectée;Caméras surveillance Wi-Fi;6240.28;RUB;;https://basket-17.wbbasket.ru/vol2763/part276393/276393619/images/big/1.webp|https://basket-17.wbbasket.ru/vol2763/part276393/276393619/images/big/2.webp|https://basket-17.wbbasket.ru/vol2763/part276393/276393619/images/big/3.webp|https://basket-17.wbbasket.ru/vol2763/part276393/276393619/images/big/4.webp|https://basket-17.wbbasket.ru/vol2763/part276393/276393619/images/big/5.webp|https://basket-17.wbbasket.ru/vol2763/part276393/276393619/images/big/6.webp|https://basket-17.wbbasket.ru/vol2763/part276393/276393619/images/big/7.webp|https://basket-17.wbbasket.ru/vol2763/part276393/276393619/images/big/8.webp;8;ok
96;trendyol;96_trendyol;https://www.trendyol.com/xiaomi/smart-camera-c400-2-5k-360-akilli-guvenlik-kamerasi-xiaomi-turkiye-garantili-p-714315116?choicennenabled=false;XiaomiC400 Smart Camera - 2.5k 360 °   Smart Security, Genpa Guaranteed;Xiaomi;Sécurité & Maison connectée;Caméras surveillance Wi-Fi;260.25;AED;**** **** - 4 August 2024;https://cdn.dsmcdn.com/mnresize/300/-/sfint/production/flags/ae.png|https://cdn.dsmcdn.com/mnresize/620/920/ty1753/prod/QC_PREP/20250916/16/59845b8a-5a66-3f9b-bc48-397887cb474a/1_org_zoom.jpg|https://cdn.dsmcdn.com/mnresize/620/920/ty1753/prod/QC_PREP/20250916/16/eaf31bc6-d781-3f2d-b4b0-f980e8ce139a/1_org_zoom.jpg|https://cdn.dsmcdn.com/mnresize/620/920/ty1753/prod/QC_PREP/20250916/16/e365c81d-95b1-359b-b425-c49dcb230c10/1_org_zoom.jpg|https://cdn.dsmcdn.com/mnresize/620/920/ty1752/prod/QC_PREP/20250916/16/5aa177f9-5f96-38d4-a632-97081a40d46c/1_org_zoom.jpg|https://cdn.dsmcdn.com/mnresize/620/920/ty1753/prod/QC_PREP/20250916/16/bf7cc33e-f443-3b77-bec5-536dbffb196e/1_org_zoom.jpg|https://cdn.dsmcdn.com/mnresize/620/920/ty1754/prod/QC_PREP/20250916/16/64a4711b-9abf-33be-a272-f8f0c7ffa2e8/1_org_zoom.jpg|https://cdn.dsmcdn.com/mnresize/620/920/ty1604/prod/QC/20241115/00/0f5e6cfc-f205-35b1-ae5c-335da35d077d/1_org_zoom.jpg|https://cdn.dsmcdn.com/mnresize/620/920/ty1814/prod/QC_ENRICHMENT/20260121/14/d2040812-0bda-33eb-bb9b-cff6ce536795/1_org_zoom.jpg|https://cdn.dsmcdn.com/mobile/international/PaymentLogo/tamara_snippet_en.png|https://cdn.dsmcdn.com/mobile/international/PaymentLogo/Tabby_snippet_new.png|https://cdn.dsmcdn.com/mobile/international/PaymentLogo/cod-v4.png|https://cdn.dsmcdn.com/mnresize/30/30/mobile/reviewrating/kamera-emoji6x.png|https://cdn.dsmcdn.com/seller-store/uploads/410290/logo.jpeg|https://cdn.dsmcdn.com/seller-store/uploads/107514/logo.jpeg|https://cdn.dsmcdn.com/seller-store/uploads/566427/logo.jpeg|https://cdn.dsmcdn.com/ty1753/prod/QC_PREP/20250916/16/59845b8a-5a66-3f9b-bc48-397887cb474a/1_org_zoom.jpg|https://cdn.dsmcdn.com/sfweb-checkout/images/basket-icon_1751630173674.png|https://cdn.dsmcdn.com/mobile/international/PaymentLogo/Mastercard3x.png|https://cdn.dsmcdn.com/mobile/international/PaymentLogo/Visa3x.png|https://cdn.dsmcdn.com/mobile/international/PaymentLogo/Applepay3x.png|https://cdn.dsmcdn.com/mobile/international/PaymentLogo/tamara_logo_en.png|https://cdn.dsmcdn.com/mobile/international/PaymentLogo/Tabby_Basket_new.png|https://cdn.dsmcdn.com/mobile/international/PaymentLogo/gpay3x.png|https://cdn.dsmcdn.com/sfweb-browsing/images/footer-pci-dss.png|https://cdn.dsmcdn.com/sfweb-browsing/images/footer-iso.png;26;ok
96;daraz;96_daraz;https://www.daraz.pk/products/xiaomi-smart-camera-c400-global-version-i421786709.html;XIAOMI SMART CAMERA C400 (GLOBAL VERSION);No Brand;Sécurité & Maison connectée;Caméras surveillance Wi-Fi;24999;PKR;;https://static-01.daraz.pk/p/70412b1f5a86661fa696c494b4032e87.jpg;1;ok
97;jumia;97_jumia;https://www.jumia.ma/camera-ip-surveillance-wifi-full-hd-1080-rotative-360-avec-auto-tracking-c6n-ezviz-mpg1360542.html;Caméra ip Surveillance Wifi Full HD 1080 rotative 360° avec auto-tracking C6N;EZVIZ;Sécurité & Maison connectée;Caméras surveillance Wi-Fi;490.00;MAD;Qualité Full HDWi-Fi 2,4 GHzCouverture visuelle motorisée à 360 ° Pan and TiltVision nocturne intelligente avec IR intelligent (jusqu’à 10 m / 33 pieds)Mode veille pour la protection de la vie privéeDétection de mouvementSuivi intelligentEmplacement MicroSD (jusqu’à 256 Go)Installation rapideCaméra Full HD 1080pCaméra rotative 360° avec suivi intelligentAlertes en temps réelVision de nuit avec smart IR jusqu’à environ 10 mètresZoom numérique x 8Haut-parleur et micro intégrésConnexion WiFi Et RJ45Enregistrement sur carte SD jusqu’à 256GoVisualisation sur PC ou à distance sur smartphone/tablette (application EZVIZ)Caméra Full HD 1080pCaméra rotative 360° avec suivi intelligentAlertes en temps réelVision de nuit avec smart IR jusqu'à environ 10 mètresZoom numérique x 4Haut-parleur et micro intégrésConnexion WiFiEnregistrement sur carte SD jusqu'à 256GoVisualisation sur PC ou à distance sur smartphone/tablette (application EZVIZ)Design élégant et moderneInstallation simplifiée;https://ma.jumia.is/unsafe/fit-in/680x680/filters:fill(white)/product/24/550625/1.jpg?8810|https://ma.jumia.is/unsafe/fit-in/680x680/filters:fill(white)/product/24/550625/2.jpg?8810|https://ma.jumia.is/unsafe/fit-in/680x680/filters:fill(white)/product/24/550625/3.jpg?8810|https://ma.jumia.is/unsafe/fit-in/680x680/filters:fill(white)/product/24/550625/4.jpg?8810|https://ma.jumia.is/unsafe/fit-in/680x680/filters:fill(white)/product/24/550625/5.jpg?8810|https://ma.jumia.is/unsafe/fit-in/680x680/filters:fill(white)/product/24/550625/6.jpg?8810|https://ma.jumia.is/unsafe/fit-in/680x680/filters:fill(white)/product/24/550625/7.jpg?8810|https://ma.jumia.is/unsafe/fit-in/680x680/filters:fill(white)/product/24/550625/8.jpg?8810;8;ok
97;wildberries;97_wildberries;https://www.wildberries.ru/catalog/258004863/detail.aspx;Камера видеонаблюдения EZVIZ CS-C6N;Ezviz;Sécurité & Maison connectée;Caméras surveillance Wi-Fi;3319.31;RUB;;https://basket-16.wbbasket.ru/vol2580/part258004/258004863/images/big/1.webp|https://basket-16.wbbasket.ru/vol2580/part258004/258004863/images/big/2.webp;2;ok
97;trendyol;97_trendyol;https://www.trendyol.com/ezviz/c6n-1080p-fhd-360-derece-gece-goruslu-sesli-ip-wifi-akilli-ev-guvenlik-bebek-kamerasi-p-79666538;EZVIZC6N 1080P Fhd 360 Degree Night Vision Audio Ip Wifi Smart Home Security Baby Camera;EZVIZ;Sécurité & Maison connectée;Caméras surveillance Wi-Fi;138.43;AED;;https://cdn.dsmcdn.com/mnresize/300/-/sfint/production/flags/ae.png|https://cdn.dsmcdn.com/mnresize/620/920/ty1752/prod/QC_ENRICHMENT/20250915/16/861897f5-a9ac-36df-9800-b5db5f775a25/1_org_zoom.jpg|https://cdn.dsmcdn.com/mnresize/620/920/ty1752/prod/QC_ENRICHMENT/20250915/16/da87645b-f1b0-3001-9e71-27ed15f6aac7/1_org_zoom.jpg|https://cdn.dsmcdn.com/mnresize/620/920/ty1000410/product/media/images/prod/PIM/20260623/09/6685565f-e2d4-4772-b5bb-650850b2f6ef/1_org_zoom.jpg|https://cdn.dsmcdn.com/mnresize/620/920/ty1000411/product/media/images/prod/PIM/20260623/09/f099ee4b-049c-4d07-b697-868db3a46163/1_org_zoom.jpg|https://cdn.dsmcdn.com/mnresize/620/920/ty1000410/product/media/images/prod/PIM/20260623/09/bd8d4525-845c-441e-990d-d2f50145a83c/1_org_zoom.jpg|https://cdn.dsmcdn.com/mnresize/620/920/ty1000410/product/media/images/prod/PIM/20260623/09/ef39badd-31ca-48a2-9e06-3c1eae0b9581/1_org_zoom.jpg|https://cdn.dsmcdn.com/mnresize/620/920/ty1000410/product/media/images/prod/PIM/20260623/09/01977da5-ac21-47d5-a798-58c9663763c7/1_org_zoom.jpg|https://cdn.dsmcdn.com/mnresize/620/920/ty1000411/product/media/images/prod/PIM/20260623/09/9f46224e-de93-4806-af39-46d159f623e0/1_org_zoom.jpg|https://cdn.dsmcdn.com/mobile/international/PaymentLogo/tamara_snippet_en.png|https://cdn.dsmcdn.com/mobile/international/PaymentLogo/Tabby_snippet_new.png|https://cdn.dsmcdn.com/mobile/international/PaymentLogo/cod-v4.png|https://cdn.dsmcdn.com/mnresize/30/30/mobile/reviewrating/kamera-emoji6x.png|https://cdn.dsmcdn.com/ty1752/prod/QC_ENRICHMENT/20250915/16/861897f5-a9ac-36df-9800-b5db5f775a25/1_org_zoom.jpg|https://cdn.dsmcdn.com/sfweb-checkout/images/basket-icon_1751630173674.png|https://cdn.dsmcdn.com/mobile/international/PaymentLogo/Mastercard3x.png|https://cdn.dsmcdn.com/mobile/international/PaymentLogo/Visa3x.png|https://cdn.dsmcdn.com/mobile/international/PaymentLogo/Applepay3x.png|https://cdn.dsmcdn.com/mobile/international/PaymentLogo/tamara_logo_en.png|https://cdn.dsmcdn.com/mobile/international/PaymentLogo/Tabby_Basket_new.png|https://cdn.dsmcdn.com/mobile/international/PaymentLogo/gpay3x.png|https://cdn.dsmcdn.com/sfweb-browsing/images/footer-pci-dss.png|https://cdn.dsmcdn.com/sfweb-browsing/images/footer-iso.png;23;ok
97;daraz;97_daraz;https://www.daraz.pk/products/ezviz-c6n-smart-wi-fi-pan-tilt-camera-i388319021-s1917128367.html?c=&channelLpJumpArgs=&clickTrackInfo=query%253AEzviz%252BC6N%253Bnid%253A388319021%253Bsrc%253ALazadaMainSrp%253Brn%253A3dfc714feeec4ce706af5e0587b8d366%253Bregion%253Apk%253Bsku%253A388319021_PK%253Bprice%253A7350%253Bclient%253Adesktop%253Bsupplier_id%253A1142756%253Bsession_id%253A%253Bbiz_source%253Ahttps%253A%252F%252Fwww.daraz.pk%252F%253Bslot%253A0%253Butlog_bucket_id%253A470687%253Basc_category_id%253A10002903%253Bitem_id%253A388319021%253Bsku_id%253A1917128367%253Bshop_id%253A251896%253BtemplateInfo%253A&freeshipping=0&fs_ab=1&fuse_fs=&lang=en&location=Sindh&price=7.35E%203&priceCompare=skuId%3A1917128367%3Bsource%3Alazada-search-voucher%3Bsn%3A3dfc714feeec4ce706af5e0587b8d366%3BoriginPrice%3A735000%3BdisplayPrice%3A735000%3BisGray%3Afalse%3BsinglePromotionId%3A-1%3BsingleToolCode%3A-1%3BvoucherPricePlugin%3A0%3Btimestamp%3A1783894412076&ratingscore=&request_id=3dfc714feeec4ce706af5e0587b8d366&review=&sale=0&search=1&source=search&spm=a2a0e.searchlist.list.0&stock=1;EZVIZ C6N Smart Wi-Fi Pan & Tilt Camera;Ezviz;Sécurité & Maison connectée;Caméras surveillance Wi-Fi;7350;PKR;;https://pk-live-21.slatic.net/kf/S9764e68d688f4c0b9d16d3dc069958baD.jpg|https://pk-live-21.slatic.net/kf/S7fb59b23999d4770af182260eb5210d6e.jpg|https://pk-live-21.slatic.net/kf/S8a00239128f346cd88086b62b3968d9ax.jpg|https://pk-live-21.slatic.net/kf/S7cb3c82cd5be49cda3eb5aa2766af672v.jpg;4;ok
98;jumia;98_jumia;https://www.jumia.ma/imou-camera-ip-wi-fi-3mp2k-ranger-2-ipc-k2ep-3r1w-66015317.html;Caméra IP Wi-Fi 3MP/2K Ranger 2 (IPC-K2EP-3R1W);imou;Sécurité & Maison connectée;Caméras surveillance Wi-Fi;369.00;MAD;Caméra de surveillance WiFi panoramique 360° Micro-Audio.Vidéo haute définition - Enregistre chaque image dans une définition 3MP-2KMicro-Audio.Vision nocturne avancée - Fournit une distance visuelle allant jusqu'à 30 piedsDétection de mouvement et notifications - Vous avertit lorsque la caméra détecte un mouvementAlarme sonore et lumineuse - Déclenchez des effets lumineux et sonores pour effrayer les visiteurs indésirablesAudio bidirectionnel - Permet la communication via un microphone et un haut-parleur intégrésStockage sécurisé - Stocke localement jusqu'à 256 Go sur une carte microSD, soit 30 jours de séquences (en fonction des conditions de laboratoire)Caméra Indoor - surveillez votre intérieurConfiguration et gestion faciles.;https://ma.jumia.is/unsafe/fit-in/680x680/filters:fill(white)/product/71/351066/1.jpg?4280|https://ma.jumia.is/unsafe/fit-in/680x680/filters:fill(white)/product/71/351066/2.jpg?4280|https://ma.jumia.is/unsafe/fit-in/680x680/filters:fill(white)/product/71/351066/3.jpg?4280|https://ma.jumia.is/unsafe/fit-in/680x680/filters:fill(white)/product/71/351066/4.jpg?4280|https://ma.jumia.is/unsafe/fit-in/680x680/filters:fill(white)/product/71/351066/5.jpg?4280|https://ma.jumia.is/unsafe/fit-in/680x680/filters:fill(white)/product/71/351066/6.jpg?4280;6;ok
98;wildberries;98_wildberries;https://www.wildberries.ru/catalog/231462378/detail.aspx;Wi-Fi видеокамера Ranger 2;Imou;Sécurité & Maison connectée;Caméras surveillance Wi-Fi;3438;RUB;;https://basket-15.wbbasket.ru/vol2314/part231462/231462378/images/big/1.webp|https://basket-15.wbbasket.ru/vol2314/part231462/231462378/images/big/2.webp|https://basket-15.wbbasket.ru/vol2314/part231462/231462378/images/big/3.webp;3;ok
98;trendyol;98_trendyol;https://www.trendyol.com/pd/imou/ipc-a42p-4-mp-i-c-ortam-pt-kamera-ranger-2-p-301618110?choicennenabled=false;;;Sécurité & Maison connectée;Caméras surveillance Wi-Fi;116.51;AED;;https://cdn.dsmcdn.com/mnresize/300/-/sfint/production/flags/ae.png|https://cdn.dsmcdn.com/sfweb-checkout/images/basket-icon_1751630173674.png|https://cdn.dsmcdn.com/mobile/international/PaymentLogo/Mastercard3x.png|https://cdn.dsmcdn.com/mobile/international/PaymentLogo/Visa3x.png|https://cdn.dsmcdn.com/mobile/international/PaymentLogo/Applepay3x.png|https://cdn.dsmcdn.com/mobile/international/PaymentLogo/tamara_logo_en.png|https://cdn.dsmcdn.com/mobile/international/PaymentLogo/Tabby_Basket_new.png|https://cdn.dsmcdn.com/mobile/international/PaymentLogo/cod-v4.png|https://cdn.dsmcdn.com/mobile/international/PaymentLogo/gpay3x.png|https://cdn.dsmcdn.com/sfweb-browsing/images/footer-pci-dss.png|https://cdn.dsmcdn.com/sfweb-browsing/images/footer-iso.png;11;ok
98;daraz;98_daraz;https://www.daraz.pk/products/imou-2-2mp-wifi-2-ip-wifi-sd-i910907355-s3950068890.html?c=&channelLpJumpArgs=&clickTrackInfo=query%253AImou%252BRanger%252B2%253Bnid%253A910907355%253Bsrc%253ALazadaMainSrp%253Brn%253A3f38c6d4d65f75c3a3b5f14edbf343ab%253Bregion%253Apk%253Bsku%253A910907355_PK%253Bprice%253A5358%253Bclient%253Adesktop%253Bsupplier_id%253A6005494032937%253Bsession_id%253A%253Bbiz_source%253Ah5_external%253Bslot%253A1%253Butlog_bucket_id%253A470687%253Basc_category_id%253A10002904%253Bitem_id%253A910907355%253Bsku_id%253A3950068890%253Bshop_id%253A2340187%253BtemplateInfo%253A&freeshipping=0&fs_ab=1&fuse_fs=&lang=en&location=Punjab&price=5358&priceCompare=skuId%3A3950068890%3Bsource%3Alazada-search-voucher%3Bsn%3A3f38c6d4d65f75c3a3b5f14edbf343ab%3BoriginPrice%3A535800%3BdisplayPrice%3A535800%3BisGray%3Afalse%3BsinglePromotionId%3A50000073297004%3BsingleToolCode%3ApromPrice%3BvoucherPricePlugin%3A0%3Btimestamp%3A1783894653006&qSellingPoint=p--ranger%202___b--imou&ratingscore=5.0&request_id=3f38c6d4d65f75c3a3b5f14edbf343ab&review=14&sale=140&search=1&source=search&spm=a2a0e.searchlist.list.1&stock=1;Imou Ranger 2 2MP Wireless Indoor Smart Security Camera Wifi 2 Megapixel IP Camera Human Detection Smart Tracking Night Vision Alarm Abnormal Sound Detection Wifi Connection Two way Talk Cloud/SD Card Mobile;No Brand;Sécurité & Maison connectée;Caméras surveillance Wi-Fi;5358;PKR;;https://static-01.daraz.pk/p/206a27bfeda12257afb555da87098131.jpg|https://static-01.daraz.pk/p/7bb15b0e5f7b888bbedeb45e283e448e.jpg|https://static-01.daraz.pk/p/77c95450e7883ec64aa2ce7234693c8d.jpg|https://static-01.daraz.pk/p/e1325e13863c477cc87d1c303c51b0a0.png;4;ok
99;jumia;99_jumia;https://www.jumia.ma/logitech-c270-webcam-hd-720p30ips-appel-video-hd-large-champ-de-vision-correction-de-la-lumiere-micro-antiparasites-skype-facetime-hangouts-webex-pcmacportabletablettechromebook-67633138.html;C270 Webcam HD, 720p/30ips, Appel Vidéo HD Large Champ de Vision, Correction de la Lumière, Micro Antiparasites, Skype, FaceTime, Hangouts, WebEx, PC/Mac/Portable/Tablette/Chromebook;Logitech;Informatique;Webcams;318.95;MAD;Résolution maximale : 720p / 30fpsType de focus : focus fixeTechnologie d'objectif : standardMicro intégré : mono;https://ma.jumia.is/unsafe/fit-in/680x680/filters:fill(white)/product/83/133676/1.jpg?4475|https://ma.jumia.is/unsafe/fit-in/680x680/filters:fill(white)/product/83/133676/2.jpg?4475;2;ok
99;wildberries;99_wildberries;https://www.wildberries.ru/catalog/590000745/detail.aspx;Веб-камера C270/c270i черный;LOGITECH;Informatique;Webcams;1436;RUB;;https://basket-30.wbbasket.ru/vol5900/part590000/590000745/images/big/1.webp|https://basket-30.wbbasket.ru/vol5900/part590000/590000745/images/big/2.webp|https://basket-30.wbbasket.ru/vol5900/part590000/590000745/images/big/3.webp|https://basket-30.wbbasket.ru/vol5900/part590000/590000745/images/big/4.webp|https://basket-30.wbbasket.ru/vol5900/part590000/590000745/images/big/5.webp;5;ok
99;trendyol;99_trendyol;https://www.trendyol.com/en/logitech/c270-hd-720p-webcam-with-microphone-black-p-2378692;logitech C270 Hd 720P Webcam with Microphone - Black;logitech;Informatique;Webcams;91.00;AED;;https://cdn.dsmcdn.com/ty1000411/product/media/images/prod/PIM/20260624/16/db857a32-4720-4111-9a9b-7fe93f5146d7/1_org_zoom.jpg|https://cdn.dsmcdn.com/ty1000411/product/media/images/prod/PIM/20260624/16/d594ac83-825d-4df2-b4d9-3bdd5de25e39/1_org_zoom.jpg|https://cdn.dsmcdn.com/ty1000409/product/media/images/prod/PIM/20260624/16/b55a0fb7-8715-4466-b3e5-62a43fdeb2b6/1_org_zoom.jpg|https://cdn.dsmcdn.com/ty1000410/product/media/images/prod/PIM/20260624/16/48a422c2-45ef-4957-acb9-c92e3d46e30e/1_org_zoom.jpg|https://cdn.dsmcdn.com/ty1000410/product/media/images/prod/PIM/20260624/16/de662778-90b7-4e5e-9483-51515bf127a3/1_org_zoom.jpg|https://cdn.dsmcdn.com/ty1000411/product/media/images/prod/PIM/20260624/16/64a90be0-f551-4e5b-9403-e5fab8607866/1_org_zoom.jpg|https://cdn.dsmcdn.com/ty1000410/product/media/images/prod/PIM/20260624/16/30541d95-3c4c-4e4f-837f-41e4af286f1d/1_org_zoom.jpg;7;ok
99;daraz;99_daraz;https://www.daraz.pk/products/c270-hd-720p-hd-i566673189-s2852947899.html?c=&channelLpJumpArgs=&clickTrackInfo=query%253ALogitech%252BC270%253Bnid%253A566673189%253Bsrc%253ALazadaMainSrp%253Brn%253A6fc4a224b43a44612ec93ddc960dc3e8%253Bregion%253Apk%253Bsku%253A566673189_PK%253Bprice%253A9499%253Bclient%253Adesktop%253Bsupplier_id%253A6005100304156%253Bsession_id%253A%253Bbiz_source%253Ahttps%253A%252F%252Fwww.daraz.pk%252F%253Bslot%253A5%253Butlog_bucket_id%253A470687%253Basc_category_id%253A106%253Bitem_id%253A566673189%253Bsku_id%253A2852947899%253Bshop_id%253A1440830%253BtemplateInfo%253A&freeshipping=0&fs_ab=1&fuse_fs=&lang=en&location=Punjab&price=9499&priceCompare=skuId%3A2852947899%3Bsource%3Alazada-search-voucher%3Bsn%3A6fc4a224b43a44612ec93ddc960dc3e8%3BoriginPrice%3A949900%3BdisplayPrice%3A949900%3BisGray%3Afalse%3BsinglePromotionId%3A-1%3BsingleToolCode%3A-1%3BvoucherPricePlugin%3A0%3Btimestamp%3A1783965698227&ratingscore=&request_id=6fc4a224b43a44612ec93ddc960dc3e8&review=&sale=0&search=1&source=search&spm=a2a0e.searchlist.list.5&stock=1;Webcam C270 HD Original Logitech 720p with built-in Mic Pure And Simple HD Video Calls and Zoom Meetings;No Brand;Informatique;Webcams;9499;PKR;;https://pk-live-21.slatic.net/kf/S5a0a654ee09b4a37a39be3a758b38729s.jpg|https://pk-live-21.slatic.net/kf/S7e25413e1d1241a09f768b514c3278ba1.jpg|https://pk-live-21.slatic.net/kf/Se2065526d5ad49c8ad1f2260827fe4f2q.jpg|https://pk-live-21.slatic.net/kf/S68ad82100ec742dcbe998719735e4a63U.jpg|https://pk-live-21.slatic.net/kf/S2f578ed9c0ac4da9a9516cb5eb538038H.jpg|https://pk-live-21.slatic.net/kf/Sd15ee37bd70e417196fac945574f7c73Z.jpg|https://pk-live-21.slatic.net/kf/S0785cc3f06524a928176d750ddd64a1c6.jpg|https://pk-live-21.slatic.net/kf/S7da847c17418447ca75f8dc0b8959766A.jpg;8;ok
100;jumia;100_jumia;https://www.jumia.ma/logitech-webcam-c920-pro-hd-67224573.html;Webcam C920 Pro HD;Logitech;Informatique;Webcams;1131.00;MAD;Appels vidéo en Full HD 1080p (jusqu’à 1920 x 1080 pixels) avec la version la plus récente de Skype pour WindowsAppels vidéo en HD 720p (jusqu’à 1280 x 720 pixels) sur les clients pris en chargeEnregistrement vidéo Full HD (jusqu’à 1920 x 1080 pixels)Compression vidéo H.264Deux microphones stéréo intégrés avec réduction automatique des bruitsCorrection automatique de l’éclairage faibleClip universel pour ordinateurs portables et écrans LCD et CRT adaptable aux trépieds;https://ma.jumia.is/unsafe/fit-in/680x680/filters:fill(white)/product/37/542276/1.jpg?3689;1;ok
100;wildberries;100_wildberries;https://www.wildberries.ru/catalog/700372535/detail.aspx;Шторка для веб-камеры Logitech C920s PiP;;Informatique;Webcams;374;RUB;;https://basket-33.wbbasket.ru/vol7003/part700372/700372535/images/big/1.webp|https://basket-33.wbbasket.ru/vol7003/part700372/700372535/images/big/2.webp|https://basket-33.wbbasket.ru/vol7003/part700372/700372535/images/big/3.webp|https://basket-33.wbbasket.ru/vol7003/part700372/700372535/images/big/4.webp|https://basket-33.wbbasket.ru/vol7003/part700372/700372535/images/big/5.webp|https://basket-33.wbbasket.ru/vol7003/part700372/700372535/images/big/6.webp;6;ok
100;trendyol;100_trendyol;https://www.trendyol.com/en/logitech/c920-pro-widescreen-hd-webcam-p-1080820867;logitech C920 Pro Widescreen HD Webcam;logitech;Informatique;Webcams;269.00;AED;;https://cdn.dsmcdn.com/ty1807/prod/QC_PREP/20260106/16/23988cc6-4dfa-335b-92ea-2c3c316989b8/1_org_zoom.jpg;1;ok
100;daraz;100_daraz;https://www.daraz.pk/products/logitech-c920-pro-hd-webcam-1080p-i297219339-s1604223371.html?c=&channelLpJumpArgs=&clickTrackInfo=query%253ALogitech%252BC920s%253Bnid%253A297219339%253Bsrc%253ALazadaMainSrp%253Brn%253A72c0bd860b9fa0e95e5f0930d3dc9776%253Bregion%253Apk%253Bsku%253A297219339_PK%253Bprice%253A30499%253Bclient%253Adesktop%253Bsupplier_id%253A6005021379658%253Bsession_id%253A%253Bbiz_source%253Ah5_external%253Bslot%253A3%253Butlog_bucket_id%253A470687%253Basc_category_id%253A106%253Bitem_id%253A297219339%253Bsku_id%253A1604223371%253Bshop_id%253A830919%253BtemplateInfo%253A&freeshipping=1&fs_ab=1&fuse_fs=&lang=en&location=Punjab&price=30499&priceCompare=skuId%3A1604223371%3Bsource%3Alazada-search-voucher%3Bsn%3A72c0bd860b9fa0e95e5f0930d3dc9776%3BoriginPrice%3A3049900%3BdisplayPrice%3A3049900%3BisGray%3Afalse%3BsinglePromotionId%3A-1%3BsingleToolCode%3AmockedSalePrice%3BvoucherPricePlugin%3A0%3Btimestamp%3A1783965881291&ratingscore=4.75&request_id=72c0bd860b9fa0e95e5f0930d3dc9776&review=16&sale=48&search=1&source=search&spm=a2a0e.searchlist.list.3&stock=1;Logitech C920 Pro HD Webcam 1080p;Logitech;Informatique;Webcams;30499;PKR;;https://static-01.daraz.pk/p/727e85a2c28c3c859ac900d19142b95f.jpg|https://static-01.daraz.pk/p/ad42a05561839075afd52f3ec7ee3898.jpg|https://static-01.daraz.pk/p/c8edf7a21235292a90b13539bad7710b.jpg|https://static-01.daraz.pk/p/3eab382cda44967d6bbefba0d7816d7d.jpg|https://static-01.daraz.pk/p/679438502db0041dc1653e15f18a71ff.jpg|https://static-01.daraz.pk/p/9c30e11350aabaf468e1569712d2e23b.jpg|https://static-01.daraz.pk/p/2636e62a9e92d76379c10d2ad345c3f4.jpg|https://static-01.daraz.pk/p/98360d5165d2079ddb115982e3e4dc7d.jpg|https://static-01.daraz.pk/p/f2dcf5328170727cdcb1e421eca641de.jpg;9;ok
101;wildberries;101_wildberries;https://www.wildberries.ru/catalog/316781993/detail.aspx;Чайник электрический HD9318/00;PHILIPS;Électroménager;Bouilloires électriques;2282;RUB;;https://basket-19.wbbasket.ru/vol3167/part316781/316781993/images/big/1.webp;1;ok
101;trendyol;101_trendyol;https://www.trendyol.ae/philips/hd9318-70-water-heater-kettle-p-839202026;Philips Hd9318/70 Water Heater & Kettle;Philips;Électroménager;Bouilloires électriques;115.11;AED;;https://cdn.dsmcdn.com/ty1528/product/media/images/prod/PIM/20240906/13/09bff6e4-79c4-4a5c-b1d0-be003f215cdf/1_org_zoom.jpg|https://cdn.dsmcdn.com/ty1528/product/media/images/prod/PIM/20240906/13/b122a313-832c-46e2-ae27-5aefc72fc621/1_org_zoom.jpg|https://cdn.dsmcdn.com/ty1528/product/media/images/prod/PIM/20240906/13/9900fe93-c516-4270-8a0a-0361ad1646a1/1_org_zoom.jpg|https://cdn.dsmcdn.com/ty1527/product/media/images/prod/PIM/20240906/13/e0c3b707-a230-406d-b968-ce9f477335c4/1_org_zoom.jpg;4;ok
101;daraz;101_daraz;https://www.daraz.pk/products/3000-hd931801-i498703079-s2389355397.html?c=&channelLpJumpArgs=&clickTrackInfo=query%253APhilips%252BHD9318%253Bnid%253A498703079%253Bsrc%253ALazadaMainSrp%253Brn%253Aad941f5a932a5d759af0301e6a2c1293%253Bregion%253Apk%253Bsku%253A498703079_PK%253Bprice%253A18300%253Bclient%253Adesktop%253Bsupplier_id%253A6005012946195%253Bsession_id%253A%253Bbiz_source%253Ah5_external%253Bslot%253A0%253Butlog_bucket_id%253A470687%253Basc_category_id%253A289%253Bitem_id%253A498703079%253Bsku_id%253A2389355397%253Bshop_id%253A490989%253BtemplateInfo%253A&freeshipping=1&fs_ab=1&fuse_fs=&lang=en&location=Sindh&price=1.83E%204&priceCompare=skuId%3A2389355397%3Bsource%3Alazada-search-voucher%3Bsn%3Aad941f5a932a5d759af0301e6a2c1293%3BoriginPrice%3A1830000%3BdisplayPrice%3A1830000%3BisGray%3Afalse%3BsinglePromotionId%3A-1%3BsingleToolCode%3A-1%3BvoucherPricePlugin%3A0%3Btimestamp%3A1785413289419&ratingscore=5.0&request_id=ad941f5a932a5d759af0301e6a2c1293&review=2&sale=14&search=1&source=search&spm=a2a0e.searchlist.list.0&stock=1;Philips Series 3000 Plastic kettle HD9318/01 (Free Shipping & Exclusive Discounts via Voucher);Philips;Électroménager;Bouilloires électriques;18.300;PKR;;https://static-01.daraz.pk/p/2346c0ef21a3c53bf3e4fae624f9295c.jpg|https://static-01.daraz.pk/p/edd55573bda23470fba643cd166c4ffc.jpg|https://static-01.daraz.pk/p/2ad226989a01885b37d1605e4bb01427.jpg|https://static-01.daraz.pk/p/c3af05cadab47eb50f4de97b9d499b62.jpg|https://static-01.daraz.pk/p/c2ce2d6f99024f203f4c0bc9ef5c5a9d.jpg|https://static-01.daraz.pk/p/7ab79c741b7ee08ecebba3d05704f1cf.jpg|https://static-01.daraz.pk/p/efbe83c01bb6b29b68c0067b68af089d.jpg;7;ok
102;wildberries;102_wildberries;https://www.wildberries.ru/catalog/200735029/detail.aspx;Чайник электрический Филипс HD9350/90;PHILIPS;Électroménager;Bouilloires électriques;3531;RUB;;https://basket-13.wbbasket.ru/vol2007/part200735/200735029/images/big/1.webp|https://basket-13.wbbasket.ru/vol2007/part200735/200735029/images/big/2.webp|https://basket-13.wbbasket.ru/vol2007/part200735/200735029/images/big/3.webp|https://basket-13.wbbasket.ru/vol2007/part200735/200735029/images/big/4.webp|https://basket-13.wbbasket.ru/vol2007/part200735/200735029/images/big/5.webp|https://basket-13.wbbasket.ru/vol2007/part200735/200735029/images/big/6.webp|https://basket-13.wbbasket.ru/vol2007/part200735/200735029/images/big/7.webp|https://basket-13.wbbasket.ru/vol2007/part200735/200735029/images/big/8.webp|https://basket-13.wbbasket.ru/vol2007/part200735/200735029/images/big/9.webp;9;ok
102;trendyol;102_trendyol;https://www.trendyol.ae/philips/electric-kettle-1-7-l-hd9350-92-stainless-steel-p-921677538;PhilipsElectric Kettle 1.7 L HD9350/92 Stainless Steel;Philips;Électroménager;Bouilloires électriques;121.50;AED;;https://cdn.dsmcdn.com/mnresize/300/-/sfweb/images/ae.png|https://cdn.dsmcdn.com/mnresize/620/920/ty1655/prod/QC/20250322/11/4f9ff18e-3840-3690-80d4-f7d1443b5ce5/1_org_zoom.jpg|https://cdn.dsmcdn.com/mnresize/620/920/ty1655/prod/QC/20250322/11/0b0c5e9e-1fe4-39c7-af82-cd954fc9107b/1_org_zoom.jpg|https://cdn.dsmcdn.com/mnresize/128/-/indexing-sticker-stamp/mars/bbac75ce-613b-481d-a55d-eeb3e19209c9.png|https://cdn.dsmcdn.com/mnresize/620/920/ty1655/prod/QC/20250322/11/c2eb0912-963c-3788-975f-e36b07da3bb2/1_org_zoom.jpg|https://cdn.dsmcdn.com/mnresize/620/920/ty1655/prod/QC/20250322/11/6beb88dd-e501-3e1e-94f0-7440ec0dcb59/1_org_zoom.jpg|https://cdn.dsmcdn.com/mnresize/620/920/ty1654/prod/QC/20250322/11/dffca5b1-663f-3c0d-b312-a0f31134c300/1_org_zoom.jpg|https://cdn.dsmcdn.com/mnresize/620/920/ty1653/prod/QC/20250322/11/311ff91d-5184-3870-853c-5e9c64026c2b/1_org_zoom.jpg|https://cdn.dsmcdn.com/mnresize/128/192/ty1655/prod/QC/20250322/11/4f9ff18e-3840-3690-80d4-f7d1443b5ce5/1_org_zoom.jpg|https://cdn.dsmcdn.com/mnresize/128/192/ty1582/prod/QC/20241009/10/1fd970a4-5953-3fd2-844f-cc7e07f41100/1_org_zoom.jpg|https://cdn.dsmcdn.com/mobile/international/PaymentLogo/tamara_snippet_en.png|https://cdn.dsmcdn.com/mobile/international/PaymentLogo/Tabby_snippet_new.png|https://cdn.dsmcdn.com/mobile/international/PaymentLogo/cod-v4.png|https://cdn.dsmcdn.com/mnresize/300/-/sfint/production/flags/ae.png|https://cdn.dsmcdn.com/mnresize/220/170//ty1618/prod/QC/20241227/11/0f7fb2e6-9851-3b7c-a52a-fc3d696e5f62/1_org_zoom.jpg|https://cdn.dsmcdn.com/mnresize/220/170//ty1323/product/media/images/prod/PIM/20240522/12/5d0e8f43-dc8a-49fc-86a0-b4f1fd9f1761/1_org_zoom.jpg|https://cdn.dsmcdn.com/mnresize/220/170//ty1692/prod/QC_PREP/20250617/12/20703f85-c3cc-3d47-80c1-8ec4d9a38b4a/1_org_zoom.jpg|https://cdn.dsmcdn.com/mnresize/220/170//ty1436/product/media/images/prod/QC/20240723/01/c97fd9f9-fa5d-3fcb-9531-7ffc3b0ccee8/1_org_zoom.jpg|https://cdn.dsmcdn.com/ty1655/prod/QC/20250322/11/4f9ff18e-3840-3690-80d4-f7d1443b5ce5/1_org_zoom.jpg|https://cdn.dsmcdn.com/sfweb-checkout/images/basket-icon_1751630173674.png|https://cdn.dsmcdn.com/mobile/international/PaymentLogo/Mastercard3x.png|https://cdn.dsmcdn.com/mobile/international/PaymentLogo/Visa3x.png|https://cdn.dsmcdn.com/mobile/international/PaymentLogo/Applepay3x.png|https://cdn.dsmcdn.com/mobile/international/PaymentLogo/tamara_logo_en.png|https://cdn.dsmcdn.com/mobile/international/PaymentLogo/Tabby_Basket_new.png;25;ok
102;daraz;102_daraz;https://www.daraz.pk/products/hd935090-1850-2200-i209152549-s1415208082.html?c=&channelLpJumpArgs=&clickTrackInfo=query%253APhilips%252BHD9350%25252F90%253Bnid%253A209152549%253Bsrc%253ALazadaMainSrp%253Brn%253A56fc98a2e4594a4b185a96090d469fa4%253Bregion%253Apk%253Bsku%253A209152549_PK%253Bprice%253A18700%253Bclient%253Adesktop%253Bsupplier_id%253A6005012946195%253Bsession_id%253A%253Bbiz_source%253Ah5_external%253Bslot%253A0%253Butlog_bucket_id%253A470687%253Basc_category_id%253A289%253Bitem_id%253A209152549%253Bsku_id%253A1415208082%253Bshop_id%253A490989%253BtemplateInfo%253A-1_A3_C%2523&freeshipping=1&fs_ab=1&fuse_fs=&lang=en&location=Sindh&price=1.87E%204&priceCompare=skuId%3A1415208082%3Bsource%3Alazada-search-voucher%3Bsn%3A56fc98a2e4594a4b185a96090d469fa4%3BoriginPrice%3A1870000%3BdisplayPrice%3A1870000%3BisGray%3Afalse%3BsinglePromotionId%3A-1%3BsingleToolCode%3A-1%3BvoucherPricePlugin%3A0%3Btimestamp%3A1785413946919&ratingscore=5.0&request_id=56fc98a2e4594a4b185a96090d469fa4&review=4&sale=25&search=1&source=search&spm=a2a0e.searchlist.list.0&stock=0;;;Électroménager;Bouilloires électriques;1000;PKR;;https://gw.alicdn.com/imgextra/i2/O1CN01jHjmpl1pxcRVgFrYS_!!6000000005427-0-tps-150-150.jpg|https://gw.alicdn.com/imgextra/i3/O1CN012f276t1zJuDINv48i_!!6000000006694-2-tps-600-600.png;2;ok
103;wildberries;103_wildberries;https://www.wildberries.ru/catalog/1284738199/detail.aspx;Электрочайник Xiaomi Mi Electric Kettle 2;Xiaomi;Électroménager;Bouilloires électriques;4192;RUB;;https://basket-45.wbbasket.ru/vol12847/part1284738/1284738199/images/big/1.webp|https://basket-45.wbbasket.ru/vol12847/part1284738/1284738199/images/big/2.webp|https://basket-45.wbbasket.ru/vol12847/part1284738/1284738199/images/big/3.webp|https://basket-45.wbbasket.ru/vol12847/part1284738/1284738199/images/big/4.webp|https://basket-45.wbbasket.ru/vol12847/part1284738/1284738199/images/big/5.webp|https://basket-45.wbbasket.ru/vol12847/part1284738/1284738199/images/big/6.webp;6;ok
103;trendyol;103_trendyol;https://www.trendyol.ae/xiaomi/mi-electric-kettle-2-kettle-1800-1-7-liter-p-730076283;Xiaomi Mi Electric Kettle 2 Kettle, 1800, 1.7 Liter;Xiaomi;Électroménager;Bouilloires électriques;244.83;AED;;https://cdn.dsmcdn.com/ty924/product/media/images/20230531/17/372680054/959754741/1/1_org_zoom.jpg|https://cdn.dsmcdn.com/ty925/product/media/images/20230531/17/372680054/959754741/2/2_org_zoom.jpg|https://cdn.dsmcdn.com/ty925/product/media/images/20230531/17/372680054/959754741/3/3_org_zoom.jpg|https://cdn.dsmcdn.com/ty921/product/media/images/20230531/17/372680054/959754741/4/4_org_zoom.jpg|https://cdn.dsmcdn.com/ty923/product/media/images/20230531/17/372680054/959754741/5/5_org_zoom.jpg|https://cdn.dsmcdn.com/ty925/product/media/images/20230531/17/372680054/959754741/6/6_org_zoom.jpg;6;ok
104;wildberries;104_wildberries;https://www.wildberries.ru/catalog/176310780/detail.aspx;Мультипечь Philips HD9200/90 Ovi Essential Airfryer, черная;PHILIPS;Électroménager;Air Fryers;25024;RUB;;https://basket-12.wbbasket.ru/vol1763/part176310/176310780/images/big/1.webp|https://basket-12.wbbasket.ru/vol1763/part176310/176310780/images/big/2.webp|https://basket-12.wbbasket.ru/vol1763/part176310/176310780/images/big/3.webp;3;ok
104;daraz;104_daraz;https://www.daraz.pk/products/hd920090-1400-i388030477-s1911209937.html?c=&channelLpJumpArgs=&clickTrackInfo=query%253APhilips%252BHD9200%25252F90%253Bnid%253A388030477%253Bsrc%253ALazadaMainSrp%253Brn%253A8f291e5acfcb18de3ca501a8a39dadad%253Bregion%253Apk%253Bsku%253A388030477_PK%253Bprice%253A42999%253Bclient%253Adesktop%253Bsupplier_id%253A6005033286005%253Bsession_id%253A%253Bbiz_source%253Ah5_external%253Bslot%253A5%253Butlog_bucket_id%253A470687%253Basc_category_id%253A8361%253Bitem_id%253A388030477%253Bsku_id%253A1911209937%253Bshop_id%253A965758%253BtemplateInfo%253A&freeshipping=0&fs_ab=1&fuse_fs=&lang=en&location=Sindh&price=42999&priceCompare=skuId%3A1911209937%3Bsource%3Alazada-search-voucher%3Bsn%3A8f291e5acfcb18de3ca501a8a39dadad%3BoriginPrice%3A4299900%3BdisplayPrice%3A4299900%3BisGray%3Afalse%3BsinglePromotionId%3A-1%3BsingleToolCode%3A-1%3BvoucherPricePlugin%3A0%3Btimestamp%3A1785415252415&ratingscore=5.0&request_id=8f291e5acfcb18de3ca501a8a39dadad&review=1&sale=5&search=1&source=search&spm=a2a0e.searchlist.list.5&stock=1;Philips Essential Airfryer HD9200/90 1400 W;No Brand;Électroménager;Air Fryers;42.999;PKR;;https://static-01.daraz.pk/p/2ab840ab427f4d601ab671c07b464a6a.jpg|https://static-01.daraz.pk/p/3e392e5b123381e5defeb2fcbc3a9d77.jpg|https://static-01.daraz.pk/p/77d2719bc8500e10b46e582ef6e51140.jpg;3;ok
105;wildberries;105_wildberries;https://www.wildberries.ru/catalog/210865945/detail.aspx;Аэрогриль Philips HD9252/70;PHILIPS;Électroménager;Air Fryers;4312.4;RUB;;https://basket-14.wbbasket.ru/vol2108/part210865/210865945/images/big/1.webp|https://basket-14.wbbasket.ru/vol2108/part210865/210865945/images/big/2.webp|https://basket-14.wbbasket.ru/vol2108/part210865/210865945/images/big/3.webp|https://basket-14.wbbasket.ru/vol2108/part210865/210865945/images/big/4.webp|https://basket-14.wbbasket.ru/vol2108/part210865/210865945/images/big/5.webp;5;ok
105;trendyol;105_trendyol;https://www.trendyol.ae/philips/essential-airfryer-6-2-l-hd9270-70-p-712525277;Philips Essential Airfryer 6.2 L HD9270-70;Philips;Électroménager;Air Fryers;359.00;AED;;https://cdn.dsmcdn.com/ty902/product/media/images/20230523/12/356299932/940432482/1/1_org_zoom.jpg|https://cdn.dsmcdn.com/ty900/product/media/images/20230523/12/356299932/940432482/2/2_org_zoom.jpg;2;ok
105;daraz;105_daraz;https://www.daraz.pk/products/3000-l-hd925290-i489682795-s2310021960.html?c=&channelLpJumpArgs=&clickTrackInfo=query%253APhilips%252BHD9252%25252F90%253Bnid%253A489682795%253Bsrc%253ALazadaMainSrp%253Brn%253Ac82f7a05dee305daf778a32d7987062b%253Bregion%253Apk%253Bsku%253A489682795_PK%253Bprice%253A53064%253Bclient%253Adesktop%253Bsupplier_id%253A6984%253Bsession_id%253A%253Bbiz_source%253Ah5_external%253Bslot%253A0%253Butlog_bucket_id%253A470687%253Basc_category_id%253A8361%253Bitem_id%253A489682795%253Bsku_id%253A2310021960%253Bshop_id%253A92105%253BtemplateInfo%253A&freeshipping=0&fs_ab=1&fuse_fs=&lang=en&location=Sindh&price=53064&priceCompare=skuId%3A2310021960%3Bsource%3Alazada-search-voucher%3Bsn%3Ac82f7a05dee305daf778a32d7987062b%3BoriginPrice%3A5306400%3BdisplayPrice%3A5306400%3BisGray%3Afalse%3BsinglePromotionId%3A50000073372002%3BsingleToolCode%3ApromPrice%3BvoucherPricePlugin%3A0%3Btimestamp%3A1785415431653&ratingscore=&request_id=c82f7a05dee305daf778a32d7987062b&review=0&sale=0&search=1&source=search&spm=a2a0e.searchlist.list.0&stock=1;Philips 3000 Series Airfryer L HD9252/90;No Brand;Électroménager;Air Fryers;52.500;PKR;;https://static-01.daraz.pk/p/b778f417f8a75e902af2c03b46f6ca71.jpg|https://static-01.daraz.pk/p/cc46f251a49224866d12d17e6eb1e15d.jpg|https://static-01.daraz.pk/p/74833906f37e68e93d9a1586afa17a76.jpg|https://static-01.daraz.pk/p/a8d54ad20cc2c6912d632ff7de9738dd.jpg|https://static-01.daraz.pk/p/5d786ed5bf62e76ad773d1a9a7e5666e.jpg|https://static-01.daraz.pk/p/10b21357c7ed7be17b8dcc650614e4ca.jpg;6;ok
106;jumia;106_jumia;https://www.jumia.ma/xiaomi-dual-zone-air-fryer-10l-black-67969318.html;Dual Zone Air Fryer 10L – Black;XIAOMI;Électroménager;Air Fryers;1599.00;MAD;"Double Zone 10L – Panier gauche 3,5L + panier droit 6,5L (pour un poulet entier) ; cuisinez 3 plats à la fois avec la grille incluse
Chauffe 2 700W Haute Puissance – Zones indépendantes 1 150W + 1 450W ; 71% plus efficace qu'un four classique
Circulation d'Air à 360° – Cuisson homogène et croustillante avec jusqu'à 88,3% de matières grasses en moins
Mode SYNC – Synchronisation intelligente pour que les deux paniers finissent en même temps, même avec des réglages différents
Températures de 40 à 230°C – De la déshydratation et fermentation douce au rôtissage et friture à haute température
9 Modes Prédéfinis + Mode Personnalisé 'M' – Écran tactile LED numérique pour un contrôle précis en un bouton
Rappel de Retournement – Alertes visuelles et sonores pour une cuisson homogène sans surveillance constante
Paniers Compatibles Lave-vaisselle – Revêtement anti-adhésif alimentaire ; arrêt automatique à l'ouverture du panier ; 101 recettes cloud via QR code";https://ma.jumia.is/unsafe/fit-in/680x680/filters:fill(white)/product/81/396976/1.jpg?8855|https://ma.jumia.is/unsafe/fit-in/680x680/filters:fill(white)/product/81/396976/2.jpg?8874|https://ma.jumia.is/unsafe/fit-in/680x680/filters:fill(white)/product/81/396976/3.jpg?8964;3;ok
106;wildberries;106_wildberries;https://www.wildberries.ru/catalog/498938847/detail.aspx;Аэрогриль с двумя чашами Dual Zone Air Fryer 10L MAF-D1001;Xiaomi;Électroménager;Air Fryers;13203;RUB;;https://basket-27.wbbasket.ru/vol4989/part498938/498938847/images/big/1.webp;1;ok
107;jumia;107_jumia;https://www.jumia.ma/tefal-friteuse-sans-huile-easy-fry-max-ey245810-5l-noir-66027483.html;Friteuse Sans Huile  Easy Fry Max EY245810 5L - Noir;Tefal;Électroménager;Air Fryers;999.00;MAD;"Puissance : 1 500 WÉcran LCD : Oui&nbsp;Arrêt automatique : Oui&nbsp;Compatible lave-vaisselle : Oui&nbsp;Coloris : Noir";https://ma.jumia.is/unsafe/fit-in/680x680/filters:fill(white)/product/38/472066/1.jpg?6995|https://ma.jumia.is/unsafe/fit-in/680x680/filters:fill(white)/product/38/472066/2.jpg?6995|https://ma.jumia.is/unsafe/fit-in/680x680/filters:fill(white)/product/38/472066/3.jpg?6995;3;ok
107;wildberries;107_wildberries;https://www.wildberries.ru/catalog/321612217/detail.aspx;Аэрогриль Tefal Easy Fry Compact EY145B10 3 л;Tefal;Électroménager;Air Fryers;7912;RUB;;https://basket-19.wbbasket.ru/vol3216/part321612/321612217/images/big/1.webp|https://basket-19.wbbasket.ru/vol3216/part321612/321612217/images/big/2.webp|https://basket-19.wbbasket.ru/vol3216/part321612/321612217/images/big/3.webp|https://basket-19.wbbasket.ru/vol3216/part321612/321612217/images/big/4.webp|https://basket-19.wbbasket.ru/vol3216/part321612/321612217/images/big/5.webp|https://basket-19.wbbasket.ru/vol3216/part321612/321612217/images/big/6.webp|https://basket-19.wbbasket.ru/vol3216/part321612/321612217/images/big/7.webp|https://basket-19.wbbasket.ru/vol3216/part321612/321612217/images/big/8.webp|https://basket-19.wbbasket.ru/vol3216/part321612/321612217/images/big/9.webp|https://basket-19.wbbasket.ru/vol3216/part321612/321612217/images/big/10.webp;10;ok
108;jumia;108_jumia;https://www.jumia.ma/delonghi-machine-expresso-pour-preparer-des-boissons-cafe-et-lactees-dedica-style-ec685inox-61395056.html;Machine expresso pour préparer des boissons café et lactées, Dedica Style EC685,INOX;DELONGHI;Électroménager;Machines à café;2299.00;MAD;Référence : EC685Puissance : 1 300WPression: 15 barsCapacité : 1.1 LDesign slim et compactCafé moulu ou dosettesFonction Cappuccino100 % MétalDouble tasse et grande tasseFonction vapeur et Auto-offCouleur : GRIS;https://ma.jumia.is/unsafe/fit-in/680x680/filters:fill(white)/product/65/059316/1.jpg?3905|https://ma.jumia.is/unsafe/fit-in/680x680/filters:fill(white)/product/65/059316/2.jpg?3905|https://ma.jumia.is/unsafe/fit-in/680x680/filters:fill(white)/product/65/059316/3.jpg?3905|https://ma.jumia.is/unsafe/fit-in/680x680/filters:fill(white)/product/65/059316/4.jpg?3905;4;ok
108;wildberries;108_wildberries;https://www.wildberries.ru/catalog/139508597/detail.aspx;Кофеварка рожковая EC.685.M;DeLonghi;Électroménager;Machines à café;22634;RUB;;https://basket-10.wbbasket.ru/vol1395/part139508/139508597/images/big/1.webp|https://basket-10.wbbasket.ru/vol1395/part139508/139508597/images/big/2.webp|https://basket-10.wbbasket.ru/vol1395/part139508/139508597/images/big/3.webp|https://basket-10.wbbasket.ru/vol1395/part139508/139508597/images/big/4.webp;4;ok
108;trendyol;108_trendyol;https://www.trendyol.ae/delonghi/ec685m-dedica-deluxe-espresso-and-coffee-machine-p-58267052;DelonghiEc685m Dedica Deluxe Espresso and Coffee Machine;Delonghi;Électroménager;Machines à café;442.52;AED;;https://cdn.dsmcdn.com/mnresize/300/-/sfweb/images/ae.png|https://cdn.dsmcdn.com/mnresize/620/920/ty1543/product/media/images/ty1544/prod/QC/20240914/18/ae6e4809-8894-3834-b502-756a9bf82790/1_org_zoom.jpg|https://cdn.dsmcdn.com/mnresize/620/920/ty1544/product/media/images/ty1542/prod/QC/20240914/18/23f8fb44-9a37-3fdd-9e78-31f074072a78/1_org_zoom.jpg|https://cdn.dsmcdn.com/mnresize/172/-/indexing-sticker-stamp/mars/acf59d35-333d-43ca-be8a-5521265f56e2.png|https://cdn.dsmcdn.com/mnresize/128/-/indexing-sticker-stamp/mars/bbac75ce-613b-481d-a55d-eeb3e19209c9.png|https://cdn.dsmcdn.com/mnresize/620/920/ty1543/product/media/images/ty1542/prod/QC/20240914/18/9e8b63ad-75bb-3f09-9067-90f6fbd67a69/1_org_zoom.jpg|https://cdn.dsmcdn.com/mnresize/620/920/ty1544/product/media/images/ty1542/prod/QC/20240914/18/3d2549c9-7180-3032-b472-7f66e0697368/1_org_zoom.jpg|https://cdn.dsmcdn.com/mnresize/620/920/ty1542/product/media/images/ty1544/prod/QC/20240914/18/3fd8c1ed-1bdb-3c91-be51-1e894cd6ea81/1_org_zoom.jpg|https://cdn.dsmcdn.com/mnresize/30/30/mobile/pdp/Additional/orange-heart_1f9e1.png|https://cdn.dsmcdn.com/mobile/international/PaymentLogo/tamara_snippet_en.png|https://cdn.dsmcdn.com/mobile/international/PaymentLogo/Tabby_snippet_new.png|https://cdn.dsmcdn.com/mobile/international/PaymentLogo/cod-v4.png|https://cdn.dsmcdn.com/mnresize/300/-/sfint/production/flags/ae.png|https://cdn.dsmcdn.com/indexing-sticker-stamp/mars/a4d2c8ce-c44e-4ea7-af5a-167d679a6974.png|https://cdn.dsmcdn.com/mnresize/220/170//ty1618/prod/QC/20241227/11/0f7fb2e6-9851-3b7c-a52a-fc3d696e5f62/1_org_zoom.jpg|https://cdn.dsmcdn.com/mnresize/220/170//ty1323/product/media/images/prod/PIM/20240522/12/5d0e8f43-dc8a-49fc-86a0-b4f1fd9f1761/1_org_zoom.jpg|https://cdn.dsmcdn.com/mnresize/220/170//ty1692/prod/QC_PREP/20250617/12/20703f85-c3cc-3d47-80c1-8ec4d9a38b4a/1_org_zoom.jpg|https://cdn.dsmcdn.com/mnresize/220/170//ty1436/product/media/images/prod/QC/20240723/01/c97fd9f9-fa5d-3fcb-9531-7ffc3b0ccee8/1_org_zoom.jpg|https://cdn.dsmcdn.com/ty1543/product/media/images/ty1544/prod/QC/20240914/18/ae6e4809-8894-3834-b502-756a9bf82790/1_org_zoom.jpg|https://cdn.dsmcdn.com/sfweb-checkout/images/basket-icon_1751630173674.png|https://cdn.dsmcdn.com/mobile/international/PaymentLogo/Mastercard3x.png|https://cdn.dsmcdn.com/mobile/international/PaymentLogo/Visa3x.png|https://cdn.dsmcdn.com/mobile/international/PaymentLogo/Applepay3x.png|https://cdn.dsmcdn.com/mobile/international/PaymentLogo/tamara_logo_en.png|https://cdn.dsmcdn.com/mobile/international/PaymentLogo/Tabby_Basket_new.png;25;ok
108;daraz;108_daraz;https://www.daraz.pk/products/ec685m-i427276750-s2032742940.html?c=&channelLpJumpArgs=&clickTrackInfo=query%253ADeLonghi%252BEC685.M%253Bnid%253A427276750%253Bsrc%253ALazadaMainSrp%253Brn%253A7c35c908cb3a93937b00ef616b851df2%253Bregion%253Apk%253Bsku%253A427276750_PK%253Bprice%253A65400%253Bclient%253Adesktop%253Bsupplier_id%253A6005008008074%253Bsession_id%253A%253Bbiz_source%253Ah5_external%253Bslot%253A2%253Butlog_bucket_id%253A470687%253Basc_category_id%253A10000599%253Bitem_id%253A427276750%253Bsku_id%253A2032742940%253Bshop_id%253A276458%253BtemplateInfo%253A&freeshipping=1&fs_ab=1&fuse_fs=&lang=en&location=Sindh&price=6.54E%204&priceCompare=skuId%3A2032742940%3Bsource%3Alazada-search-voucher%3Bsn%3A7c35c908cb3a93937b00ef616b851df2%3BoriginPrice%3A6540000%3BdisplayPrice%3A6540000%3BisGray%3Afalse%3BsinglePromotionId%3A-1%3BsingleToolCode%3AmockedSalePrice%3BvoucherPricePlugin%3A0%3Btimestamp%3A1785417427477&ratingscore=4.0&request_id=7c35c908cb3a93937b00ef616b851df2&review=4&sale=6&search=1&source=search&spm=a2a0e.searchlist.list.2&stock=1;Delonghi Dedica Pump Espresso Machine EC685.M;No Brand;Électroménager;Machines à café;65.400;PKR;;https://static-01.daraz.pk/p/17f5c1cc411e813575ae42a10ca91aef.png|https://youtu.be/idwxgYohK90|https://static-01.daraz.pk/p/1f57b920041975616259a95d6091d498.jpg|https://static-01.daraz.pk/p/58e8d0384c46fb9eb50adefcea380e05.png|https://static-01.daraz.pk/p/c2f56ead2c27cfeae4b0833954cb48e2.jpg|https://static-01.daraz.pk/p/10e0e855d40b19ed3949fefaf395a982.png|https://static-01.daraz.pk/p/3426227c859f3a96568ba3fe0303b9d4.png|https://static-01.daraz.pk/p/ac5f4a608169bbc08b11ba39524ac474.png|https://static-01.daraz.pk/p/7560d531d9f6a748f9c210879c175c4c.png|https://static-01.daraz.pk/p/1b12661024288c63aec389e1c8b6bcac.png|https://static-01.daraz.pk/p/4f719905b0d5b563997111b985dcd9d0.png|https://static-01.daraz.pk/p/b5b371b01451ebb3a3b0a8895ae6b5d5.png;12;ok
109;jumia;109_jumia;https://www.jumia.ma/delonghi-magnifica-start-machine-espresso-full-automatique-avec-bro-67248497.html;Magnifica Start  Machine espresso full automatique avec bro;DELONGHI;Électroménager;Machines à café;7999.00;MAD;"Caf&eacute; adapt&eacute; Sol et grain
Pression (bar)15
Puissance (W)1450
Capacit&eacute; du r&eacute;servoir d&#039;eau (L)1,8
Capacit&eacute; Grains de caf&eacute; (gr.)250
Niveaux de broyage13
Type de boissons
Vapeur, Expresso, Caf&eacute;, Doppio+
Convient aux boissons lact&eacute;es Non
Buse &agrave; vapeur Ou";https://ma.jumia.is/unsafe/fit-in/680x680/filters:fill(white)/product/79/484276/1.jpg?2182|https://ma.jumia.is/unsafe/fit-in/680x680/filters:fill(white)/product/79/484276/2.jpg?2183|https://ma.jumia.is/unsafe/fit-in/680x680/filters:fill(white)/product/79/484276/3.jpg?2184|https://ma.jumia.is/unsafe/fit-in/680x680/filters:fill(white)/product/79/484276/4.jpg?2186|https://ma.jumia.is/unsafe/fit-in/680x680/filters:fill(white)/product/79/484276/5.jpg?2188;5;ok
109;wildberries;109_wildberries;https://www.wildberries.ru/catalog/492890277/detail.aspx;Кофемашина DeLonghi Magnifica Start ECAM220.21.B;DeLonghi;Électroménager;Machines à café;46653;RUB;;https://basket-27.wbbasket.ru/vol4928/part492890/492890277/images/big/1.webp|https://basket-27.wbbasket.ru/vol4928/part492890/492890277/images/big/2.webp|https://basket-27.wbbasket.ru/vol4928/part492890/492890277/images/big/3.webp|https://basket-27.wbbasket.ru/vol4928/part492890/492890277/images/big/4.webp|https://basket-27.wbbasket.ru/vol4928/part492890/492890277/images/big/5.webp|https://basket-27.wbbasket.ru/vol4928/part492890/492890277/images/big/6.webp|https://basket-27.wbbasket.ru/vol4928/part492890/492890277/images/big/7.webp|https://basket-27.wbbasket.ru/vol4928/part492890/492890277/images/big/8.webp|https://basket-27.wbbasket.ru/vol4928/part492890/492890277/images/big/9.webp|https://basket-27.wbbasket.ru/vol4928/part492890/492890277/images/big/10.webp|https://basket-27.wbbasket.ru/vol4928/part492890/492890277/images/big/11.webp|https://basket-27.wbbasket.ru/vol4928/part492890/492890277/images/big/12.webp;12;ok
109;trendyol;109_trendyol;https://www.trendyol.ae/delonghi/magnifica-start-fully-automatic-espresso-coffee-machine-ecam220-31-sb-p-712605238;DelonghiMagnifica Start Fully Automatic Espresso Coffee Machine Ecam220.31.Sb;Delonghi;Électroménager;Machines à café;2626.98;AED;;https://cdn.dsmcdn.com/mnresize/300/-/sfweb/images/ae.png|https://cdn.dsmcdn.com/mnresize/620/920/ty1000393/product/media/images/prod/PIM/20260425/18/12dd7505-b361-4a4b-95ff-2f3b2b579203/1_org_zoom.jpg|https://cdn.dsmcdn.com/mnresize/620/920/ty1853/prod/QC_ENRICHMENT/20260409/13/fb08a510-a3cd-33c0-8116-6fc6bc1b80ca/1_org_zoom.jpg|https://cdn.dsmcdn.com/mnresize/620/920/ty1852/prod/QC_ENRICHMENT/20260409/13/172ecebe-1d6a-3dcc-8b2d-0ac1acf69d3d/1_org_zoom.jpg|https://cdn.dsmcdn.com/mnresize/620/920/ty1852/prod/QC_ENRICHMENT/20260409/13/8c9bbcd2-2b24-38d8-9112-f2520b9da19e/1_org_zoom.jpg|https://cdn.dsmcdn.com/mnresize/620/920/ty1853/prod/QC_ENRICHMENT/20260409/13/b2ee637a-f9d3-3f2f-8036-c5026c5ffbb3/1_org_zoom.jpg|https://cdn.dsmcdn.com/mnresize/620/920/ty1853/prod/QC_ENRICHMENT/20260409/13/d870cd45-2735-3d0c-aad6-f79f1bbd8041/1_org_zoom.jpg|https://cdn.dsmcdn.com/mnresize/620/920/ty1853/prod/QC_ENRICHMENT/20260409/13/f9bb73fc-b6a7-3e63-abd8-f58c196c6372/1_org_zoom.jpg|https://cdn.dsmcdn.com/mnresize/30/30/mobile/reviewrating/kamera-emoji6x.png|https://cdn.dsmcdn.com/mnresize/30/30/mobile/pdp/Additional/orange-heart_1f9e1.png|https://cdn.dsmcdn.com/mobile/international/PaymentLogo/tamara_snippet_en.png|https://cdn.dsmcdn.com/mobile/international/PaymentLogo/Tabby_snippet_new.png|https://cdn.dsmcdn.com/mobile/international/PaymentLogo/cod-v4.png|https://cdn.dsmcdn.com/indexing-sticker-stamp/mars/a4d2c8ce-c44e-4ea7-af5a-167d679a6974.png|https://cdn.dsmcdn.com/ty1000393/product/media/images/prod/PIM/20260425/18/12dd7505-b361-4a4b-95ff-2f3b2b579203/1_org_zoom.jpg|https://cdn.dsmcdn.com/sfweb-checkout/images/basket-icon_1751630173674.png|https://cdn.dsmcdn.com/mobile/international/PaymentLogo/Mastercard3x.png|https://cdn.dsmcdn.com/mobile/international/PaymentLogo/Visa3x.png|https://cdn.dsmcdn.com/mobile/international/PaymentLogo/Applepay3x.png|https://cdn.dsmcdn.com/mobile/international/PaymentLogo/tamara_logo_en.png|https://cdn.dsmcdn.com/mobile/international/PaymentLogo/Tabby_Basket_new.png;21;ok
110;wildberries;110_wildberries;https://www.wildberries.ru/catalog/258264215/detail.aspx;Рожковая кофеварка Stilosa EC235. CR;DeLonghi;Électroménager;Machines à café;23.74;RUB;;https://basket-16.wbbasket.ru/vol2582/part258264/258264215/images/big/1.webp|https://basket-16.wbbasket.ru/vol2582/part258264/258264215/images/big/2.webp|https://basket-16.wbbasket.ru/vol2582/part258264/258264215/images/big/3.webp|https://basket-16.wbbasket.ru/vol2582/part258264/258264215/images/big/4.webp|https://basket-16.wbbasket.ru/vol2582/part258264/258264215/images/big/5.webp|https://basket-16.wbbasket.ru/vol2582/part258264/258264215/images/big/6.webp;6;ok
110;daraz;110_daraz;https://www.daraz.pk/products/ec235bk-15-1-a-i379382172-s1872718586.html?c=&channelLpJumpArgs=&clickTrackInfo=query%253Adelonghi%252Bec235%253Bnid%253A379382172%253Bsrc%253ALazadaMainSrp%253Brn%253Ac95e228e2568e755fc8a806432e1cc63%253Bregion%253Apk%253Bsku%253A379382172_PK%253Bprice%253A74999%253Bclient%253Adesktop%253Bsupplier_id%253A6005035176901%253Bsession_id%253A%253Bbiz_source%253Ah5_external%253Bslot%253A1%253Butlog_bucket_id%253A470687%253Basc_category_id%253A10000599%253Bitem_id%253A379382172%253Bsku_id%253A1872718586%253Bshop_id%253A990692%253BtemplateInfo%253A&freeshipping=0&fs_ab=1&fuse_fs=&lang=en&location=Sindh&price=74999&priceCompare=skuId%3A1872718586%3Bsource%3Alazada-search-voucher%3Bsn%3Ac95e228e2568e755fc8a806432e1cc63%3BoriginPrice%3A7499900%3BdisplayPrice%3A7499900%3BisGray%3Afalse%3BsinglePromotionId%3A-1%3BsingleToolCode%3AmockedSalePrice%3BvoucherPricePlugin%3A0%3Btimestamp%3A1785417910395&ratingscore=&request_id=c95e228e2568e755fc8a806432e1cc63&review=&sale=0&search=1&source=search&spm=a2a0e.searchlist.list.1&stock=1;DeLonghi Stilosa Advanced EC235.BK Pump Coffee Maker with 15 Bar Pressure, 1100 W, 1 L, Black [Energy Class A+];No Brand;Électroménager;Machines à café;74.999;PKR;;https://static-01.daraz.pk/p/6e2814bef2bee72b38c81160a465302c.jpg|https://youtu.be/3oFBN9JtVAU|https://static-01.daraz.pk/p/4c3e9636517b3e4d3c35e222803f957e.jpg|https://static-01.daraz.pk/p/db3574c25fa56126edd829629d108eeb.jpg|https://static-01.daraz.pk/p/cd379008ad4716432aba1047c76d633e.jpg;5;ok
111;jumia;111_jumia;https://www.jumia.ma/delonghi-machine-espresso-specialista-arte-ec9155.mb-65777286.html;Machine Espresso Specialista Arte EC9155.MB;DELONGHI;Électroménager;Machines à café;5875.00;MAD;8 réglages de mouture, spécifiquement développés pour accueillir toutes les variétés de grains de café 3 niveaux de température de per fusion, capables de s’adapter à la variété des grains et à leur niveau de torréfactionun kit barista complet aide à éliminer le désordre lors du broyage et à obtenir un tassage précisBuse vapeur MyLatte Art parfaite pour réussir toutes vos mousses de lait et faire des créations Latte;https://ma.jumia.is/unsafe/fit-in/680x680/filters:fill(white)/product/68/277756/1.jpg?2166|https://ma.jumia.is/unsafe/fit-in/680x680/filters:fill(white)/product/68/277756/2.jpg?2166|https://ma.jumia.is/unsafe/fit-in/680x680/filters:fill(white)/product/68/277756/3.jpg?2166|https://ma.jumia.is/unsafe/fit-in/680x680/filters:fill(white)/product/68/277756/4.jpg?2166|https://ma.jumia.is/unsafe/fit-in/680x680/filters:fill(white)/product/68/277756/5.jpg?2166|https://ma.jumia.is/unsafe/fit-in/680x680/filters:fill(white)/product/68/277756/6.jpg?2166|https://ma.jumia.is/unsafe/fit-in/680x680/filters:fill(white)/product/68/277756/7.jpg?2166|https://ma.jumia.is/unsafe/fit-in/680x680/filters:fill(white)/product/68/277756/8.jpg?2166;8;ok
111;wildberries;111_wildberries;https://www.wildberries.ru/catalog/325826814/detail.aspx;Рожковая кофеварка La Specialista EC9155.MB;DeLonghi;Électroménager;Machines à café;51995;RUB;;https://basket-19.wbbasket.ru/vol3258/part325826/325826814/images/big/1.webp|https://basket-19.wbbasket.ru/vol3258/part325826/325826814/images/big/2.webp|https://basket-19.wbbasket.ru/vol3258/part325826/325826814/images/big/3.webp|https://basket-19.wbbasket.ru/vol3258/part325826/325826814/images/big/4.webp;4;ok
111;trendyol;111_trendyol;https://www.trendyol.ae/delonghi/the-specialist-arte-evo-ec9255-m-manual-barista-type-espresso-coffee-machine-p-925990796;Delonghi The Specialist Arte Evo, EC9255.M Manual Barista Type Espresso Coffee Machine;Delonghi;Électroménager;Machines à café;4374.5;AED;;https://cdn.dsmcdn.com/ty1000032/product/media/images/prod/PIM/20251112/10/4dd74ad2-bdd2-4cd6-8a35-0534d6a9d52b/1_org_zoom.jpg|https://cdn.dsmcdn.com/ty1798/prod/IMAGE_TRANSLATION_PIM/20251212/21/c305dc62-c3f9-4f62-b939-8d7eab5c1dcd/1_org_zoom.jpg|https://cdn.dsmcdn.com/ty1797/prod/IMAGE_TRANSLATION_PIM/20251213/00/47f44da8-c96b-4478-82c6-082e582baab4/1_org_zoom.jpg|https://cdn.dsmcdn.com/ty1798/prod/IMAGE_TRANSLATION_PIM/20251213/02/76e52bdb-8e9a-4c78-aa14-40f6a0381575/1_org_zoom.jpg|https://cdn.dsmcdn.com/ty1797/prod/IMAGE_TRANSLATION_PIM/20251212/22/58ac6139-a66f-49d8-9d82-bbf838fbb318/1_org_zoom.jpg|https://cdn.dsmcdn.com/ty1799/prod/IMAGE_TRANSLATION_PIM/20251212/22/86bd06d0-505a-4999-8608-ed2591283369/1_org_zoom.jpg|https://cdn.dsmcdn.com/ty1724/product/media/images/prod/PIM/20250812/06/3c9a82b2-df8a-4c2b-840c-024844748a9d/1_org_zoom.jpg|https://cdn.dsmcdn.com/ty1797/prod/IMAGE_TRANSLATION_PIM/20251213/00/5b77145c-3c13-4c8b-abec-ae86a4ad9b61/1_org_zoom.jpg|https://cdn.dsmcdn.com/ty1799/prod/IMAGE_TRANSLATION_PIM/20251213/14/4ae71374-3667-4b57-9795-b11931203ffc/1_org_zoom.jpg|https://cdn.dsmcdn.com/ty1723/product/media/images/prod/PIM/20250812/06/11d49961-03a3-4f29-adc7-7730aaf7cc3a/1_org_zoom.jpg;10;ok
111;daraz;111_daraz;https://www.daraz.pk/products/ec9155mb-i482649780-s2270137080.html?c=&channelLpJumpArgs=&clickTrackInfo=query%253ADELONGHI%252B%252BEC9155.MB%253Bnid%253A482649780%253Bsrc%253ALazadaMainSrp%253Brn%253Aeb0d5750cbdc511ddc4c76f3c18bc93f%253Bregion%253Apk%253Bsku%253A482649780_PK%253Bprice%253A309999%253Bclient%253Adesktop%253Bsupplier_id%253A6005008257095%253Bsession_id%253A%253Bbiz_source%253Ah5_external%253Bslot%253A3%253Butlog_bucket_id%253A470687%253Basc_category_id%253A20000424%253Bitem_id%253A482649780%253Bsku_id%253A2270137080%253Bshop_id%253A283414%253BtemplateInfo%253A-1_A3_C%2523&freeshipping=0&fs_ab=1&fuse_fs=&lang=en&location=Sindh&price=309999&priceCompare=skuId%3A2270137080%3Bsource%3Alazada-search-voucher%3Bsn%3Aeb0d5750cbdc511ddc4c76f3c18bc93f%3BoriginPrice%3A30999900%3BdisplayPrice%3A30999900%3BisGray%3Afalse%3BsinglePromotionId%3A-1%3BsingleToolCode%3A-1%3BvoucherPricePlugin%3A0%3Btimestamp%3A1785418220800&ratingscore=&request_id=eb0d5750cbdc511ddc4c76f3c18bc93f&review=&sale=0&search=1&source=search&spm=a2a0e.searchlist.list.3&stock=0;Delonghi La Specialista Arte Metal Black EC9155.MB;No Brand;Électroménager;Machines à café;309.999;PKR;Specifications Technical Data Weight (Kg) - 9.8 Water tank capacity (l) - 1.5 Input power (W) - 1550 Dimensions (wxdxh) (mm) - 285x365x400 (with bean container) Maximum cup height (mm) - 120 Pump pressure (bar) - 15 Rated voltage/Frequency (V~Hz) - 220-240 V / 50-60 Hz Functions Espresso ✔ Americano/Long Black ✔ Hot Water ✔ Colour Material Finish Body material - Metal and Black Plastic Colour - Black metal Finishing - Matt Control panel Controls - Coffee dose dial, Single/Double Cup, Temperature selector, OK, Beverage selector, Steam Button Features Cup holder ✔ Milk System - My Latte Art Auto shut-off ✔ Heating System - Thermoblock Removable water tank ✔ Removable drip tray ✔ Water level indicator ✔ Number of filters - 2 Grinding setting - 8 Temperature setting - 3 Type of filter - Pressurised / Double wall coffee filters Personalisation Accessories Coffee tamper - Tamping Station Milk jug - ✔ PRODUCT DESCRIPTION INCLUDED ITEMS PRODUCT DISPLAY Specifications Technical Data Weight (Kg) - 9.8 Water tank capacity (l) - 1.5 Input power (W) - 1550 Dimensions (wxdxh) (mm) - 285x365x400 (with bean container) Maximum cup height (mm) - 120 Pump pressure (bar) - 15 Rated voltage/Frequency (V~Hz) - 220-240 V / 50-60 Hz Functions Espresso ✔ Americano/Long Black ✔ Hot Water ✔ Colour Material Finish Body material - Metal and Black Plastic Colour - Black metal Finishing - Matt Control panel Controls - Coffee dose dial, Single/Double Cup, Temperature selector, OK, Beverage selector, Steam Button Features Cup holder ✔ Milk System - My Latte Art Auto shut-off ✔ Heating System - Thermoblock Removable water tank ✔ Removable drip tray ✔ Water level indicator ✔ Number of filters - 2 Grinding setting - 8 Temperature setting - 3 Type of filter - Pressurised / Double wall coffee filters Personalisation Accessories Coffee tamper - Tamping Station Milk jug - ✔ PRODUCT DESCRIPTION INCLUDED ITEMS PRODUCT DISPLAY Specifications of Brand No Brand SKU 482649780_PK-2270137080 Model EC9155.MB Home ;https://static-01.daraz.pk/p/08c538763cb9f9c0fa6f0ebea2e4bbd9.jpg|https://static-01.daraz.pk/p/c817a1f798041ed641185546c500050c.jpg|https://static-01.daraz.pk/p/205412cfe6a42d90954319745f55d861.jpg|https://static-01.daraz.pk/p/1d0ae45613b3ac9ade2a614c3b19ca8f.jpg|https://static-01.daraz.pk/p/0319180a335b111e92bbda138414ea59.jpg;5;ok
112;jumia;112_jumia;https://www.jumia.ma/delonghi-machine-espresso-full-automatique-magnifica-s-ecam22.110.b-noir-67690045.html;Machine Espresso Full Automatique Magnifica S ECAM22.110.B – Noir;DELONGHI;Électroménager;Machines à café;3999.00;MAD;Description du produit: DeLonghi Magnifica S ECAM 22.110.BDesign de la caisse: AutonomeCouleur: ArgentCapacité en tasses: 14 tassesType d'entrée à café: Café en grains, Café mouluTypes de boisson: Cappucino, Café, Espresso, Eau chaudeCharge connectée: 1450 WFréquence d'entrée AC: 50/60 HzLargeur: 23,8 cmProfondeur: 43 cm;https://ma.jumia.is/unsafe/fit-in/680x680/filters:fill(white)/product/54/009676/1.jpg?6970|https://ma.jumia.is/unsafe/fit-in/680x680/filters:fill(white)/product/54/009676/2.jpg?6970|https://ma.jumia.is/unsafe/fit-in/680x680/filters:fill(white)/product/54/009676/3.jpg?6970|https://ma.jumia.is/unsafe/fit-in/680x680/filters:fill(white)/product/54/009676/4.jpg?6970|https://ma.jumia.is/unsafe/fit-in/680x680/filters:fill(white)/product/54/009676/5.jpg?6970|https://ma.jumia.is/unsafe/fit-in/680x680/filters:fill(white)/product/54/009676/6.jpg?6970|https://ma.jumia.is/unsafe/fit-in/680x680/filters:fill(white)/product/54/009676/7.jpg?6970|https://ma.jumia.is/unsafe/fit-in/680x680/filters:fill(white)/product/54/009676/8.jpg?6970;8;ok
112;wildberries;112_wildberries;https://www.wildberries.ru/catalog/282481805/detail.aspx;Кофемашина автоматическая DeLonghi ECAM 22.110.B;DeLonghi;Électroménager;Machines à café;38996;RUB;;https://basket-17.wbbasket.ru/vol2824/part282481/282481805/images/big/1.webp|https://basket-17.wbbasket.ru/vol2824/part282481/282481805/images/big/2.webp|https://basket-17.wbbasket.ru/vol2824/part282481/282481805/images/big/3.webp|https://basket-17.wbbasket.ru/vol2824/part282481/282481805/images/big/4.webp|https://basket-17.wbbasket.ru/vol2824/part282481/282481805/images/big/5.webp|https://basket-17.wbbasket.ru/vol2824/part282481/282481805/images/big/6.webp|https://basket-17.wbbasket.ru/vol2824/part282481/282481805/images/big/7.webp|https://basket-17.wbbasket.ru/vol2824/part282481/282481805/images/big/8.webp|https://basket-17.wbbasket.ru/vol2824/part282481/282481805/images/big/9.webp;9;ok
113;wildberries;113_wildberries;https://www.wildberries.ru/catalog/1055921926/detail.aspx;Кофемашина Philips Series 2200 EP2220/10;PHILIPS;Électroménager;Machines à café;34155;RUB;;https://basket-42.wbbasket.ru/vol10559/part1055921/1055921926/images/big/1.webp|https://basket-42.wbbasket.ru/vol10559/part1055921/1055921926/images/big/2.webp;2;ok
113;trendyol;113_trendyol;https://www.trendyol.ae/philips/2200-series-ep2220-10-full-automatic-espresso-machine-p-811870222;Philips 2200 Series EP2220/10 Full automatic espresso machine;Philips;Électroménager;Machines à café;1329.05;AED;;https://cdn.dsmcdn.com/ty1195/product/media/images/prod/SPM/PIM/20240306/10/937dcb4e-f24b-3b2a-ba3e-0e5e3b814eef/1_org_zoom.jpg|https://cdn.dsmcdn.com/ty1195/product/media/images/prod/SPM/PIM/20240306/10/babe1aed-b269-335d-9430-467d96ea6ac3/1_org_zoom.jpg|https://cdn.dsmcdn.com/ty1195/product/media/images/prod/SPM/PIM/20240306/10/377d630c-8030-3247-ade7-48e6bfea0197/1_org_zoom.jpg;3;ok
113;daraz;113_daraz;https://www.daraz.pk/products/2200-ep222010-i429917990-s2047404791.html?c=&channelLpJumpArgs=&clickTrackInfo=query%253APhilips%252BEP2220%253Bnid%253A429917990%253Bsrc%253ALazadaMainSrp%253Brn%253A04c45e68eee4755f09a8a4fb7b3f8824%253Bregion%253Apk%253Bsku%253A429917990_PK%253Bprice%253A184999%253Bclient%253Adesktop%253Bsupplier_id%253A6005008008074%253Bsession_id%253A%253Bbiz_source%253Ah5_external%253Bslot%253A1%253Butlog_bucket_id%253A470687%253Basc_category_id%253A10000599%253Bitem_id%253A429917990%253Bsku_id%253A2047404791%253Bshop_id%253A276458%253BtemplateInfo%253A&freeshipping=1&fs_ab=1&fuse_fs=&lang=en&location=Sindh&price=184999&priceCompare=skuId%3A2047404791%3Bsource%3Alazada-search-voucher%3Bsn%3A04c45e68eee4755f09a8a4fb7b3f8824%3BoriginPrice%3A18499900%3BdisplayPrice%3A18499900%3BisGray%3Afalse%3BsinglePromotionId%3A-1%3BsingleToolCode%3AmockedSalePrice%3BvoucherPricePlugin%3A0%3Btimestamp%3A1785418767773&ratingscore=&request_id=04c45e68eee4755f09a8a4fb7b3f8824&review=0&sale=0&search=1&source=search&spm=a2a0e.searchlist.list.1&stock=1;Philips Series 2200 Fully automatic espresso machines EP2220/10;No Brand;Électroménager;Machines à café;184.999;PKR;;https://static-01.daraz.pk/p/b88ae113bfd273a429ed1a6e584d1714.jpg|https://youtu.be/uOVhHPhuU4c|https://static-01.daraz.pk/p/489f38e73fafaa36761f4b447f65bebe.png|https://static-01.daraz.pk/p/ff30d7b00f85c6509b3e97b4c2081a9b.png|https://static-01.daraz.pk/p/d54b6f786ccd4bd184c98a81fbb4c241.png|https://static-01.daraz.pk/p/a492e4551b4c78194c1acb2158587059.png;6;ok
114;jumia;114_jumia;https://www.jumia.ma/nespresso-machine-a-cafe-essenza-mini-c30-noir-pack-7-capsules-68161514.html;MACHINE A CAFE ESSENZA MINI C30 NOIR + PACK 7 CAPSULES;Nespresso;Électroménager;Machines à café;1299.00;MAD;Design compact & moderne : Présente des lignes épurées et une forme légèrement triangulaire qui apporte une touche dynamique à votre cuisine.Pression de 19 bars : Garantit une extraction optimale des arômes pour un espresso avec une crema onctueuse.Préchauffage rapide : La machine est prête en seulement 25 secondes.Deux tailles de tasses programmables :Espresso (40 ml)Lungo (110 ml)Économie d'énergie : Mode éco après 3 minutes d'inactivité et arrêt automatique après 9 minutes.;https://ma.jumia.is/unsafe/fit-in/680x680/filters:fill(white)/product/41/516186/1.jpg?1910|https://ma.jumia.is/unsafe/fit-in/680x680/filters:fill(white)/product/41/516186/2.jpg?1910|https://ma.jumia.is/unsafe/fit-in/680x680/filters:fill(white)/product/41/516186/3.jpg?1910|https://ma.jumia.is/unsafe/fit-in/680x680/filters:fill(white)/product/41/516186/4.jpg?1910;4;ok
114;wildberries;114_wildberries;https://www.wildberries.ru/catalog/192377306/detail.aspx;Капсульная кофемашина Essenza Mini White;Nespresso;Électroménager;Machines à café;23851;RUB;;https://basket-13.wbbasket.ru/vol1923/part192377/192377306/images/big/1.webp;1;ok
114;trendyol;114_trendyol;https://www.trendyol.ae/nespresso/c30-essenza-mini-espresso-coffee-machine-gray-p-3464694;NespressoC30 Essenza Mini Espresso Coffee Machine, Gray;Nespresso;Électroménager;Machines à café;697.74;AED;;https://cdn.dsmcdn.com/mnresize/300/-/sfweb/images/ae.png|https://cdn.dsmcdn.com/mnresize/620/920/ty1526/product/media/images/prod/QC/20240905/14/e5b3a4b1-8a85-3db5-87d6-ae50015cad3f/1_org_zoom.jpg|https://cdn.dsmcdn.com/mnresize/620/920/ty1798/prod/IMAGE_TRANSLATION_PIM/20251213/11/e6b33ee9-fea9-41bf-b3e7-170879680f20/1_org_zoom.jpg|https://cdn.dsmcdn.com/mnresize/620/920/ty1799/prod/IMAGE_TRANSLATION_PIM/20251213/12/03ef9e42-9510-4050-a39c-459f86b94de4/1_org_zoom.jpg|https://cdn.dsmcdn.com/mnresize/620/920/ty1791/prod/IMAGE_TRANSLATION_PIM/20251121/23/957223ac-83c1-4696-8ee7-9a3e2f6962fd/1_org_zoom.jpg|https://cdn.dsmcdn.com/mnresize/620/920/ty1525/product/media/images/prod/QC/20240905/14/420028d2-ea19-3203-8ecc-6dfbba6b2209/1_org_zoom.jpg|https://cdn.dsmcdn.com/mnresize/620/920/ty1526/product/media/images/prod/QC/20240905/14/c88a0a47-8dc0-3f52-a23a-c0ae34dc5350/1_org_zoom.jpg|https://cdn.dsmcdn.com/mnresize/620/920/ty1525/product/media/images/prod/QC/20240905/14/b0c8a9d8-59a3-32ab-bbf6-af490ddb15d1/1_org_zoom.jpg|https://cdn.dsmcdn.com/mnresize/30/30/mobile/reviewrating/kamera-emoji6x.png|https://cdn.dsmcdn.com/mnresize/30/30/mobile/pdp/Additional/orange-heart_1f9e1.png|https://cdn.dsmcdn.com/mobile/international/PaymentLogo/tamara_snippet_en.png|https://cdn.dsmcdn.com/mobile/international/PaymentLogo/Tabby_snippet_new.png|https://cdn.dsmcdn.com/mobile/international/PaymentLogo/cod-v4.png|https://cdn.dsmcdn.com/indexing-sticker-stamp/mars/a4d2c8ce-c44e-4ea7-af5a-167d679a6974.png|https://cdn.dsmcdn.com/ty1526/product/media/images/prod/QC/20240905/14/e5b3a4b1-8a85-3db5-87d6-ae50015cad3f/1_org_zoom.jpg|https://cdn.dsmcdn.com/sfweb-checkout/images/basket-icon_1751630173674.png|https://cdn.dsmcdn.com/mobile/international/PaymentLogo/Mastercard3x.png|https://cdn.dsmcdn.com/mobile/international/PaymentLogo/Visa3x.png|https://cdn.dsmcdn.com/mobile/international/PaymentLogo/Applepay3x.png|https://cdn.dsmcdn.com/mobile/international/PaymentLogo/tamara_logo_en.png|https://cdn.dsmcdn.com/mobile/international/PaymentLogo/Tabby_Basket_new.png;21;ok
114;daraz;114_daraz;https://www.daraz.pk/products/-i943869970-s4004706334.html?c=&channelLpJumpArgs=&clickTrackInfo=query%253ANespresso%252BEssenza%252BMini%253Bnid%253A943869970%253Bsrc%253ALazadaMainSrp%253Brn%253A529c79c73a0350c496c8e80c8a141bf7%253Bregion%253Apk%253Bsku%253A943869970_PK%253Bprice%253A69999%253Bclient%253Adesktop%253Bsupplier_id%253A6005020998935%253Bsession_id%253A%253Bbiz_source%253Ah5_external%253Bslot%253A0%253Butlog_bucket_id%253A470687%253Basc_category_id%253A20000424%253Bitem_id%253A943869970%253Bsku_id%253A4004706334%253Bshop_id%253A827293%253BtemplateInfo%253A-1_A3_C%2523&freeshipping=0&fs_ab=1&fuse_fs=&lang=en&location=Punjab&price=69999&priceCompare=skuId%3A4004706334%3Bsource%3Alazada-search-voucher%3Bsn%3A529c79c73a0350c496c8e80c8a141bf7%3BoriginPrice%3A6999900%3BdisplayPrice%3A6999900%3BisGray%3Afalse%3BsinglePromotionId%3A-1%3BsingleToolCode%3AmockedSalePrice%3BvoucherPricePlugin%3A0%3Btimestamp%3A1785418962322&qSellingPoint=p--essenza%20mini___b--nespresso&ratingscore=&request_id=529c79c73a0350c496c8e80c8a141bf7&review=&sale=1&search=1&source=search&spm=a2a0e.searchlist.list.0&stock=0;Nespresso Essenza Mini Coffee Machine by Nespresso, Piano Black - UAE Version;Nespresso;Électroménager;Machines à café;69.999;PKR;"Brand ‎Nespresso Model Number ‎7630039618612 Color ‎Black Product Dimensions ‎3.31 x 12.99 x 8.03 cm; 2.8 kg Capacity ‎0.6 Liters Power / Wattage ‎1310 watts Voltage ‎240 Material ‎Plastic Auto Shutoff ‎Yes Special Features ‎Compact and easy to use: Ultra-light and ultra-compact Essenza Mini machine combines a pure sleek compact design (8.4cm W x 20.4cm H x 33cm L) with the simplicity of use to make a perfect espresso. The machine is easy to place and move around any kitchen or home, Energy saving: An eco mode after 2 minutes and an automatic off mode after 9 minutes of inactivity, consuming less energy, Handy interface: 2 programmable coffee selections with automatic flow-stop for Espresso and Lungo preparations, High–tech: 19-bar high-pressure pump and fast heat-up system (in only a few seconds). Easy insertion, automatic piercing and brewing of coffee capsules, Programmable Item Weight ‎2.8 Kilograms Previous page Next page Previous page Next page Previous page Specifications of Brand Nespresso SKU 943869970_PK-4004706334 What’s in the box Coffee Machine";https://static-01.daraz.pk/p/bd86317a4ecbd623f8dacbb08edf71f1.jpg|https://static-01.daraz.pk/p/1e121236ee9fbfbec151d6af925b793c.jpg|https://static-01.daraz.pk/p/5a613d0dab2844f86f8e1043d4b379ff.jpg|https://static-01.daraz.pk/p/00ef0b63942ed524e2ff8104d5854c05.jpg|https://static-01.daraz.pk/p/3fa90e806aa849bc89739a396f58bf87.jpg|https://static-01.daraz.pk/p/e5742eb9b5d5bc91cca7a52029287b2f.jpg|https://static-01.daraz.pk/p/48c66d506efe9bca1382d0dee1061664.jpg|https://static-01.daraz.pk/p/dff15aba078365ef091013fdc7658cc4.jpg;8;ok
115;jumia;115_jumia;https://www.jumia.ma/nespresso-machine-a-cafe-inissia-noir-coffret-7-capsules-68167220.html;Machine à café Inissia Noir + coffret 7 Capsules;Nespresso;Électroménager;Machines à café;1199.00;MAD;Arrêt automatique du café.Design innovant et tout en hauteur.Puissance : 1 260 WHauteur: 32.1 Centimeter;https://ma.jumia.is/unsafe/fit-in/680x680/filters:fill(white)/product/02/276186/1.jpg?2813|https://ma.jumia.is/unsafe/fit-in/680x680/filters:fill(white)/product/02/276186/2.jpg?2813|https://ma.jumia.is/unsafe/fit-in/680x680/filters:fill(white)/product/02/276186/3.jpg?2813|https://ma.jumia.is/unsafe/fit-in/680x680/filters:fill(white)/product/02/276186/4.jpg?2813|https://ma.jumia.is/unsafe/fit-in/680x680/filters:fill(white)/product/02/276186/5.jpg?2813;5;ok
115;wildberries;115_wildberries;https://www.wildberries.ru/catalog/397011938/detail.aspx;Капсульная кофемашина Nespresso Inissia EN80.B, черный;Nespresso;Électroménager;Machines à café;15320;RUB;;https://basket-23.wbbasket.ru/vol3970/part397011/397011938/images/big/1.webp|https://basket-23.wbbasket.ru/vol3970/part397011/397011938/images/big/2.webp|https://basket-23.wbbasket.ru/vol3970/part397011/397011938/images/big/3.webp|https://basket-23.wbbasket.ru/vol3970/part397011/397011938/images/big/4.webp|https://basket-23.wbbasket.ru/vol3970/part397011/397011938/images/big/5.webp;5;ok
115;trendyol;115_trendyol;https://www.trendyol.ae/nespresso/inissia-d40-black-coffee-machine-aeroccino-3-milk-frother-coffee-set-p-1130195126;Nespresso Inissia D40 Black Coffee Machine & Aeroccino 3 Milk Frother Coffee Set;Nespresso;Électroménager;Machines à café;1299.00;AED;;https://cdn.dsmcdn.com/ty1000388/product/media/images/prod/PIM/20260420/12/adbf4498-5b1b-47fc-bf88-9ade27fe20f9/1_org_zoom.jpg|https://cdn.dsmcdn.com/ty1000390/product/media/images/prod/PIM/20260420/12/0ba42490-2b1a-4d8e-acf6-fcbf34f3efad/1_org_zoom.jpg|https://cdn.dsmcdn.com/ty1000389/product/media/images/prod/PIM/20260420/12/d572528d-1f4e-47a3-99b2-bdd181627b33/1_org_zoom.jpg|https://cdn.dsmcdn.com/ty1000389/product/media/images/prod/PIM/20260420/12/5518c86a-b082-45b6-ae28-e3c26633c688/1_org_zoom.jpg|https://cdn.dsmcdn.com/ty1000390/product/media/images/prod/PIM/20260420/12/a1be927c-0b22-4ee9-a59a-7af3099114d6/1_org_zoom.jpg|https://cdn.dsmcdn.com/ty1000388/product/media/images/prod/PIM/20260420/12/38aa1cfa-332f-41bc-84c9-e8242567bacc/1_org_zoom.jpg|https://cdn.dsmcdn.com/ty1000389/product/media/images/prod/PIM/20260420/12/fde11c47-5ed8-4927-a78c-6d6d0443b409/1_org_zoom.jpg|https://cdn.dsmcdn.com/ty1000389/product/media/images/prod/PIM/20260420/12/d7c85ced-67a7-430e-ac86-c1bfd40cac18/1_org_zoom.jpg|https://cdn.dsmcdn.com/ty1000388/product/media/images/prod/PIM/20260420/12/a0b0981c-4e38-464f-b613-8a2375d7af78/1_org_zoom.jpg;9;ok
116;jumia;116_jumia;https://www.jumia.ma/nespresso-cafetiere-citiz-d113-eu-bk-ne-noir-65973904.html;Cafetière CITIZ - D113-EU-BK-NE - NOIR;Nespresso;Électroménager;Machines à café;2899.00;MAD;Capacité du bac pour capsules usagées: 9 Extinction automatique après 9 min : programmable Capacité du réservoir d'eau: 1 l Dimensions (LxHxl): 13x37.2x27.8 cm Pression: 19 Bar Arrêt automatique après 9 mins;https://ma.jumia.is/unsafe/fit-in/680x680/filters:fill(white)/product/40/937956/1.jpg?9826|https://ma.jumia.is/unsafe/fit-in/680x680/filters:fill(white)/product/40/937956/2.jpg?9826|https://ma.jumia.is/unsafe/fit-in/680x680/filters:fill(white)/product/40/937956/3.jpg?9826|https://ma.jumia.is/unsafe/fit-in/680x680/filters:fill(white)/product/40/937956/4.jpg?9826;4;ok
116;wildberries;116_wildberries;https://www.wildberries.ru/catalog/321088469/detail.aspx;Кофемашина капсульная Неспрессо Citiz D113 системы original;Nespresso;Électroménager;Machines à café;39880;RUB;;https://basket-19.wbbasket.ru/vol3210/part321088/321088469/images/big/1.webp|https://basket-19.wbbasket.ru/vol3210/part321088/321088469/images/big/2.webp|https://basket-19.wbbasket.ru/vol3210/part321088/321088469/images/big/3.webp|https://basket-19.wbbasket.ru/vol3210/part321088/321088469/images/big/4.webp|https://basket-19.wbbasket.ru/vol3210/part321088/321088469/images/big/5.webp|https://basket-19.wbbasket.ru/vol3210/part321088/321088469/images/big/6.webp|https://basket-19.wbbasket.ru/vol3210/part321088/321088469/images/big/7.webp;7;ok
117;jumia;117_jumia;https://www.jumia.ma/nespresso-cafetiere-mini-essenza-c30-noir-65973902.html;Cafetière Mini ESSENZA C30 - Noir ;Nespresso;Électroménager;Machines à café;1699.00;MAD;Référence fournisseur : ESSENZA MINI C30 BLACKHauteur : 20,4 cmLargeur : 8,4 cmProfondeur : 33 cmPoids : 2300 g / 2,3 kgGarantie : 2 ans;https://ma.jumia.is/unsafe/fit-in/680x680/filters:fill(white)/product/20/937956/1.jpg?9805|https://ma.jumia.is/unsafe/fit-in/680x680/filters:fill(white)/product/20/937956/2.jpg?9805|https://ma.jumia.is/unsafe/fit-in/680x680/filters:fill(white)/product/20/937956/3.jpg?9805|https://ma.jumia.is/unsafe/fit-in/680x680/filters:fill(white)/product/20/937956/4.jpg?9805;4;ok
117;wildberries;117_wildberries;https://www.wildberries.ru/catalog/192377306/detail.aspx;Капсульная кофемашина Essenza Mini White;Nespresso;Électroménager;Machines à café;23851;RUB;;https://basket-13.wbbasket.ru/vol1923/part192377/192377306/images/big/1.webp;1;ok
117;trendyol;117_trendyol;https://www.trendyol.ae/nespresso/essenza-mini-c35-black-coffee-machine-aeroccino-3-milk-frother-coffee-set-p-1130195124;Nespresso Essenza Mini C35 Black Coffee Machine & Aeroccino 3 Milk Frother Coffee Set;Nespresso;Électroménager;Machines à café;767.52;AED;;https://cdn.dsmcdn.com/ty1000389/product/media/images/prod/PIM/20260420/09/95f1fb5f-ad26-4693-ba05-fefea207a414/1_org_zoom.jpg|https://cdn.dsmcdn.com/ty1000389/product/media/images/prod/PIM/20260420/09/1b370d37-b80d-4b9f-bd37-069a0b6ee9c3/1_org_zoom.jpg|https://cdn.dsmcdn.com/ty1000388/product/media/images/prod/PIM/20260420/09/e94c3100-9097-42ee-9374-6119a74f44a6/1_org_zoom.jpg|https://cdn.dsmcdn.com/ty1000389/product/media/images/prod/PIM/20260420/09/645c5c2b-08d7-4d26-845c-1b6a2cca6323/1_org_zoom.jpg|https://cdn.dsmcdn.com/ty1000389/product/media/images/prod/PIM/20260420/09/11131136-de5a-46bf-9e3c-7c562167c34d/1_org_zoom.jpg|https://cdn.dsmcdn.com/ty1000390/product/media/images/prod/PIM/20260420/09/35e9f546-f42c-4a4c-abca-a2a4cfab2875/1_org_zoom.jpg|https://cdn.dsmcdn.com/ty1000390/product/media/images/prod/PIM/20260420/09/4515b6e9-a5cf-4f71-a595-7ee9d3e2c56d/1_org_zoom.jpg|https://cdn.dsmcdn.com/ty1000389/product/media/images/prod/PIM/20260420/09/94ea38e0-4be7-436c-84f0-42cecde2d21a/1_org_zoom.jpg|https://cdn.dsmcdn.com/ty1000390/product/media/images/prod/PIM/20260420/09/721dd48d-49ce-40e7-b606-81f32c36f107/1_org_zoom.jpg|https://cdn.dsmcdn.com/ty1000388/product/media/images/prod/PIM/20260420/09/a46fa2ca-6e36-4fb7-80b2-47ea697754cc/1_org_zoom.jpg;10;ok
118;jumia;118_jumia;https://www.jumia.ma/nespresso-cafetiere-pixie-titanium-c62-0.7l-19-bar-arret-automatique-2-mins-coffret-7-capsules-68163603.html;Cafetière - PIXIE TITANIUM C62 - 0.7L - 19 bar - Arrêt automatique 2 mins + coffret 7 capsules ;Nespresso;Électroménager;Machines à café;1749.00;MAD;Pression 19 bars : Extraction optimale pour un café de qualité.Chauffage rapide : Prêt en seulement 25 secondes.Design compact : Corps en aluminium, idéal pour petits espaces.Réservoir 0,7 L : Pour préparer plusieurs cafés sans recharger fréquemment.Programmes Espresso et Lungo : Deux tailles de café préprogrammées.Économie d'énergie : Arrêt automatique après 2 minutes d'inactivité.Système d'éjection automatique : Capsules usagées éjectées automatiquement.Tiroir à capsules usagées : Capacité de 9 capsules usagées.Boutons rétroéclairés : Facilité d'utilisation même dans l’obscurité.Système Thermoblock : Chauffe l’eau à la température idéale rapidement.Bac à égouttement amovible : Facile à nettoyer.Compatible avec les capsules Original : Large choix de cafés en dosettes.;https://ma.jumia.is/unsafe/fit-in/680x680/filters:fill(white)/product/30/636186/1.jpg?4924|https://ma.jumia.is/unsafe/fit-in/680x680/filters:fill(white)/product/30/636186/2.jpg?4924|https://ma.jumia.is/unsafe/fit-in/680x680/filters:fill(white)/product/30/636186/3.jpg?4924|https://ma.jumia.is/unsafe/fit-in/680x680/filters:fill(white)/product/30/636186/4.jpg?4924|https://ma.jumia.is/unsafe/fit-in/680x680/filters:fill(white)/product/30/636186/5.jpg?4924|https://ma.jumia.is/unsafe/fit-in/680x680/filters:fill(white)/product/30/636186/6.jpg?4924;6;ok
118;wildberries;118_wildberries;https://www.wildberries.ru/catalog/321088480/detail.aspx;Кофемашина капсульная Неспрессо Pixie C62 Titan;Nespresso;Électroménager;Machines à café;32213;RUB;;https://basket-19.wbbasket.ru/vol3210/part321088/321088480/images/big/1.webp|https://basket-19.wbbasket.ru/vol3210/part321088/321088480/images/big/2.webp|https://basket-19.wbbasket.ru/vol3210/part321088/321088480/images/big/3.webp|https://basket-19.wbbasket.ru/vol3210/part321088/321088480/images/big/4.webp|https://basket-19.wbbasket.ru/vol3210/part321088/321088480/images/big/5.webp|https://basket-19.wbbasket.ru/vol3210/part321088/321088480/images/big/6.webp|https://basket-19.wbbasket.ru/vol3210/part321088/321088480/images/big/7.webp|https://basket-19.wbbasket.ru/vol3210/part321088/321088480/images/big/8.webp|https://basket-19.wbbasket.ru/vol3210/part321088/321088480/images/big/9.webp|https://basket-19.wbbasket.ru/vol3210/part321088/321088480/images/big/10.webp;10;ok
119;jumia;119_jumia;https://www.jumia.ma/ray-ban-lunettes-aviator-large-metal-rb3025-l0205-5814-dore-21195829.html;Lunettes Aviator Large Metal RB3025 L0205 58/14 - Doré;Ray Ban;Mode & Accessoires;Lunettes;2400.00;MAD;Modèle: AVIATOR Large Metal RB3025 Couleur : Doré L0205Taille : Large  / 58-14cm;https://ma.jumia.is/unsafe/fit-in/680x680/filters:fill(white)/product/92/859112/1.jpg?3185|https://ma.jumia.is/unsafe/fit-in/680x680/filters:fill(white)/product/92/859112/2.jpg?3185;2;ok
119;wildberries;119_wildberries;https://www.wildberries.ru/catalog/199561587/detail.aspx;Солнцезащитные очки RB3025-L2823/58-14;Ray-Ban;Mode & Accessoires;Lunettes;12635;RUB;;https://basket-13.wbbasket.ru/vol1995/part199561/199561587/images/big/1.webp|https://basket-13.wbbasket.ru/vol1995/part199561/199561587/images/big/2.webp|https://basket-13.wbbasket.ru/vol1995/part199561/199561587/images/big/3.webp|https://basket-13.wbbasket.ru/vol1995/part199561/199561587/images/big/4.webp|https://basket-13.wbbasket.ru/vol1995/part199561/199561587/images/big/5.webp|https://basket-13.wbbasket.ru/vol1995/part199561/199561587/images/big/6.webp|https://basket-13.wbbasket.ru/vol1995/part199561/199561587/images/big/7.webp|https://basket-13.wbbasket.ru/vol1995/part199561/199561587/images/big/8.webp|https://basket-13.wbbasket.ru/vol1995/part199561/199561587/images/big/9.webp|https://basket-13.wbbasket.ru/vol1995/part199561/199561587/images/big/10.webp|https://basket-13.wbbasket.ru/vol1995/part199561/199561587/images/big/11.webp|https://basket-13.wbbasket.ru/vol1995/part199561/199561587/images/big/12.webp|https://basket-13.wbbasket.ru/vol1995/part199561/199561587/images/big/13.webp|https://basket-13.wbbasket.ru/vol1995/part199561/199561587/images/big/14.webp|https://basket-13.wbbasket.ru/vol1995/part199561/199561587/images/big/15.webp|https://basket-13.wbbasket.ru/vol1995/part199561/199561587/images/big/16.webp|https://basket-13.wbbasket.ru/vol1995/part199561/199561587/images/big/17.webp|https://basket-13.wbbasket.ru/vol1995/part199561/199561587/images/big/18.webp;18;ok
119;trendyol;119_trendyol;https://www.trendyol.ae/ray-ban/rayban-3025-003-3f-55-14-male-p-731371;Ray-Ban Rayban 3025 003/3F 55-14 Male;Ray-Ban;Mode & Accessoires;Lunettes;347.32;AED;;https://cdn.dsmcdn.com/ty1602/prod/QC/20241118/09/96595a91-f588-33f3-b106-b4b2c2b93dc9/1_org_zoom.jpg|https://cdn.dsmcdn.com/ty1602/prod/QC/20241118/09/4ba70b11-8a30-3f3d-8c4e-fd69fefc37db/1_org_zoom.jpg|https://cdn.dsmcdn.com/ty1602/prod/QC/20241118/09/006b8ec3-2fc0-3b62-a54a-3dadae977472/1_org_zoom.jpg|https://cdn.dsmcdn.com/ty1602/prod/QC/20241118/09/8971466d-7bf6-3ecf-b12a-174e680cf13f/1_org_zoom.jpg|https://cdn.dsmcdn.com/ty1602/prod/QC/20241118/09/742109e6-dcf0-30b3-829b-2031191049e5/1_org_zoom.jpg|https://cdn.dsmcdn.com/ty1602/prod/QC/20241118/09/30a4e400-8288-3fce-a606-47ed526dcf1e/1_org_zoom.jpg;6;ok
119;daraz;119_daraz;https://www.daraz.pk/products/3025-92025-58-i503372699-s2405618398.html?c=&channelLpJumpArgs=&clickTrackInfo=query%253ARay-Ban%252BRX5228%253Bnid%253A503372699%253Bsrc%253ALazadaMainSrp%253Brn%253A31b637c26197da9810029542c04a6fdc%253Bregion%253Apk%253Bsku%253A503372699_PK%253Bprice%253A61000%253Bclient%253Adesktop%253Bsupplier_id%253A6005011743528%253Bsession_id%253A%253Bbiz_source%253Ah5_external%253Bslot%253A3%253Butlog_bucket_id%253A470687%253Basc_category_id%253A10001251%253Bitem_id%253A503372699%253Bsku_id%253A2405618398%253Bshop_id%253A372579%253BtemplateInfo%253A&freeshipping=1&fs_ab=1&fuse_fs=&lang=en&location=Sindh&price=6.1E%204&priceCompare=skuId%3A2405618398%3Bsource%3Alazada-search-voucher%3Bsn%3A31b637c26197da9810029542c04a6fdc%3BoriginPrice%3A6100000%3BdisplayPrice%3A6100000%3BisGray%3Afalse%3BsinglePromotionId%3A-1%3BsingleToolCode%3A-1%3BvoucherPricePlugin%3A0%3Btimestamp%3A1785421535068&ratingscore=&request_id=31b637c26197da9810029542c04a6fdc&review=&sale=0&search=1&source=search&spm=a2a0e.searchlist.list.3&stock=1;Ray-Ban Aviator Metal Polished Rose Gold Frame Blue Lenses-RB3025-9202/R5-58;Ray-Ban;Mode & Accessoires;Lunettes;61.000;PKR;;https://static-01.daraz.pk/p/f88b40fd920266fe77484edc00565a2a.jpg|https://static-01.daraz.pk/p/0334d97f0b718763660cb5b8c0659a0b.jpg|https://static-01.daraz.pk/p/a0559d139844bfea7744ee0f06aaedd8.jpg|https://static-01.daraz.pk/p/13d6edef0d7956147ce49d517fe4cc5c.jpg;4;ok
120;wildberries;120_wildberries;https://www.wildberries.ru/catalog/151596188/detail.aspx;Очки солнцезащитные имиджевые RB 2140;Ray-Ban;Mode & Accessoires;Lunettes;1552;RUB;;https://basket-10.wbbasket.ru/vol1515/part151596/151596188/images/big/1.webp|https://basket-10.wbbasket.ru/vol1515/part151596/151596188/images/big/2.webp|https://basket-10.wbbasket.ru/vol1515/part151596/151596188/images/big/3.webp|https://basket-10.wbbasket.ru/vol1515/part151596/151596188/images/big/4.webp|https://basket-10.wbbasket.ru/vol1515/part151596/151596188/images/big/5.webp|https://basket-10.wbbasket.ru/vol1515/part151596/151596188/images/big/6.webp|https://basket-10.wbbasket.ru/vol1515/part151596/151596188/images/big/7.webp|https://basket-10.wbbasket.ru/vol1515/part151596/151596188/images/big/8.webp|https://basket-10.wbbasket.ru/vol1515/part151596/151596188/images/big/9.webp|https://basket-10.wbbasket.ru/vol1515/part151596/151596188/images/big/10.webp|https://basket-10.wbbasket.ru/vol1515/part151596/151596188/images/big/11.webp;11;ok
120;trendyol;120_trendyol;https://www.trendyol.ae/ray-ban/rb2140-135831-50-unisex-sunglasses-p-658478210;Ray-Ban Rb2140 135831   50 Unisex Sunglasses;Ray-Ban;Mode & Accessoires;Lunettes;577.42;AED;;https://cdn.dsmcdn.com/ty1936/prod/QC_ENRICHMENT/20260731/14/3fcba0e4-23ca-366e-9106-fe4660547606/1_org_zoom.jpg|https://cdn.dsmcdn.com/ty1904/prod/QC_ENRICHMENT/20260731/14/808d07c0-b159-34fd-b088-6a935b505bb5/1_org_zoom.jpg|https://cdn.dsmcdn.com/ty1907/prod/QC_ENRICHMENT/20260731/14/726b93b7-6961-34e9-8fc1-32f3779b8032/1_org_zoom.jpg|https://cdn.dsmcdn.com/ty1894/prod/QC_ENRICHMENT/20260731/14/fa2d7f89-6bf9-30bb-9d9b-72ce85bb35c3/1_org_zoom.jpg|https://cdn.dsmcdn.com/ty1939/prod/QC_ENRICHMENT/20260731/14/e610796a-786a-3c1d-912d-b742f9cde46d/1_org_zoom.jpg|https://cdn.dsmcdn.com/ty1935/prod/QC_ENRICHMENT/20260731/14/8cc74b9a-7def-3748-9a31-f2a9dbc409b6/1_org_zoom.jpg;6;ok
120;daraz;120_daraz;https://www.daraz.pk/products/2140-90251-50-i506456153-s2415425839.html?c=&channelLpJumpArgs=&clickTrackInfo=query%253Arayban%252BRB%252B2140%253Bnid%253A506456153%253Bsrc%253ALazadaMainSrp%253Brn%253A71bd7e8729ad2787cc71d638f1864724%253Bregion%253Apk%253Bsku%253A506456153_PK%253Bprice%253A65000%253Bclient%253Adesktop%253Bsupplier_id%253A6005011743528%253Bsession_id%253A%253Bbiz_source%253Ah5_external%253Bslot%253A2%253Butlog_bucket_id%253A470687%253Basc_category_id%253A10001251%253Bitem_id%253A506456153%253Bsku_id%253A2415425839%253Bshop_id%253A372579%253BtemplateInfo%253A&freeshipping=1&fs_ab=1&fuse_fs=&lang=en&location=Sindh&price=6.5E%204&priceCompare=skuId%3A2415425839%3Bsource%3Alazada-search-voucher%3Bsn%3A71bd7e8729ad2787cc71d638f1864724%3BoriginPrice%3A6500000%3BdisplayPrice%3A6500000%3BisGray%3Afalse%3BsinglePromotionId%3A-1%3BsingleToolCode%3A-1%3BvoucherPricePlugin%3A0%3Btimestamp%3A1785421680952&ratingscore=&request_id=71bd7e8729ad2787cc71d638f1864724&review=&sale=0&search=1&source=search&spm=a2a0e.searchlist.list.2&stock=1;Ray-Ban Wayfarer Classic Square Acetate Polished Havana Frame Light Brown Gradient Lenses-RB2140-902/51-50;Ray-Ban;Mode & Accessoires;Lunettes;67.500;PKR;;https://static-01.daraz.pk/p/9c39bd8b803e19094ba44d6678fb8455.jpg|https://static-01.daraz.pk/p/0edbb289afa0b3a7182578062ade46dd.jpg|https://static-01.daraz.pk/p/b05b80722c44934709fe57f208c5b7de.jpg;3;ok
121;jumia;121_jumia;https://www.jumia.ma/ray-ban-lunettes-de-soleil-erika-ray-ban-rb4171-710t5-54-18-19844377.html;Lunettes de soleil Erika Ray-Ban RB4171 710/T5 54-18;Ray-Ban;Mode & Accessoires;Lunettes;1699.00;MAD;Monture Ray-BanModèle Erika RB4171Matière: Acétate et métalCol 710/T5Taille : 54-18cmVerres polarisés;https://ma.jumia.is/unsafe/fit-in/680x680/filters:fill(white)/product/77/344891/1.jpg?6937|https://ma.jumia.is/unsafe/fit-in/680x680/filters:fill(white)/product/77/344891/2.jpg?6937|https://ma.jumia.is/unsafe/fit-in/680x680/filters:fill(white)/product/77/344891/3.jpg?6937;3;ok
121;wildberries;121_wildberries;https://www.wildberries.ru/catalog/936622473/detail.aspx;Ray-Ban Erika Classic RB4171 100% оригинал;Солнцезащитные очки;Mode & Accessoires;Lunettes;11400;RUB;;https://basket-40.wbbasket.ru/vol9366/part936622/936622473/images/big/1.webp|https://basket-40.wbbasket.ru/vol9366/part936622/936622473/images/big/2.webp|https://basket-40.wbbasket.ru/vol9366/part936622/936622473/images/big/3.webp|https://basket-40.wbbasket.ru/vol9366/part936622/936622473/images/big/4.webp|https://basket-40.wbbasket.ru/vol9366/part936622/936622473/images/big/5.webp|https://basket-40.wbbasket.ru/vol9366/part936622/936622473/images/big/6.webp|https://basket-40.wbbasket.ru/vol9366/part936622/936622473/images/big/7.webp|https://basket-40.wbbasket.ru/vol9366/part936622/936622473/images/big/8.webp|https://basket-40.wbbasket.ru/vol9366/part936622/936622473/images/big/9.webp|https://basket-40.wbbasket.ru/vol9366/part936622/936622473/images/big/10.webp|https://basket-40.wbbasket.ru/vol9366/part936622/936622473/images/big/11.webp|https://basket-40.wbbasket.ru/vol9366/part936622/936622473/images/big/12.webp;12;ok
121;trendyol;121_trendyol;https://www.trendyol.ae/ray-ban/sunglasses-rayban-rb4171-865-1354-p-958476213;Ray-Ban Sunglasses Rayban Rb4171 865/1354;Ray-Ban;Mode & Accessoires;Lunettes;662.12;AED;;https://cdn.dsmcdn.com/ty1626/prod/QC/20250120/09/36df8cd0-2fd8-37ff-bbb1-7cb0ce9c4734/1_org_zoom.jpg|https://cdn.dsmcdn.com/ty1627/prod/QC/20250120/09/9a92f422-c3bf-3619-b011-9ac4d2dd9bd9/1_org_zoom.jpg;2;ok
122;jumia;122_jumia;https://www.jumia.ma/ray-ban-lunettes-de-soleil-ray-ban-clubround-ecaille-g15-rb4246-990-51-19-medium-20660932.html;Lunettes de soleil Ray-Ban Clubround Écaille G15 RB4246 990 51-19 Medium;Ray Ban;Mode & Accessoires;Lunettes;1980.00;MAD;Lunette Ray Ban Club Round Classic Montures : Cerclée Couleur de face : Or HavaneCouleurs des branches : MarronMatière : plastique Couleur des verres : vertPlaquettes de nez ajustables;https://ma.jumia.is/unsafe/fit-in/680x680/filters:fill(white)/product/23/906602/1.jpg?0393|https://ma.jumia.is/unsafe/fit-in/680x680/filters:fill(white)/product/23/906602/2.jpg?0393|https://ma.jumia.is/unsafe/fit-in/680x680/filters:fill(white)/product/23/906602/3.jpg?0393|https://ma.jumia.is/unsafe/fit-in/680x680/filters:fill(white)/product/23/906602/4.jpg?0393|https://ma.jumia.is/unsafe/fit-in/680x680/filters:fill(white)/product/23/906602/5.jpg?0393|https://ma.jumia.is/unsafe/fit-in/680x680/filters:fill(white)/product/23/906602/6.jpg?0393|https://ma.jumia.is/unsafe/fit-in/680x680/filters:fill(white)/product/23/906602/7.jpg?0393|https://ma.jumia.is/unsafe/fit-in/680x680/filters:fill(white)/product/23/906602/8.jpg?0393;8;ok
122;wildberries;122_wildberries;https://www.wildberries.ru/catalog/936263565/detail.aspx;Очки солнцезащитные 2026 имидж Clubmaster 3016 W0366 49 мм;Ray Ban;Mode & Accessoires;Lunettes;6702;RUB;;https://basket-40.wbbasket.ru/vol9362/part936263/936263565/images/big/1.webp|https://basket-40.wbbasket.ru/vol9362/part936263/936263565/images/big/2.webp|https://basket-40.wbbasket.ru/vol9362/part936263/936263565/images/big/3.webp|https://basket-40.wbbasket.ru/vol9362/part936263/936263565/images/big/4.webp|https://basket-40.wbbasket.ru/vol9362/part936263/936263565/images/big/5.webp|https://basket-40.wbbasket.ru/vol9362/part936263/936263565/images/big/6.webp|https://basket-40.wbbasket.ru/vol9362/part936263/936263565/images/big/7.webp|https://basket-40.wbbasket.ru/vol9362/part936263/936263565/images/big/8.webp|https://basket-40.wbbasket.ru/vol9362/part936263/936263565/images/big/9.webp|https://basket-40.wbbasket.ru/vol9362/part936263/936263565/images/big/10.webp|https://basket-40.wbbasket.ru/vol9362/part936263/936263565/images/big/11.webp|https://basket-40.wbbasket.ru/vol9362/part936263/936263565/images/big/12.webp|https://basket-40.wbbasket.ru/vol9362/part936263/936263565/images/big/13.webp|https://basket-40.wbbasket.ru/vol9362/part936263/936263565/images/big/14.webp|https://basket-40.wbbasket.ru/vol9362/part936263/936263565/images/big/15.webp;15;ok
122;daraz;122_daraz;https://www.daraz.pk/products/lenses-rb3016-w0366-51-i273832832-s1487144050.html?c=&channelLpJumpArgs=&clickTrackInfo=query%253ARay%252BBan%253Bnid%253A273832832%253Bsrc%253ALazadaMainSrp%253Brn%253Ad53d3d60b5ebc6eb18f202a5e9e4db0e%253Bregion%253Apk%253Bsku%253A273832832_PK%253Bprice%253A63500%253Bclient%253Adesktop%253Bsupplier_id%253A6005011743528%253Bsession_id%253A%253Bbiz_source%253Ah5_external%253Bslot%253A7%253Butlog_bucket_id%253A470687%253Basc_category_id%253A10001251%253Bitem_id%253A273832832%253Bsku_id%253A1487144050%253Bshop_id%253A372579%253BtemplateInfo%253A&freeshipping=1&fs_ab=1&fuse_fs=&lang=en&location=Sindh&price=6.35E%204&priceCompare=skuId%3A1487144050%3Bsource%3Alazada-search-voucher%3Bsn%3Ad53d3d60b5ebc6eb18f202a5e9e4db0e%3BoriginPrice%3A6350000%3BdisplayPrice%3A6350000%3BisGray%3Afalse%3BsinglePromotionId%3A-1%3BsingleToolCode%3A-1%3BvoucherPricePlugin%3A0%3Btimestamp%3A1785422251191&ratingscore=&request_id=d53d3d60b5ebc6eb18f202a5e9e4db0e&review=&sale=0&search=1&source=search&spm=a2a0e.searchlist.list.7&stock=1;Ray-Ban Clubmaster Acetate Tortoise Frame Green Classic Lenses-RB3016-W0366-51;Ray-Ban;Mode & Accessoires;Lunettes;63.500;PKR;;https://static-01.daraz.pk/p/802b100585bf04aa28be1fd0c18d1b6a.jpg|https://static-01.daraz.pk/p/0b8196c365e7f3833463c30bfb59296e.jpg|https://static-01.daraz.pk/p/bb891cfcf75d13d9b342f00900aefda9.jpg;3;ok
123;wildberries;123_wildberries;https://www.wildberries.ru/catalog/1277261282/detail.aspx;Солнцезащитные очки Ray-Ban RB3683 черные;Ray-Ban;Mode & Accessoires;Lunettes;28148;RUB;;https://basket-45.wbbasket.ru/vol12772/part1277261/1277261282/images/big/1.webp|https://basket-45.wbbasket.ru/vol12772/part1277261/1277261282/images/big/2.webp|https://basket-45.wbbasket.ru/vol12772/part1277261/1277261282/images/big/3.webp|https://basket-45.wbbasket.ru/vol12772/part1277261/1277261282/images/big/4.webp|https://basket-45.wbbasket.ru/vol12772/part1277261/1277261282/images/big/5.webp|https://basket-45.wbbasket.ru/vol12772/part1277261/1277261282/images/big/6.webp|https://basket-45.wbbasket.ru/vol12772/part1277261/1277261282/images/big/7.webp;7;ok
123;daraz;123_daraz;https://www.daraz.pk/products/lenses-rb3683-00151-56-i694234167-s3270857903.html?c=&channelLpJumpArgs=&clickTrackInfo=query%253ARay%252BBan%253Bnid%253A694234167%253Bsrc%253ALazadaMainSrp%253Brn%253Ad53d3d60b5ebc6eb18f202a5e9e4db0e%253Bregion%253Apk%253Bsku%253A694234167_PK%253Bprice%253A62500%253Bclient%253Adesktop%253Bsupplier_id%253A6005011743528%253Bsession_id%253A%253Bbiz_source%253Ah5_external%253Bslot%253A16%253Butlog_bucket_id%253A470687%253Basc_category_id%253A10001251%253Bitem_id%253A694234167%253Bsku_id%253A3270857903%253Bshop_id%253A372579%253BtemplateInfo%253A&freeshipping=1&fs_ab=1&fuse_fs=&lang=en&location=Sindh&price=6.25E%204&priceCompare=skuId%3A3270857903%3Bsource%3Alazada-search-voucher%3Bsn%3Ad53d3d60b5ebc6eb18f202a5e9e4db0e%3BoriginPrice%3A6250000%3BdisplayPrice%3A6250000%3BisGray%3Afalse%3BsinglePromotionId%3A-1%3BsingleToolCode%3A-1%3BvoucherPricePlugin%3A0%3Btimestamp%3A1785422251191&ratingscore=&request_id=d53d3d60b5ebc6eb18f202a5e9e4db0e&review=&sale=0&search=1&source=search&spm=a2a0e.searchlist.list.16&stock=1;Ray-Ban Square Metal Polished Gold/Transparent Brown Frame Brown Gradient Lenses-RB3683-001/51-56;Ray-Ban;Mode & Accessoires;Lunettes;62.500;PKR;;https://static-01.daraz.pk/p/bfd77f7088eed77c5fa8f9616d180ec0.jpg|https://static-01.daraz.pk/p/6c3e722b75f8086827dec4fce174da06.jpg|https://static-01.daraz.pk/p/7b0c8062b0ec915cd347d98c065d50dd.jpg|https://static-01.daraz.pk/p/8508e1508b410bdbb56736cd52253464.jpg|https://static-01.daraz.pk/p/7ba951ef02c8e91a8448daed33feae79.jpg;5;ok
124;wildberries;124_wildberries;https://www.wildberries.ru/catalog/264863846/detail.aspx;Фотоаппарат D3300 Kit NIKKOR 18-55mm f/3.5-5.6G VR;nikon;Electronique;Appareils photo;38098;RUB;;https://basket-17.wbbasket.ru/vol2648/part264863/264863846/images/big/1.webp|https://basket-17.wbbasket.ru/vol2648/part264863/264863846/images/big/2.webp|https://basket-17.wbbasket.ru/vol2648/part264863/264863846/images/big/3.webp|https://basket-17.wbbasket.ru/vol2648/part264863/264863846/images/big/4.webp|https://basket-17.wbbasket.ru/vol2648/part264863/264863846/images/big/5.webp|https://basket-17.wbbasket.ru/vol2648/part264863/264863846/images/big/6.webp|https://basket-17.wbbasket.ru/vol2648/part264863/264863846/images/big/7.webp|https://basket-17.wbbasket.ru/vol2648/part264863/264863846/images/big/8.webp;8;ok
124;daraz;124_daraz;https://www.daraz.pk/products/3300-242-18-55-1080-i1953983289-s14015433408.html?c=&channelLpJumpArgs=&clickTrackInfo=query%253ANikon%252BD3500%253Bnid%253A1953983289%253Bsrc%253ALazadaMainSrp%253Brn%253A21270996135843bb1c8f3470602faa83%253Bregion%253Apk%253Bsku%253A1953983289_PK%253Bprice%253A59999%253Bclient%253Adesktop%253Bsupplier_id%253A6005550432363%253Bsession_id%253A%253Bbiz_source%253Ah5_external%253Bslot%253A3%253Butlog_bucket_id%253A470687%253Basc_category_id%253A5883%253Bitem_id%253A1953983289%253Bsku_id%253A14015433408%253Bshop_id%253A2459574%253BtemplateInfo%253A&freeshipping=0&fs_ab=1&fuse_fs=&lang=en&location=Khyber%20Pakhtunkhwa&price=59999&priceCompare=skuId%3A14015433408%3Bsource%3Alazada-search-voucher%3Bsn%3A21270996135843bb1c8f3470602faa83%3BoriginPrice%3A5999900%3BdisplayPrice%3A5999900%3BisGray%3Afalse%3BsinglePromotionId%3A-1%3BsingleToolCode%3AmockedSalePrice%3BvoucherPricePlugin%3A0%3Btimestamp%3A1785424151255&qSellingPoint=b--nikon___p--d3500&ratingscore=&request_id=21270996135843bb1c8f3470602faa83&review=&sale=0&search=1&source=search&spm=a2a0e.searchlist.list.3&stock=1;Nikon D3300 DSLR Camera 24.2MP With 18-55mm Lens Full HD 1080p Video full original dslr camera;.No Brand.;Electronique;Appareils photo;59.999;PKR;;https://static-01.daraz.pk/p/b014551c56d662face0fd2bdc10ff2d3.png|https://static-01.daraz.pk/p/b87af9692faa46bd1cdae52abf747efa.png|https://static-01.daraz.pk/p/6c7a173a7fd0155b9485d6cfd4fbba69.png|https://static-01.daraz.pk/p/1ba1af42da708edfe0691e81e9958c29.png|https://static-01.daraz.pk/p/59a4a9358a0aa9a5511b35388b98b349.png;5;ok
125;jumia;125_jumia;https://www.jumia.ma/camera-action-gopro-hero12-black-edition-createur-ralenti-8x-hypersmooth-6.0-1720-mah-neuf-64922755.html;GoPro HERO12 Black Édition Créateur  Ralenti 8x ,HyperSmooth 6.0 1720 mAh - Neuf;Camera Action;Electronique;Appareils photo;5600.00;MAD;"Caméra de sport compacte avec processeur GP2Vidéo 5,3K 60 ips, 4K 120 ipsPhoto 27,13 MPStabilisation HyperSmooth 6.0 avec maintien de l'horizonVidéo et photo High Dynamic Range (HDR) pour plus de réalismeÉcran tactile arrière de 2,27 poucesÉcran tactile frontal de 1,4""Grand capteur d'image pour enregistrer un champ de vision ultra grand angle de 156° au format 8:7Conception robuste et étanche (jusqu'à 10 m)3 microsCommande vocalePrise en charge audio Bluetooth pour les Apple AirPods et autres appareils audio Bluetooth pour enregistrer le son à distance et utiliser la commande vocaleBatterie enduro rechargeable de 1 720 mAhNouvelle synchronisation du timecode pour synchroniser sans fil plusieurs caméras Hero12 Black en même tempsSupport de montage rétractable intégréSauvegarde automatique dans le cloud avec GoPro PlusApplication mobile (iOS/Android)";https://ma.jumia.is/unsafe/fit-in/680x680/filters:fill(white)/product/55/722946/1.jpg?5023|https://ma.jumia.is/unsafe/fit-in/680x680/filters:fill(white)/product/55/722946/2.jpg?5023|https://ma.jumia.is/unsafe/fit-in/680x680/filters:fill(white)/product/55/722946/3.jpg?5023|https://ma.jumia.is/unsafe/fit-in/680x680/filters:fill(white)/product/55/722946/4.jpg?5023;4;ok
125;wildberries;125_wildberries;https://www.wildberries.ru/catalog/946755316/detail.aspx;Экшн-камера GoPro Hero 12 (Black);;Electronique;Appareils photo;33932;RUB;;https://basket-40.wbbasket.ru/vol9467/part946755/946755316/images/big/1.webp|https://basket-40.wbbasket.ru/vol9467/part946755/946755316/images/big/2.webp|https://basket-40.wbbasket.ru/vol9467/part946755/946755316/images/big/3.webp|https://basket-40.wbbasket.ru/vol9467/part946755/946755316/images/big/4.webp|https://basket-40.wbbasket.ru/vol9467/part946755/946755316/images/big/5.webp|https://basket-40.wbbasket.ru/vol9467/part946755/946755316/images/big/6.webp;6;ok
125;trendyol;125_trendyol;https://www.trendyol.ae/gopro/hero12-black-waterproof-action-camera-p-867267735;GoPro HERO12 Black - Waterproof Action Camera;GoPro;Electronique;Appareils photo;1168.2;AED;;https://cdn.dsmcdn.com/ty1586/prod/QC/20241017/12/38e11fad-4222-3e6e-a079-4d2f4699b7e6/1_org_zoom.jpg|https://cdn.dsmcdn.com/ty1586/prod/QC/20241017/12/77fd5a54-d398-3d0e-870b-753d17690e71/1_org_zoom.jpg|https://cdn.dsmcdn.com/ty1585/prod/QC/20241017/12/f536998a-8449-38a7-b4fc-1b1b161822ee/1_org_zoom.jpg|https://cdn.dsmcdn.com/ty1586/prod/QC/20241017/12/5ed870e1-9d2c-3a8c-a33d-d7fe6125a31a/1_org_zoom.jpg|https://cdn.dsmcdn.com/ty1584/prod/QC/20241017/12/e3f4ffa3-6184-36a6-8ace-b1bc6299d145/1_org_zoom.jpg|https://cdn.dsmcdn.com/ty1584/prod/QC/20241017/12/50f27341-154a-3877-889c-9f0cd65da8d1/1_org_zoom.jpg|https://cdn.dsmcdn.com/ty1585/prod/QC/20241017/12/5ab0e79f-64c2-33c4-ba42-9ff7ec8e7ecf/1_org_zoom.jpg;7;ok
125;daraz;125_daraz;https://www.daraz.pk/products/12-53k60-hd-27mp-hdr-9-i526226230-s2477371171.html?c=&channelLpJumpArgs=&clickTrackInfo=query%253AGoPro%252BHERO12%252BBlack%253Bnid%253A526226230%253Bsrc%253ALazadaMainSrp%253Brn%253A4c2cd5a02875ff2bd1be9a60ae223a82%253Bregion%253Apk%253Bsku%253A526226230_PK%253Bprice%253A159000%253Bclient%253Adesktop%253Bsupplier_id%253A6005244752947%253Bsession_id%253A%253Bbiz_source%253Ah5_external%253Bslot%253A0%253Butlog_bucket_id%253A470687%253Basc_category_id%253A5880%253Bitem_id%253A526226230%253Bsku_id%253A2477371171%253Bshop_id%253A1820764%253BtemplateInfo%253A&freeshipping=0&fs_ab=1&fuse_fs=&lang=en&location=Punjab&price=1.59E%205&priceCompare=skuId%3A2477371171%3Bsource%3Alazada-search-voucher%3Bsn%3A4c2cd5a02875ff2bd1be9a60ae223a82%3BoriginPrice%3A15900000%3BdisplayPrice%3A15900000%3BisGray%3Afalse%3BsinglePromotionId%3A-1%3BsingleToolCode%3A-1%3BvoucherPricePlugin%3A0%3Btimestamp%3A1785427113470&ratingscore=&request_id=4c2cd5a02875ff2bd1be9a60ae223a82&review=&sale=0&search=1&source=search&spm=a2a0e.searchlist.list.0&stock=1;"GoPro HERO12 Black - Waterproof Action Camera with 5.3K60 Ultra HD Video, 27MP Photos, HDR, 1/1.9"" Image Sensor, Live Streaming, Webcam, Stabilization";No Brand;Electronique;Appareils photo;159.000;PKR;Brand GoPro Photo sensor technology BSI CMOS Video capture resolution 4K Maximum focal length 24.4 Millimeters Maximum aperture 2 f Flash memory type SDHC Video capture format MP4 Screen size 2.27 Inches Connectivity technology USB Colour Black Incredible image quality, even better HyperSmooth video stabilization and a huge boost in battery life come together in the world’s most versatile camera. It takes 5.3K video and adds HDR (High Dynamic Range) for even more detail. Tough and lightweight, it’s ready for anything on land or water while advanced stabilization keeps footage smooth over rough terrain. Jaw dropping 5.3K video: 5.3K delivers best in-class image quality with 91% more resolution than 4k. Hero12 also captures in 4K, 2.7K and 1080p video resolutions. Waterproof: waterproof upto 33 feet and built to take a beating. Upto 8x slowmotion: get 4x slo-mo, that's 120 frames per second at a ridiculously high 4K resolution. Video stabilization: HyperSmooth 6.0 continues to raise the bar for in-camera video stabilization, giving you impossibly smooth footage no matter how rough it gets. It has the hardware to back it up, too. Ultra wide angle digitel lenses: HyperView and SuperView—both GoPro exclusive digital lenses—enable ultra wide 16:9 capture, standard in HERO12 Black. Specifications of Brand No Brand SKU 526226230_PK-2477371171 Express delivery Lahore Type of battery Lithium battery Video Capture Resolution 4k Condition Brand New Power Supply Battery Display Size 2.27 inches Connectivity USB Model Hero 12 What’s in the box Camera, lithium battery, battery charger, video stabilizer/stand;https://static-01.daraz.pk/p/19d4a926e003e779b25a065c87da2935.jpg|https://static-01.daraz.pk/p/34b6a732e6b7b08912f33e699c13e73b.jpg|https://static-01.daraz.pk/p/c4b5153dd94b0867d34b525205bf8550.jpg|https://static-01.daraz.pk/p/b09cd4ec2906c421bbc3322bae0d78b7.jpg|https://static-01.daraz.pk/p/84ec6a95b53e86c5d3a2ef43399a3efc.jpg|https://static-01.daraz.pk/p/92b5e6478ce3de1f21edf03ccea5cf86.jpg|https://static-01.daraz.pk/p/40222f16be1ec459941ef268c83bcb4c.jpg|https://static-01.daraz.pk/p/3db643c532be4639892322d0684f2c70.jpg;8;ok
126;jumia;126_jumia;https://www.jumia.ma/polaroid-go-generation-2-appareil-photo-instantane-blanc-67228852.html;Go Generation 2 Appareil Photo instantané - Blanc ;Polaroid;Electronique;Appareils photo;1199.00;MAD;Format ultra-compact et léger : facile à transporter partout grâce à sa petite taille et son poids réduit.Conception plus responsable : fabriqué en partie avec du plastique recyclé.Prise en main intuitive : miroir intégré pour réussir facilement les selfies.Fonctions créatives : double exposition, retardateur et mode selfie pour plus de liberté artistique.Objectif amélioré : plage d’ouverture élargie (f/9 à f/42) pour mieux s’adapter aux différentes conditions de lumière.Exposition optimisée : capteur de lumière plus précis offrant des photos plus équilibrées.Batterie rechargeable via USB-C : pratique et économique par rapport aux piles classiques.Flash intégré amélioré : meilleure gestion des prises de vue en faible luminosité.Compatibilité avec les films et accessoires Polaroid Go : permettant d’explorer différentes options créatives.;https://ma.jumia.is/unsafe/fit-in/680x680/filters:fill(white)/product/25/882276/1.jpg?3630|https://ma.jumia.is/unsafe/fit-in/680x680/filters:fill(white)/product/25/882276/2.jpg?3630|https://ma.jumia.is/unsafe/fit-in/680x680/filters:fill(white)/product/25/882276/3.jpg?3766;3;ok
126;wildberries;126_wildberries;https://www.wildberries.ru/catalog/389208984/detail.aspx;Polaroid GO Generation 2 White;Polaroid Corporation, USA;Electronique;Appareils photo;16448;RUB;;https://basket-22.wbbasket.ru/vol3892/part389208/389208984/images/big/1.webp|https://basket-22.wbbasket.ru/vol3892/part389208/389208984/images/big/2.webp|https://basket-22.wbbasket.ru/vol3892/part389208/389208984/images/big/3.webp|https://basket-22.wbbasket.ru/vol3892/part389208/389208984/images/big/4.webp|https://basket-22.wbbasket.ru/vol3892/part389208/389208984/images/big/5.webp|https://basket-22.wbbasket.ru/vol3892/part389208/389208984/images/big/6.webp|https://basket-22.wbbasket.ru/vol3892/part389208/389208984/images/big/7.webp|https://basket-22.wbbasket.ru/vol3892/part389208/389208984/images/big/8.webp|https://basket-22.wbbasket.ru/vol3892/part389208/389208984/images/big/9.webp;9;ok
127;jumia;127_jumia;https://www.jumia.ma/polaroid-appareil-photo-instantane-now-generation-3-noir-67228858.html;Appareil photo instantané Now Génération 3 - Noir;Polaroid;Electronique;Appareils photo;1599.00;MAD;Design durable avec 40 % de plastique recyclé.Autofocus amélioré pour des clichés nets de près comme de loin.Obturateur de précision et contrôle d’ouverture (f/64 à f/11).Fonctions créatives : double exposition & retardateur.Flash intégré performant pour toutes les lumières.Compatible avec les films Polaroid i-Type et 600.;https://ma.jumia.is/unsafe/fit-in/680x680/filters:fill(white)/product/85/882276/1.jpg?4364|https://ma.jumia.is/unsafe/fit-in/680x680/filters:fill(white)/product/85/882276/2.jpg?4364|https://ma.jumia.is/unsafe/fit-in/680x680/filters:fill(white)/product/85/882276/3.jpg?4364;3;ok
127;wildberries;127_wildberries;https://www.wildberries.ru/catalog/497992290/detail.aspx;Фотоаппарат Polaroid Now+ Generation 3 Белый;polaroid;Electronique;Appareils photo;26313;RUB;;https://basket-27.wbbasket.ru/vol4979/part497992/497992290/images/big/1.webp|https://basket-27.wbbasket.ru/vol4979/part497992/497992290/images/big/2.webp|https://basket-27.wbbasket.ru/vol4979/part497992/497992290/images/big/3.webp|https://basket-27.wbbasket.ru/vol4979/part497992/497992290/images/big/4.webp|https://basket-27.wbbasket.ru/vol4979/part497992/497992290/images/big/5.webp|https://basket-27.wbbasket.ru/vol4979/part497992/497992290/images/big/6.webp|https://basket-27.wbbasket.ru/vol4979/part497992/497992290/images/big/7.webp|https://basket-27.wbbasket.ru/vol4979/part497992/497992290/images/big/8.webp|https://basket-27.wbbasket.ru/vol4979/part497992/497992290/images/big/9.webp|https://basket-27.wbbasket.ru/vol4979/part497992/497992290/images/big/10.webp;10;ok
128;wildberries;128_wildberries;https://www.wildberries.ru/catalog/889303467/detail.aspx;Выпрямитель для волос, Philips, Серии 5000 BHS530/00, Время;PHILIPS;Beauté & Soins personnels;Lisseurs;16749;RUB;;https://basket-39.wbbasket.ru/vol8893/part889303/889303467/images/big/1.webp|https://basket-39.wbbasket.ru/vol8893/part889303/889303467/images/big/2.webp|https://basket-39.wbbasket.ru/vol8893/part889303/889303467/images/big/3.webp;3;ok
128;daraz;128_daraz;https://www.daraz.pk/products/bhs53000-5000-i264624706-s1975825324.html?c=&channelLpJumpArgs=&clickTrackInfo=query%253APhilips%252BBHS530%253Bnid%253A264624706%253Bsrc%253ALazadaMainSrp%253Brn%253Afe53354cbf439c83840b380d658f27a7%253Bregion%253Apk%253Bsku%253A264624706_PK%253Bprice%253A33600%253Bclient%253Adesktop%253Bsupplier_id%253A6005014482007%253Bsession_id%253A%253Bbiz_source%253Ah5_external%253Bslot%253A0%253Butlog_bucket_id%253A470687%253Basc_category_id%253A1635%253Bitem_id%253A264624706%253Bsku_id%253A1975825324%253Bshop_id%253A702104%253BtemplateInfo%253A&freeshipping=0&fs_ab=1&fuse_fs=&lang=en&location=Sindh&price=3.36E%204&priceCompare=skuId%3A1975825324%3Bsource%3Alazada-search-voucher%3Bsn%3Afe53354cbf439c83840b380d658f27a7%3BoriginPrice%3A3360000%3BdisplayPrice%3A3360000%3BisGray%3Afalse%3BsinglePromotionId%3A-1%3BsingleToolCode%3A-1%3BvoucherPricePlugin%3A0%3Btimestamp%3A1785428327312&qSellingPoint=p--bhs530___b--philips&ratingscore=5.0&request_id=fe53354cbf439c83840b380d658f27a7&review=3&sale=10&search=1&source=search&spm=a2a0e.searchlist.list.0&stock=1;Philips BHS530/00 Hair Straightener- 5000 Series;Philips;Beauté & Soins personnels;Lisseurs;33.600;PKR;;https://static-01.daraz.pk/p/49306e3215e445ffec376b7936ee67b9.png|https://static-01.daraz.pk/p/0d65cef18981911c26cb9862d2544bed.jpg|https://static-01.daraz.pk/p/06ff28c42f13e4b159f757cb272539b8.jpg|https://static-01.daraz.pk/p/1f65a15a0615e851884658b40fb9d90f.jpg|https://static-01.daraz.pk/p/f8d68fd9929b6f991ce1413933479ce8.jpg|https://static-01.daraz.pk/p/b584a6733a44801cd7e2cb8fbcade36c.jpg|https://static-01.daraz.pk/p/1f65a15a0615e851884658b40fb9d90f.jpg|https://static-01.daraz.pk/p/b584a6733a44801cd7e2cb8fbcade36c.jpg|https://static-01.daraz.pk/p/f8d68fd9929b6f991ce1413933479ce8.jpg;9;ok
129;wildberries;129_wildberries;https://www.wildberries.ru/catalog/1270631541/detail.aspx;Выпрямитель для волос ThermoShield BHS510/00;PHILIPS;Beauté & Soins personnels;Lisseurs;4376;RUB;;https://basket-45.wbbasket.ru/vol12706/part1270631/1270631541/images/big/1.webp|https://basket-45.wbbasket.ru/vol12706/part1270631/1270631541/images/big/2.webp|https://basket-45.wbbasket.ru/vol12706/part1270631/1270631541/images/big/3.webp|https://basket-45.wbbasket.ru/vol12706/part1270631/1270631541/images/big/4.webp|https://basket-45.wbbasket.ru/vol12706/part1270631/1270631541/images/big/5.webp|https://basket-45.wbbasket.ru/vol12706/part1270631/1270631541/images/big/6.webp|https://basket-45.wbbasket.ru/vol12706/part1270631/1270631541/images/big/7.webp|https://basket-45.wbbasket.ru/vol12706/part1270631/1270631541/images/big/8.webp|https://basket-45.wbbasket.ru/vol12706/part1270631/1270631541/images/big/9.webp|https://basket-45.wbbasket.ru/vol12706/part1270631/1270631541/images/big/10.webp;10;ok
129;trendyol;129_trendyol;https://www.trendyol.ae/philips/5000-series-straightener-bhs510-25x105mm-black-p-994618774;Philips5000 Series Straightener BHS510 25x105mm Black;Philips;Beauté & Soins personnels;Lisseurs;164.41;AED;;https://cdn.dsmcdn.com/mnresize/300/-/sfweb/images/ae.png|https://cdn.dsmcdn.com/mnresize/620/920/ty1740/prod/QC_PREP/20250902/14/2c3cc615-f242-3843-aa6d-ee3ac9961170/1_org_zoom.jpg|https://cdn.dsmcdn.com/mnresize/128/-/indexing-sticker-stamp/mars/bbac75ce-613b-481d-a55d-eeb3e19209c9.png|https://cdn.dsmcdn.com/mnresize/128/192/ty1000037/product/media/images/prod/PIM/20251205/12/e2c272ac-1e06-4ebd-a8eb-461f6dba6df9/1_org_zoom.jpg|https://cdn.dsmcdn.com/mnresize/128/192/ty1740/prod/QC_PREP/20250902/14/2c3cc615-f242-3843-aa6d-ee3ac9961170/1_org_zoom.jpg|https://cdn.dsmcdn.com/mobile/international/PaymentLogo/tamara_snippet_en.png|https://cdn.dsmcdn.com/mobile/international/PaymentLogo/Tabby_snippet_new.png|https://cdn.dsmcdn.com/mobile/international/PaymentLogo/cod-v4.png|https://cdn.dsmcdn.com/mnresize/300/-/sfint/production/flags/ae.png|https://cdn.dsmcdn.com/mnresize/220/170//ty1618/prod/QC/20241227/11/0f7fb2e6-9851-3b7c-a52a-fc3d696e5f62/1_org_zoom.jpg|https://cdn.dsmcdn.com/mnresize/220/170//ty1323/product/media/images/prod/PIM/20240522/12/5d0e8f43-dc8a-49fc-86a0-b4f1fd9f1761/1_org_zoom.jpg|https://cdn.dsmcdn.com/mnresize/220/170//ty1692/prod/QC_PREP/20250617/12/20703f85-c3cc-3d47-80c1-8ec4d9a38b4a/1_org_zoom.jpg|https://cdn.dsmcdn.com/mnresize/220/170//ty1436/product/media/images/prod/QC/20240723/01/c97fd9f9-fa5d-3fcb-9531-7ffc3b0ccee8/1_org_zoom.jpg|https://cdn.dsmcdn.com/ty1740/prod/QC_PREP/20250902/14/2c3cc615-f242-3843-aa6d-ee3ac9961170/1_org_zoom.jpg|https://cdn.dsmcdn.com/sfweb-checkout/images/basket-icon_1751630173674.png|https://cdn.dsmcdn.com/mobile/international/PaymentLogo/Mastercard3x.png|https://cdn.dsmcdn.com/mobile/international/PaymentLogo/Visa3x.png|https://cdn.dsmcdn.com/mobile/international/PaymentLogo/Applepay3x.png|https://cdn.dsmcdn.com/mobile/international/PaymentLogo/tamara_logo_en.png|https://cdn.dsmcdn.com/mobile/international/PaymentLogo/Tabby_Basket_new.png;20;ok
129;daraz;129_daraz;https://www.daraz.pk/products/bhs51003-5000-i1964755594-s14045504034.html?c=&channelLpJumpArgs=&clickTrackInfo=query%253APhilips%252BBHS510%253Bnid%253A1964755594%253Bsrc%253ALazadaMainSrp%253Brn%253A8064141e98163945a659a107215cd8c9%253Bregion%253Apk%253Bsku%253A1964755594_PK%253Bprice%253A33600%253Bclient%253Adesktop%253Bsupplier_id%253A6005014482007%253Bsession_id%253A%253Bbiz_source%253Ah5_external%253Bslot%253A0%253Butlog_bucket_id%253A470687%253Basc_category_id%253A10002209%253Bitem_id%253A1964755594%253Bsku_id%253A14045504034%253Bshop_id%253A702104%253BtemplateInfo%253A&freeshipping=0&fs_ab=1&fuse_fs=&lang=en&location=Sindh&price=3.36E%204&priceCompare=skuId%3A14045504034%3Bsource%3Alazada-search-voucher%3Bsn%3A8064141e98163945a659a107215cd8c9%3BoriginPrice%3A3360000%3BdisplayPrice%3A3360000%3BisGray%3Afalse%3BsinglePromotionId%3A-1%3BsingleToolCode%3A-1%3BvoucherPricePlugin%3A0%3Btimestamp%3A1785429042711&ratingscore=&request_id=8064141e98163945a659a107215cd8c9&review=&sale=0&search=1&source=search&spm=a2a0e.searchlist.list.0&stock=1;Philips BHS510/03 5000 Series Straightener;Philips;Beauté & Soins personnels;Lisseurs;33.600;PKR;;https://static-01.daraz.pk/p/6b9bce6bbd9b2f0c6218061ee7ecc455.png|https://static-01.daraz.pk/p/64bafa4786fec97d309e8cd318e6d234.png|https://static-01.daraz.pk/p/d4f4e9325440e8f703eb47a810948a2c.png|https://static-01.daraz.pk/p/31b0a562c8422e31651d125ee930844e.png;4;ok
130;wildberries;130_wildberries;https://www.wildberries.ru/catalog/282759712/detail.aspx;Выпрямитель для волос BHS 375/00;PHILIPS;Beauté & Soins personnels;Lisseurs;3335;RUB;;https://basket-17.wbbasket.ru/vol2827/part282759/282759712/images/big/1.webp|https://basket-17.wbbasket.ru/vol2827/part282759/282759712/images/big/2.webp|https://basket-17.wbbasket.ru/vol2827/part282759/282759712/images/big/3.webp|https://basket-17.wbbasket.ru/vol2827/part282759/282759712/images/big/4.webp|https://basket-17.wbbasket.ru/vol2827/part282759/282759712/images/big/5.webp|https://basket-17.wbbasket.ru/vol2827/part282759/282759712/images/big/6.webp|https://basket-17.wbbasket.ru/vol2827/part282759/282759712/images/big/7.webp|https://basket-17.wbbasket.ru/vol2827/part282759/282759712/images/big/8.webp|https://basket-17.wbbasket.ru/vol2827/part282759/282759712/images/big/9.webp|https://basket-17.wbbasket.ru/vol2827/part282759/282759712/images/big/10.webp|https://basket-17.wbbasket.ru/vol2827/part282759/282759712/images/big/11.webp|https://basket-17.wbbasket.ru/vol2827/part282759/282759712/images/big/12.webp;12;ok
130;trendyol;130_trendyol;https://www.trendyol.ae/philips/philips-straightcare-bhs375-00-thermoprotect-straightener-p-5978588;Philips Philips StraightCare BHS375/00 ThermoProtect Straightener;Philips;Beauté & Soins personnels;Lisseurs;86.00;AED;;https://cdn.dsmcdn.com/ty1688/prod/QC_PREP/20250603/16/31254033-e269-387b-a7b4-c22c8911dd09/1_org_zoom.jpg|https://cdn.dsmcdn.com/ty1688/prod/QC_PREP/20250603/16/1a26919b-4251-3806-b266-bbba03a399ce/1_org_zoom.jpg|https://cdn.dsmcdn.com/ty1687/prod/QC_PREP/20250603/16/19547486-2260-319c-bb49-bb17e20175cd/1_org_zoom.jpg|https://cdn.dsmcdn.com/ty1688/prod/QC_PREP/20250603/16/29b1ca25-2fc9-306b-b39a-ba5de9268661/1_org_zoom.jpg|https://cdn.dsmcdn.com/ty1688/prod/QC_PREP/20250603/16/9903d4ef-91d1-3ad6-a970-b9e700c72e0c/1_org_zoom.jpg|https://cdn.dsmcdn.com/ty1686/prod/QC_PREP/20250603/16/a015ff06-ffb5-3e2f-91b9-b3910915dcf1/1_org_zoom.jpg|https://cdn.dsmcdn.com/ty1687/prod/QC_PREP/20250603/16/15f59401-9a4a-39ff-82b9-5540a3a6a4c2/1_org_zoom.jpg|https://cdn.dsmcdn.com/ty1686/prod/QC_PREP/20250603/16/3202f3b8-151d-33ea-8c0c-b8d0d624bb70/1_org_zoom.jpg|https://cdn.dsmcdn.com/ty1686/prod/QC_PREP/20250603/16/80c8ea44-3194-3647-a5ee-4634a39e5218/1_org_zoom.jpg;9;ok
130;daraz;130_daraz;https://www.daraz.pk/products/bhs37503-i249728363-s1467652308.html?c=&channelLpJumpArgs=&clickTrackInfo=query%253APhilips%252BBHS375%253Bnid%253A249728363%253Bsrc%253ALazadaMainSrp%253Brn%253A3edbe83a022639bb707c725fa116616f%253Bregion%253Apk%253Bsku%253A249728363_PK%253Bprice%253A14700%253Bclient%253Adesktop%253Bsupplier_id%253A6005014482007%253Bsession_id%253A%253Bbiz_source%253Ah5_external%253Bslot%253A0%253Butlog_bucket_id%253A470687%253Basc_category_id%253A1635%253Bitem_id%253A249728363%253Bsku_id%253A1467652308%253Bshop_id%253A702104%253BtemplateInfo%253A&freeshipping=0&fs_ab=1&fuse_fs=&lang=en&location=Sindh&price=1.47E%204&priceCompare=skuId%3A1467652308%3Bsource%3Alazada-search-voucher%3Bsn%3A3edbe83a022639bb707c725fa116616f%3BoriginPrice%3A1470000%3BdisplayPrice%3A1470000%3BisGray%3Afalse%3BsinglePromotionId%3A-1%3BsingleToolCode%3A-1%3BvoucherPricePlugin%3A0%3Btimestamp%3A1785429160841&ratingscore=5.0&request_id=3edbe83a022639bb707c725fa116616f&review=8&sale=21&search=1&source=search&spm=a2a0e.searchlist.list.0&stock=1;Philips Hair Straightener BHS375/03 Women's Flat Iron Styler for All Hair Types Ceramic Coating Fast Heat up;Philips;Beauté & Soins personnels;Lisseurs;14.700;PKR;;https://static-01.daraz.pk/p/f909d3c65cc9056dc81a2638a751d17d.jpg|//laz-img-sg.alicdn.com/p/00685b80f77aec178cb788f77d286d09.jpg|https://static-01.daraz.pk/p/6bb552f816ab9bcddc64fddece9ad28e.jpg|https://static-01.daraz.pk/p/934d5595753dbed64dca97158bb0132b.jpg|https://static-01.daraz.pk/p/905881c02a19e87468da8f5b337ef219.jpg|https://static-01.daraz.pk/p/90dd86e39107a867e84996b75fb0afd6.jpg;6;ok
131;wildberries;131_wildberries;https://www.wildberries.ru/catalog/140251265/detail.aspx;Фен Philips BHD302/20;PHILIPS;Beauté & Soins personnels;Sèche-cheveux;4009;RUB;;https://basket-10.wbbasket.ru/vol1402/part140251/140251265/images/big/1.webp|https://basket-10.wbbasket.ru/vol1402/part140251/140251265/images/big/2.webp|https://basket-10.wbbasket.ru/vol1402/part140251/140251265/images/big/3.webp;3;ok
131;daraz;131_daraz;https://www.daraz.pk/products/bhd30213-3000-1600-3-i649683810-s3030963058.html?c=&channelLpJumpArgs=&clickTrackInfo=query%253APhilips%252BBHD302%253Bnid%253A649683810%253Bsrc%253ALazadaMainSrp%253Brn%253A39daba5c15896a2c374a1e004a4cdbaf%253Bregion%253Apk%253Bsku%253A649683810_PK%253Bprice%253A14700%253Bclient%253Adesktop%253Bsupplier_id%253A6005014482007%253Bsession_id%253A%253Bbiz_source%253Ah5_external%253Bslot%253A0%253Butlog_bucket_id%253A470687%253Basc_category_id%253A1634%253Bitem_id%253A649683810%253Bsku_id%253A3030963058%253Bshop_id%253A702104%253BtemplateInfo%253A&freeshipping=0&fs_ab=1&fuse_fs=&lang=en&location=Sindh&price=1.47E%204&priceCompare=skuId%3A3030963058%3Bsource%3Alazada-search-voucher%3Bsn%3A39daba5c15896a2c374a1e004a4cdbaf%3BoriginPrice%3A1470000%3BdisplayPrice%3A1470000%3BisGray%3Afalse%3BsinglePromotionId%3A-1%3BsingleToolCode%3A-1%3BvoucherPricePlugin%3A0%3Btimestamp%3A1785433504831&ratingscore=&request_id=39daba5c15896a2c374a1e004a4cdbaf&review=&sale=5&search=1&source=search&spm=a2a0e.searchlist.list.0&stock=1;Philips Hairdryer BHD302/13 - Series 3000 - Thermoprotect - 1600W - 3 speed settings;Philips;Beauté & Soins personnels;Sèche-cheveux;14.700;PKR;;https://static-01.daraz.pk/p/f04ae3d52e6013aea237927cc924273f.jpg|https://static-01.daraz.pk/p/b47d0a6912d5305dbbd19fd015a660f2.png|https://static-01.daraz.pk/p/51c7e45a197561f7a7bc46d64b99192f.jpg;3;ok
132;wildberries;132_wildberries;https://www.wildberries.ru/catalog/1069245273/detail.aspx;Фен для волос s BHD003/00 1400Вт белый/розовый;PHILIPS;Beauté & Soins personnels;Sèche-cheveux;2498;RUB;;https://basket-42.wbbasket.ru/vol10692/part1069245/1069245273/images/big/1.webp|https://basket-42.wbbasket.ru/vol10692/part1069245/1069245273/images/big/2.webp|https://basket-42.wbbasket.ru/vol10692/part1069245/1069245273/images/big/3.webp|https://basket-42.wbbasket.ru/vol10692/part1069245/1069245273/images/big/4.webp|https://basket-42.wbbasket.ru/vol10692/part1069245/1069245273/images/big/5.webp|https://basket-42.wbbasket.ru/vol10692/part1069245/1069245273/images/big/6.webp|https://basket-42.wbbasket.ru/vol10692/part1069245/1069245273/images/big/7.webp|https://basket-42.wbbasket.ru/vol10692/part1069245/1069245273/images/big/8.webp|https://basket-42.wbbasket.ru/vol10692/part1069245/1069245273/images/big/9.webp|https://basket-42.wbbasket.ru/vol10692/part1069245/1069245273/images/big/10.webp|https://basket-42.wbbasket.ru/vol10692/part1069245/1069245273/images/big/11.webp|https://basket-42.wbbasket.ru/vol10692/part1069245/1069245273/images/big/12.webp|https://basket-42.wbbasket.ru/vol10692/part1069245/1069245273/images/big/13.webp|https://basket-42.wbbasket.ru/vol10692/part1069245/1069245273/images/big/14.webp|https://basket-42.wbbasket.ru/vol10692/part1069245/1069245273/images/big/15.webp|https://basket-42.wbbasket.ru/vol10692/part1069245/1069245273/images/big/16.webp;16;ok
132;trendyol;132_trendyol;https://www.trendyol.ae/philips/bhd003-hairdryer-drycare-essential-1400w-white-p-977566710;Philips BHD003 Hairdryer DryCare Essential, 1400W, White;Philips;Beauté & Soins personnels;Sèche-cheveux;58.5;AED;;https://cdn.dsmcdn.com/ty1699/prod/QC_PREP/20250626/12/c4f250b5-b5a1-3c74-8725-bce2d3df59dc/1_org_zoom.jpg|https://cdn.dsmcdn.com/ty1699/prod/QC_PREP/20250626/12/0aa57c4b-d0a8-3606-8795-1e9a4825338b/1_org_zoom.jpg|https://cdn.dsmcdn.com/ty1699/prod/QC_PREP/20250626/12/90e2e0c9-1fa5-346f-a757-c9358ba1e0d0/1_org_zoom.jpg|https://cdn.dsmcdn.com/ty1700/prod/QC_PREP/20250626/12/a523d54b-bae3-3913-ad97-6c7bbc8086bb/1_org_zoom.jpg|https://cdn.dsmcdn.com/ty1699/prod/QC_PREP/20250626/12/4bd0fd84-155e-3046-aa9f-23e3acb26816/1_org_zoom.jpg|https://cdn.dsmcdn.com/ty1700/prod/QC_PREP/20250626/12/7701579e-8e24-3885-a20e-7564afacec3d/1_org_zoom.jpg|https://cdn.dsmcdn.com/ty1700/prod/QC_PREP/20250626/12/c7c8d965-7cd6-3566-ab8c-9e5bd98bc934/1_org_zoom.jpg|https://cdn.dsmcdn.com/ty1698/prod/QC_PREP/20250626/12/75fc7e01-5c2b-3002-95af-477994367c12/1_org_zoom.jpg;8;ok
133;jumia;133_jumia;https://www.jumia.ma/rowenta-seche-cheveux-rowenta-pro-expert-cv8830f0-57198272.html;Sèche-Cheveux Rowenta PRO EXPERT CV8830F0;Rowenta;Beauté & Soins personnels;Sèche-cheveux;499.00;MAD;Un coiffage de qualité professionnelle et un séchage parfait jusqu'à 2 fois plus rapide* grâce au moteur Pro AC puissant de 2 200 WLa technologie de booster ionique laisse les cheveux lisses, faciles à coiffer et sublimés d'une brillance ultimeUn concentrateur de 6 mm pour un brushing lisse et un diffuseur de volume pour réaliser de nombreuses coiffures en toute simplicitéUn sèche-cheveux facile à utiliser avec 6 réglages de vitesse/température pour ajuster le flux d'air et la chaleur lors du coiffageMoteur AC professionnel haute performance qui dure 2 fois plus longtemps qu'un moteur DC normal pour une plus longue durée de vie du produitPartie arrière amovible pour un nettoyage sans effort et des performances durablesCordon d'alimentation de 1,8 m pour une liberté de mouvement exceptionnelle et une utilisation agréable jour après jour;https://ma.jumia.is/unsafe/fit-in/680x680/filters:fill(white)/product/27/289175/1.jpg?2305|https://ma.jumia.is/unsafe/fit-in/680x680/filters:fill(white)/product/27/289175/2.jpg?2305|https://ma.jumia.is/unsafe/fit-in/680x680/filters:fill(white)/product/27/289175/3.jpg?2305|https://ma.jumia.is/unsafe/fit-in/680x680/filters:fill(white)/product/27/289175/4.jpg?2305|https://ma.jumia.is/unsafe/fit-in/680x680/filters:fill(white)/product/27/289175/5.jpg?2305;5;ok
133;wildberries;133_wildberries;https://www.wildberries.ru/catalog/295192824/detail.aspx;Фен для волос Pro Expert CV8830F0;Rowenta;Beauté & Soins personnels;Sèche-cheveux;5604;RUB;;https://basket-18.wbbasket.ru/vol2951/part295192/295192824/images/big/1.webp|https://basket-18.wbbasket.ru/vol2951/part295192/295192824/images/big/2.webp|https://basket-18.wbbasket.ru/vol2951/part295192/295192824/images/big/3.webp|https://basket-18.wbbasket.ru/vol2951/part295192/295192824/images/big/4.webp|https://basket-18.wbbasket.ru/vol2951/part295192/295192824/images/big/5.webp|https://basket-18.wbbasket.ru/vol2951/part295192/295192824/images/big/6.webp|https://basket-18.wbbasket.ru/vol2951/part295192/295192824/images/big/7.webp|https://basket-18.wbbasket.ru/vol2951/part295192/295192824/images/big/8.webp|https://basket-18.wbbasket.ru/vol2951/part295192/295192824/images/big/9.webp|https://basket-18.wbbasket.ru/vol2951/part295192/295192824/images/big/10.webp|https://basket-18.wbbasket.ru/vol2951/part295192/295192824/images/big/11.webp|https://basket-18.wbbasket.ru/vol2951/part295192/295192824/images/big/12.webp|https://basket-18.wbbasket.ru/vol2951/part295192/295192824/images/big/13.webp|https://basket-18.wbbasket.ru/vol2951/part295192/295192824/images/big/14.webp;14;ok
134;jumia;134_jumia;https://www.jumia.ma/rowenta-seche-cheveux-rowenta-powerline-cv5930f0-61357915.html;SECHE CHEVEUX ROWENTA POWERLINE CV5930F0;Rowenta;Beauté & Soins personnels;Sèche-cheveux;369.00;MAD;eFFICACIT2 DE é'ààw2 vitesses - 3 températures2 accessoires Booster ioniquePosition Thermo controlTouche air froid1,8m cordon Revêtement kératine et tourmaline;https://ma.jumia.is/unsafe/fit-in/680x680/filters:fill(white)/product/51/975316/1.jpg?4047|https://ma.jumia.is/unsafe/fit-in/680x680/filters:fill(white)/product/51/975316/2.jpg?4047|https://ma.jumia.is/unsafe/fit-in/680x680/filters:fill(white)/product/51/975316/3.jpg?4047|https://ma.jumia.is/unsafe/fit-in/680x680/filters:fill(white)/product/51/975316/4.jpg?4047|https://ma.jumia.is/unsafe/fit-in/680x680/filters:fill(white)/product/51/975316/5.jpg?4047;5;ok
134;wildberries;134_wildberries;https://www.wildberries.ru/catalog/1103051684/detail.aspx;Фен для волос Powerline CV5930F0 с 2 насадками, 2400 Вт;Rowenta;Beauté & Soins personnels;Sèche-cheveux;3247.2;RUB;;https://basket-42.wbbasket.ru/vol11030/part1103051/1103051684/images/big/1.webp;1;ok
135;jumia;135_jumia;https://www.jumia.ma/calor-seche-cheveux-elite-handy-dry-cv1801f0-62174328.html;Sèche cheveux Elite Handy Dry CV1801F0;Calor;Beauté & Soins personnels;Sèche-cheveux;229.00;MAD;Marque:  CalorNombre de vitesses: 2CV1801F0;https://ma.jumia.is/unsafe/fit-in/680x680/filters:fill(white)/product/82/347126/1.jpg?3325|https://ma.jumia.is/unsafe/fit-in/680x680/filters:fill(white)/product/82/347126/2.jpg?3325|https://ma.jumia.is/unsafe/fit-in/680x680/filters:fill(white)/product/82/347126/3.jpg?3325;3;ok
135;wildberries;135_wildberries;https://www.wildberries.ru/catalog/181193026/detail.aspx;Компактный фен Ровента CV1801;Rowenta;Beauté & Soins personnels;Sèche-cheveux;2933;RUB;;https://basket-12.wbbasket.ru/vol1811/part181193/181193026/images/big/1.webp|https://basket-12.wbbasket.ru/vol1811/part181193/181193026/images/big/2.webp|https://basket-12.wbbasket.ru/vol1811/part181193/181193026/images/big/3.webp|https://basket-12.wbbasket.ru/vol1811/part181193/181193026/images/big/4.webp|https://basket-12.wbbasket.ru/vol1811/part181193/181193026/images/big/5.webp|https://basket-12.wbbasket.ru/vol1811/part181193/181193026/images/big/6.webp|https://basket-12.wbbasket.ru/vol1811/part181193/181193026/images/big/7.webp;7;ok
136;jumia;136_jumia;https://www.jumia.ma/rowenta-seche-cheveux-maestria-nano-ultimate-experience-266kmh-noir-hy8310f0-67464539.html;SÈCHE-CHEVEUX MAESTRIA NANO ULTIMATE EXPERIENCE 266km/h NOIR HY8310F0;Rowenta;Beauté & Soins personnels;Sèche-cheveux;999.00;MAD;Technologie Rowenta NANO : Sèche-cheveux haute performance doté d’une technologie avancée délivrant un flux d’air ultra-rapide supérieur à 266 km/hLe sèche-cheveux à moteur haute vitesse le plus compact* : Plébiscité par 97 %**, NANO offre une expérience de séchage ultime2× plus léger*** : Un confort absolu au quotidien grâce à son format plume de 300 gTechnologie ionique : Diffuse des millions d’ions pour des cheveux lisses, brillants et sans frisottisTouche air froid : Fixe la coiffure pour un résultat élégant et longue tenue tout au long de la journéeRéglages personnalisables : Température et vitesse d’air ajustables avec 3 niveaux pour un coiffage facile et sur mesureAccessoires polyvalents : Deux concentrateurs (4 mm / 6 mm) et un diffuseur volume pour une grande variété de coiffures et de stylesEntretien facile : Grille arrière amovible pour un nettoyage simplifié et des performances durables;https://ma.jumia.is/unsafe/fit-in/680x680/filters:fill(white)/product/93/546476/1.jpg?7291|https://ma.jumia.is/unsafe/fit-in/680x680/filters:fill(white)/product/93/546476/2.jpg?7291|https://ma.jumia.is/unsafe/fit-in/680x680/filters:fill(white)/product/93/546476/3.jpg?7292|https://ma.jumia.is/unsafe/fit-in/680x680/filters:fill(white)/product/93/546476/4.jpg?7292|https://ma.jumia.is/unsafe/fit-in/680x680/filters:fill(white)/product/93/546476/5.jpg?7292;5;ok
136;wildberries;136_wildberries;https://www.wildberries.ru/catalog/440691829/detail.aspx;Фен Nano (HY8310F0);Rowenta;Beauté & Soins personnels;Sèche-cheveux;8791.2;RUB;;https://basket-25.wbbasket.ru/vol4406/part440691/440691829/images/big/1.webp|https://basket-25.wbbasket.ru/vol4406/part440691/440691829/images/big/2.webp|https://basket-25.wbbasket.ru/vol4406/part440691/440691829/images/big/3.webp|https://basket-25.wbbasket.ru/vol4406/part440691/440691829/images/big/4.webp|https://basket-25.wbbasket.ru/vol4406/part440691/440691829/images/big/5.webp|https://basket-25.wbbasket.ru/vol4406/part440691/440691829/images/big/6.webp|https://basket-25.wbbasket.ru/vol4406/part440691/440691829/images/big/7.webp|https://basket-25.wbbasket.ru/vol4406/part440691/440691829/images/big/8.webp|https://basket-25.wbbasket.ru/vol4406/part440691/440691829/images/big/9.webp|https://basket-25.wbbasket.ru/vol4406/part440691/440691829/images/big/10.webp|https://basket-25.wbbasket.ru/vol4406/part440691/440691829/images/big/11.webp;11;ok
137;jumia;137_jumia;https://www.jumia.ma/remington-seche-cheveux-de-voyage-1400w-d2400-42649398.html;Sèche-cheveux de Voyage 1400W D2400;Remington;Beauté & Soins personnels;Sèche-cheveux;299.00;MAD;Sèche-cheveux de voyage avec puissance 1400W. Boucle de suspension et cordon de 1,8 mCompact et facile à transporter grâce à la poignée pliable.2 températures / vitesse.1 concentrateur d'air inclus.Voltage universel;https://ma.jumia.is/unsafe/fit-in/680x680/filters:fill(white)/product/89/394624/1.jpg?5106|https://ma.jumia.is/unsafe/fit-in/680x680/filters:fill(white)/product/89/394624/2.jpg?5106|https://ma.jumia.is/unsafe/fit-in/680x680/filters:fill(white)/product/89/394624/3.jpg?5106;3;ok
137;wildberries;137_wildberries;https://www.wildberries.ru/catalog/153256183/detail.aspx;Фен для укладки волос D2400 с диффузором;Remington;Beauté & Soins personnels;Sèche-cheveux;3275;RUB;;https://basket-10.wbbasket.ru/vol1532/part153256/153256183/images/big/1.webp;1;ok
138;jumia;138_jumia;https://www.jumia.ma/babyliss-seche-cheveux-babyliss-travel-dry-2000-compact-leger-avec-poignee-pliante-5344e-46844584.html;Sèche-cheveux BaByliss Travel Dry 2000 Compact Léger avec poignée pliante 5344E;Babyliss;Beauté & Soins personnels;Sèche-cheveux;449.00;MAD;Modèle : CompactType : De voyage (ou pliable) : parfait pour le transport, il est généralement doté d'un manche pliable et est adapté pour vous suivre dans vos déplacementsMoteur : Classique (DC)Puissance : 2.000 WConsommation d'énergie : 2.000 WNombre de vitesse : 1.0Nombre température : 2.0Vitesse de séchage (en km/h) : 79.0Vitesse température : 1 vitesse/ 2 températuresColoris : Noir;https://ma.jumia.is/unsafe/fit-in/680x680/filters:fill(white)/product/48/544864/1.jpg?6597|https://ma.jumia.is/unsafe/fit-in/680x680/filters:fill(white)/product/48/544864/2.jpg?6597|https://ma.jumia.is/unsafe/fit-in/680x680/filters:fill(white)/product/48/544864/3.jpg?6597;3;ok
138;wildberries;138_wildberries;https://www.wildberries.ru/catalog/1152678681/detail.aspx;Фен для волос профессиональный Babyliss Travel Dry 5344E;;Beauté & Soins personnels;Sèche-cheveux;5732;RUB;;https://basket-43.wbbasket.ru/vol11526/part1152678/1152678681/images/big/1.webp|https://basket-43.wbbasket.ru/vol11526/part1152678/1152678681/images/big/2.webp|https://basket-43.wbbasket.ru/vol11526/part1152678/1152678681/images/big/3.webp|https://basket-43.wbbasket.ru/vol11526/part1152678/1152678681/images/big/4.webp|https://basket-43.wbbasket.ru/vol11526/part1152678/1152678681/images/big/5.webp|https://basket-43.wbbasket.ru/vol11526/part1152678/1152678681/images/big/6.webp|https://basket-43.wbbasket.ru/vol11526/part1152678/1152678681/images/big/7.webp|https://basket-43.wbbasket.ru/vol11526/part1152678/1152678681/images/big/8.webp|https://basket-43.wbbasket.ru/vol11526/part1152678/1152678681/images/big/9.webp|https://basket-43.wbbasket.ru/vol11526/part1152678/1152678681/images/big/10.webp|https://basket-43.wbbasket.ru/vol11526/part1152678/1152678681/images/big/11.webp|https://basket-43.wbbasket.ru/vol11526/part1152678/1152678681/images/big/12.webp|https://basket-43.wbbasket.ru/vol11526/part1152678/1152678681/images/big/13.webp|https://basket-43.wbbasket.ru/vol11526/part1152678/1152678681/images/big/14.webp;14;ok
139;wildberries;139_wildberries;https://www.wildberries.ru/catalog/583332571/detail.aspx;Триммер MG3710/33, черный;PHILIPS;Beauté & Soins personnels;Tondeuses;1380.82;RUB;;https://basket-30.wbbasket.ru/vol5833/part583332/583332571/images/big/1.webp|https://basket-30.wbbasket.ru/vol5833/part583332/583332571/images/big/2.webp|https://basket-30.wbbasket.ru/vol5833/part583332/583332571/images/big/3.webp;3;ok
139;trendyol;139_trendyol;https://www.trendyol.ae/philips/multigroom-series-3000-6-in-1-trimmer-mg3710-p-948053176;Philips Multigroom Series 3000 6-In-1 Trimmer - MG3710;Philips;Beauté & Soins personnels;Tondeuses;115.00;AED;;https://cdn.dsmcdn.com/ty1687/prod/QC_PREP/20250531/09/b127da5a-e401-34f7-b167-dbf09b164823/1_org_zoom.jpg|https://cdn.dsmcdn.com/ty1688/prod/QC_PREP/20250531/09/725e257c-958d-377a-b6a4-d028e75888c4/1_org_zoom.jpg|https://cdn.dsmcdn.com/ty1686/prod/QC_PREP/20250531/09/a9618693-73a0-379f-9eba-56917bbd85d3/1_org_zoom.jpg|https://cdn.dsmcdn.com/ty1688/prod/QC_PREP/20250531/09/1c9827b5-1678-38fb-8156-f1d3aec820aa/1_org_zoom.jpg|https://cdn.dsmcdn.com/ty1687/prod/QC_PREP/20250531/09/e6e8e412-5ed9-35f0-85de-e07184643721/1_org_zoom.jpg|https://cdn.dsmcdn.com/ty1688/prod/QC_PREP/20250531/09/af614fee-61dc-37fb-b970-626087c1f87b/1_org_zoom.jpg|https://cdn.dsmcdn.com/ty1686/prod/QC_PREP/20250531/09/3838b0f0-9c9d-35d2-bff8-09dc3f6f45f2/1_org_zoom.jpg|https://cdn.dsmcdn.com/ty1687/prod/QC_PREP/20250531/09/c9fe9ea6-f57b-3577-9ab9-a32740e889bd/1_org_zoom.jpg|https://cdn.dsmcdn.com/ty1686/prod/QC_PREP/20250531/09/cfb13880-3271-352a-ab11-2ac2c6ac3c22/1_org_zoom.jpg;9;ok
139;daraz;139_daraz;https://www.daraz.pk/products/3710-i933310373-s3990017621.html?c=&channelLpJumpArgs=&clickTrackInfo=query%253APhilips%252BMG3710%253Bnid%253A933310373%253Bsrc%253ALazadaMainSrp%253Brn%253Adace4b131cecce36f468efe5035c140c%253Bregion%253Apk%253Bsku%253A933310373_PK%253Bprice%253A13095%253Bclient%253Adesktop%253Bsupplier_id%253A6005067012199%253Bsession_id%253A%253Bbiz_source%253Ah5_external%253Bslot%253A0%253Butlog_bucket_id%253A470687%253Basc_category_id%253A10002231%253Bitem_id%253A933310373%253Bsku_id%253A3990017621%253Bshop_id%253A1355509%253BtemplateInfo%253A&freeshipping=0&fs_ab=1&fuse_fs=&lang=en&location=Punjab&price=13095&priceCompare=skuId%3A3990017621%3Bsource%3Alazada-search-voucher%3Bsn%3Adace4b131cecce36f468efe5035c140c%3BoriginPrice%3A1309500%3BdisplayPrice%3A1309500%3BisGray%3Afalse%3BsinglePromotionId%3A-1%3BsingleToolCode%3A-1%3BvoucherPricePlugin%3A0%3Btimestamp%3A1785435192603&ratingscore=5.0&request_id=dace4b131cecce36f468efe5035c140c&review=1&sale=7&search=1&source=search&spm=a2a0e.searchlist.list.0&stock=1;Alfatah Mall PHILIPS GROOMING SET MG3710;Al Fatah;Beauté & Soins personnels;Tondeuses;13.095;PKR;;//laz-img-sg.alicdn.com/p/84173b5ec80a727852c50e7333d0dbce.jpg;1;ok
140;jumia;140_jumia;https://www.jumia.ma/philips-tondeuse-series-3000-multistyle-8-en-1-un-seul-outil-stylisation-facile-pour-le-visage-et-les-cheveux-11-hauteurs-de-coupe-05-a-16-mm-mg373015-67407848.html;Tondeuse Series 3000 multistyle 8 en 1 un seul outil stylisation facile pour le visage et les cheveux, 11 hauteurs de coupe (0,5 à 16 mm)-MG3730/15;Philips;Beauté & Soins personnels;Tondeuses;997.00;MAD;8 accessoires pour le visage et les cheveux : idéal comme tondeuse à barbe, tondeuse à cheveux et tondeuse nez-oreilles pour hommes, 11 hauteurs de coupe (0,5 à 16 mm).Tondeuse électrique fiable pour hommes avec lames en acier inoxydable auto-affûtées qui restent aussi coupantes qu'au premier jour, sans lubrification nécessaire.Élimine les poils du nez et des oreilles : la tondeuse tout-en-un élimine rapidement les poils indésirables du nez et des oreilles sans coupures ni égratignures.Facile à utiliser, à nettoyer et à entretenir : les lames et les sabots se détachent facilement pour un nettoyage rapide, les sabots résistants aux chocs ne se plient pas et ne se tordent pas, 60 minutes d'utilisation sans fil.Le kit comprend : 1 manche multistyle, 1 lame entièrement métallique, 1 tête pour le nez/les oreilles, 1 sabot barbe réglable 3 à 7 mm, 2 sabots barbe de 3 jours, 3 sabots cheveux.;https://ma.jumia.is/unsafe/fit-in/680x680/filters:fill(white)/product/84/870476/1.jpg?4587|https://ma.jumia.is/unsafe/fit-in/680x680/filters:fill(white)/product/84/870476/2.jpg?4587|https://ma.jumia.is/unsafe/fit-in/680x680/filters:fill(white)/product/84/870476/3.jpg?4587|https://ma.jumia.is/unsafe/fit-in/680x680/filters:fill(white)/product/84/870476/4.jpg?4587|https://ma.jumia.is/unsafe/fit-in/680x680/filters:fill(white)/product/84/870476/5.jpg?4587|https://ma.jumia.is/unsafe/fit-in/680x680/filters:fill(white)/product/84/870476/6.jpg?4587|https://ma.jumia.is/unsafe/fit-in/680x680/filters:fill(white)/product/84/870476/7.jpg?4587;7;ok
140;wildberries;140_wildberries;https://www.wildberries.ru/catalog/354027152/detail.aspx;Триммер MG3730/15;PHILIPS;Beauté & Soins personnels;Tondeuses;5554;RUB;;https://basket-21.wbbasket.ru/vol3540/part354027/354027152/images/big/1.webp|https://basket-21.wbbasket.ru/vol3540/part354027/354027152/images/big/2.webp|https://basket-21.wbbasket.ru/vol3540/part354027/354027152/images/big/3.webp|https://basket-21.wbbasket.ru/vol3540/part354027/354027152/images/big/4.webp|https://basket-21.wbbasket.ru/vol3540/part354027/354027152/images/big/5.webp|https://basket-21.wbbasket.ru/vol3540/part354027/354027152/images/big/6.webp|https://basket-21.wbbasket.ru/vol3540/part354027/354027152/images/big/7.webp|https://basket-21.wbbasket.ru/vol3540/part354027/354027152/images/big/8.webp|https://basket-21.wbbasket.ru/vol3540/part354027/354027152/images/big/9.webp|https://basket-21.wbbasket.ru/vol3540/part354027/354027152/images/big/10.webp;10;ok
140;trendyol;140_trendyol;https://www.trendyol.ae/philips/multigroom-3000-series-mg3730-15-8-purpose-men-s-grooming-shaver-p-2885504;Philips Multigroom 3000 Series MG3730/15 - 8 Purpose Men's Grooming Shaver;Philips;Beauté & Soins personnels;Tondeuses;121.73;AED;;https://cdn.dsmcdn.com/ty1247/product/media/images/prod/PIM/20240408/03/7cef9cbd-5dbc-4667-a794-d0b3c9c5ae20/1_org_zoom.jpg|https://cdn.dsmcdn.com/ty1246/product/media/images/prod/PIM/20240408/03/6da1732e-e5b2-473b-9ddf-703fda2e6c6b/1_org_zoom.jpg|https://cdn.dsmcdn.com/ty10/product/media/images/20200821/13/8536459/13746897/1/1_org_zoom.jpg|https://cdn.dsmcdn.com/ty9/product/media/images/20200821/13/8536459/13746897/2/2_org_zoom.jpg|https://cdn.dsmcdn.com/ty10/product/media/images/20200821/13/8536459/13746897/3/3_org_zoom.jpg|https://cdn.dsmcdn.com/ty1247/product/media/images/prod/PIM/20240408/03/8f58db13-b8b5-447b-993a-93132f5d7f47/1_org_zoom.jpg|https://cdn.dsmcdn.com/ty1247/product/media/images/prod/PIM/20240408/03/3bb87bc5-e0b7-4872-9434-1ed5204e5537/1_org_zoom.jpg|https://cdn.dsmcdn.com/ty1247/product/media/images/prod/PIM/20240408/03/e9ad6c4e-f5dd-4a25-804b-056e8c0584f9/1_org_zoom.jpg|https://cdn.dsmcdn.com/ty1246/product/media/images/prod/PIM/20240408/03/0c8e3439-252e-40d9-8a09-0a6c5bd6007d/1_org_zoom.jpg;9;ok
140;daraz;140_daraz;https://www.daraz.pk/products/mg373015-1-8-3000-i264636508-s1481096150.html?c=&channelLpJumpArgs=&clickTrackInfo=query%253APhilips%252BMG3730%253Bnid%253A264636508%253Bsrc%253ALazadaMainSrp%253Brn%253Ac335aa00f859ff9df9ce91798d731122%253Bregion%253Apk%253Bsku%253A264636508_PK%253Bprice%253A13650%253Bclient%253Adesktop%253Bsupplier_id%253A6005014482007%253Bsession_id%253A%253Bbiz_source%253Ah5_external%253Bslot%253A0%253Butlog_bucket_id%253A470687%253Basc_category_id%253A10002231%253Bitem_id%253A264636508%253Bsku_id%253A1481096150%253Bshop_id%253A702104%253BtemplateInfo%253A&freeshipping=0&fs_ab=1&fuse_fs=&lang=en&location=Punjab&price=1.365E%204&priceCompare=skuId%3A1481096150%3Bsource%3Alazada-search-voucher%3Bsn%3Ac335aa00f859ff9df9ce91798d731122%3BoriginPrice%3A1365000%3BdisplayPrice%3A1365000%3BisGray%3Afalse%3BsinglePromotionId%3A-1%3BsingleToolCode%3A-1%3BvoucherPricePlugin%3A0%3Btimestamp%3A1785435454083&ratingscore=4.588235294117647&request_id=c335aa00f859ff9df9ce91798d731122&review=51&sale=228&search=1&source=search&spm=a2a0e.searchlist.list.0&stock=1;Philips MG3730/15 MultiGroom 8-in-1, Series 3000;Philips;Beauté & Soins personnels;Tondeuses;13.650;PKR;;https://static-01.daraz.pk/p/d84b98a726c84b696cd1d70952deac78.png|https://static-01.daraz.pk/p/69e251b91e84f5bd86fe16a47e1baf01.jpg|https://static-01.daraz.pk/p/b33ef5155a483c6d842fe72955a86c02.jpg|https://static-01.daraz.pk/p/07588b116f7096877a8fe5a508c43c87.jpg;4;ok
141;wildberries;141_wildberries;https://www.wildberries.ru/catalog/95230969/detail.aspx;Триммер для бороды Philips BT3206/14;PHILIPS;Beauté & Soins personnels;Tondeuses;4112;RUB;;https://basket-05.wbbasket.ru/vol952/part95230/95230969/images/big/1.webp|https://basket-05.wbbasket.ru/vol952/part95230/95230969/images/big/2.webp|https://basket-05.wbbasket.ru/vol952/part95230/95230969/images/big/3.webp|https://basket-05.wbbasket.ru/vol952/part95230/95230969/images/big/4.webp|https://basket-05.wbbasket.ru/vol952/part95230/95230969/images/big/5.webp|https://basket-05.wbbasket.ru/vol952/part95230/95230969/images/big/6.webp|https://basket-05.wbbasket.ru/vol952/part95230/95230969/images/big/7.webp|https://basket-05.wbbasket.ru/vol952/part95230/95230969/images/big/8.webp|https://basket-05.wbbasket.ru/vol952/part95230/95230969/images/big/9.webp|https://basket-05.wbbasket.ru/vol952/part95230/95230969/images/big/10.webp|https://basket-05.wbbasket.ru/vol952/part95230/95230969/images/big/11.webp|https://basket-05.wbbasket.ru/vol952/part95230/95230969/images/big/12.webp|https://basket-05.wbbasket.ru/vol952/part95230/95230969/images/big/13.webp|https://basket-05.wbbasket.ru/vol952/part95230/95230969/images/big/14.webp|https://basket-05.wbbasket.ru/vol952/part95230/95230969/images/big/15.webp;15;ok
141;daraz;141_daraz;http://daraz.pk/products/bt320614-3000-i317150210-s1682029570.html?c=&channelLpJumpArgs=&clickTrackInfo=query%253APhilips%252BBT3206%253Bnid%253A317150210%253Bsrc%253ALazadaMainSrp%253Brn%253Ad9610b32fafae5b1b1a038aee05fdb82%253Bregion%253Apk%253Bsku%253A317150210_PK%253Bprice%253A13125%253Bclient%253Adesktop%253Bsupplier_id%253A6005014482007%253Bsession_id%253A%253Bbiz_source%253Ah5_external%253Bslot%253A0%253Butlog_bucket_id%253A470687%253Basc_category_id%253A10002231%253Bitem_id%253A317150210%253Bsku_id%253A1682029570%253Bshop_id%253A702104%253BtemplateInfo%253A&freeshipping=0&fs_ab=1&fuse_fs=&lang=en&location=Sindh&price=13125&priceCompare=skuId%3A1682029570%3Bsource%3Alazada-search-voucher%3Bsn%3Ad9610b32fafae5b1b1a038aee05fdb82%3BoriginPrice%3A1312500%3BdisplayPrice%3A1312500%3BisGray%3Afalse%3BsinglePromotionId%3A-1%3BsingleToolCode%3A-1%3BvoucherPricePlugin%3A0%3Btimestamp%3A1785435644344&qSellingPoint=p--bt3206___b--philips&ratingscore=4.875&request_id=d9610b32fafae5b1b1a038aee05fdb82&review=16&sale=85&search=1&source=search&spm=a2a0e.searchlist.list.0&stock=1;Philips Beard Trimmer BT3206/14- Series 3000;Philips;Beauté & Soins personnels;Tondeuses;13.125;PKR;;https://static-01.daraz.pk/p/4894233c27ae439061b07fe1ceab8029.jpg|https://static-01.daraz.pk/p/7abb6ada8ad59062b35f4e347facb821.jpg|https://static-01.daraz.pk/p/96d09d6deb7d2599544406dcb96caaa9.jpg|https://static-01.daraz.pk/p/ee2b65a0e4c1031169f41292b4947ba3.jpg|https://static-01.daraz.pk/p/0a01b41ef4a06294c3fee0f2d6686fa5.jpg|https://static-01.daraz.pk/p/f2680891dc890c5e5ef4d096028feea6.jpg;6;ok
142;jumia;142_jumia;https://www.jumia.ma/kemei-km-2299-tondeuse-a-cheveux-sans-fil-pour-barbier-67313761.html;KM 2299 Tondeuse à cheveux sans fil pour barbier ;Kemei;Beauté & Soins personnels;Tondeuses;165.00;MAD;Lames minces7000 à 7300 tr/minModèle: KM-2299 KemeiLame de coupe: acier de haute qualitéPuissance: 5WCapacité de la batterie: 1200mAhFonctionnement continu: environ 180 minutesTemps de charge: 3 heures;https://ma.jumia.is/unsafe/fit-in/680x680/filters:fill(white)/product/16/731376/1.jpg?8494|https://ma.jumia.is/unsafe/fit-in/680x680/filters:fill(white)/product/16/731376/2.jpg?3830|https://ma.jumia.is/unsafe/fit-in/680x680/filters:fill(white)/product/16/731376/3.jpg?3830|https://ma.jumia.is/unsafe/fit-in/680x680/filters:fill(white)/product/16/731376/4.jpg?3830|https://ma.jumia.is/unsafe/fit-in/680x680/filters:fill(white)/product/16/731376/5.jpg?8494;5;ok
142;wildberries;142_wildberries;https://www.wildberries.ru/catalog/563362124/detail.aspx;Kemei Триммер для волос KM-2299, 3 насадки;;Beauté & Soins personnels;Tondeuses;1645;RUB;;https://basket-29.wbbasket.ru/vol5633/part563362/563362124/images/big/1.webp;1;ok
143;jumia;143_jumia;https://www.jumia.ma/kemei-tondeuse-a-cheveux-rechargeable-km-5021-machine-de-coupe-professionnelle-pour-hommes-rasage-chauve-usb-haute-performance-67344334.html;Tondeuse à Cheveux Rechargeable KM-5021 – Machine de Coupe Professionnelle pour Hommes, Rasage Chauve, USB, Haute Performance;Kemei;Beauté & Soins personnels;Tondeuses;129.00;MAD;Lames affûtées offrant une coupe rapide et homogèneRecharge USB universelle, pratique et économiqueAutonomie durable pour plusieurs séancesDesign moderne, compact et légerParfaite pour l’entretien quotidien ou les coupes complètesRésultat professionnel à domicile ou en salon;https://ma.jumia.is/unsafe/fit-in/680x680/filters:fill(white)/product/43/344376/1.jpg?3752|https://ma.jumia.is/unsafe/fit-in/680x680/filters:fill(white)/product/43/344376/2.jpg?3752|https://ma.jumia.is/unsafe/fit-in/680x680/filters:fill(white)/product/43/344376/3.jpg?3752|https://ma.jumia.is/unsafe/fit-in/680x680/filters:fill(white)/product/43/344376/4.jpg?3752|https://ma.jumia.is/unsafe/fit-in/680x680/filters:fill(white)/product/43/344376/5.jpg?3752|https://ma.jumia.is/unsafe/fit-in/680x680/filters:fill(white)/product/43/344376/6.jpg?3752|https://ma.jumia.is/unsafe/fit-in/680x680/filters:fill(white)/product/43/344376/7.jpg?3752;7;ok
143;wildberries;143_wildberries;https://www.wildberries.ru/catalog/1012041833/detail.aspx;Триммер для волос Kemei KM-5021, синий, черный;Kemei;Beauté & Soins personnels;Tondeuses;1194;RUB;;https://basket-41.wbbasket.ru/vol10120/part1012041/1012041833/images/big/1.webp|https://basket-41.wbbasket.ru/vol10120/part1012041/1012041833/images/big/2.webp|https://basket-41.wbbasket.ru/vol10120/part1012041/1012041833/images/big/3.webp|https://basket-41.wbbasket.ru/vol10120/part1012041/1012041833/images/big/4.webp|https://basket-41.wbbasket.ru/vol10120/part1012041/1012041833/images/big/5.webp|https://basket-41.wbbasket.ru/vol10120/part1012041/1012041833/images/big/6.webp|https://basket-41.wbbasket.ru/vol10120/part1012041/1012041833/images/big/7.webp;7;ok
143;trendyol;143_trendyol;https://www.trendyol.ae/kemei/3-in-1-hair-clipper-km-5021-multicolour-p-1152334455;Kemei 3 In 1 Hair Clipper KM 5021 Multicolour;Kemei;Beauté & Soins personnels;Tondeuses;48.00;AED;;https://cdn.dsmcdn.com/ty1901/prod/QC_PREP/20260603/11/1a8e827e-e01c-3e57-8db9-4476d97e23d0/1_org_zoom.jpg|https://cdn.dsmcdn.com/ty1926/prod/QC_PREP/20260603/11/7aa2ccc4-bc14-32cd-ad01-1be865736642/1_org_zoom.jpg|https://cdn.dsmcdn.com/ty1909/prod/QC_PREP/20260603/11/afe54dd8-16e2-3cb3-b2f7-0ea90767e1d2/1_org_zoom.jpg;3;ok
144;jumia;144_jumia;https://www.jumia.ma/kemei-tondeuse-sans-fil-waterproof-pour-laine-et-le-corps-km-1840-66571360.html;Tondeuses Cheveux;;Beauté & Soins personnels;Tondeuses;119.28;MAD;Tondeuse cheveux or Tondeuse Le toner Hygiene sante Recharge toner Cheveux reche tondeuse rechargeable Filer Cheveux Tondeuse chevaux sans fil Fil tondeuse Tondeuse sans fil cheveux Tondeuse sans fil Outil pro Htc Tondeuse Tondez Htc Htc At Tendeuse Htc Tondeuse professionnelle cheveux Tondeuse Professionnelle Tondeuse Cheveux Professionnelle Outils professionnels Coupe electrique cheveux Tondeuse Électrique Ras cou or Kemei Kemei tondeuse Ras du cou or Ras du coup Tondeuse raser Ras De Cou Tondeuse cheveux kemel Rasoir Tondeuse rasoir cheveux Les rasoirs Tondeuse barbe cheveux Rasoir cheveux Soins barbe Rasoire Rasoir de Rasoir coupe cheveux Tondeuse Barber Tondeuse rasoir Tondeuse Barbe Tondeuse Cheveux Hommes Tondeuse Homme V Soin Cheveux;;0;ok
144;wildberries;144_wildberries;https://www.wildberries.ru/catalog/1165490642/detail.aspx;Kemei KM-1840 Триммер для бикини, черный;Kemei;Beauté & Soins personnels;Tondeuses;958;RUB;;https://basket-43.wbbasket.ru/vol11654/part1165490/1165490642/images/big/1.webp|https://basket-43.wbbasket.ru/vol11654/part1165490/1165490642/images/big/2.webp|https://basket-43.wbbasket.ru/vol11654/part1165490/1165490642/images/big/3.webp|https://basket-43.wbbasket.ru/vol11654/part1165490/1165490642/images/big/4.webp|https://basket-43.wbbasket.ru/vol11654/part1165490/1165490642/images/big/5.webp|https://basket-43.wbbasket.ru/vol11654/part1165490/1165490642/images/big/6.webp|https://basket-43.wbbasket.ru/vol11654/part1165490/1165490642/images/big/7.webp;7;ok
144;trendyol;144_trendyol;https://www.trendyol.ae/kemei/km-1840-electric-body-hair-trimmer-ipx7-waterproof-rechargeable-hair-clipper-with-lcd-display-charging-base-built-in-spotlight-for-men-women-p-1121007375?boutiqueId=61&merchantId=1268660;KemeiKM-1840 Electric Body Hair Trimmer, IPX7 Waterproof, Rechargeable Hair Clipper with LCD Display, Charging Base & Built-in Spotlight for Men & Women;Kemei;Beauté & Soins personnels;Tondeuses;47.60;AED;;https://cdn.dsmcdn.com/mnresize/300/-/sfweb/images/ae.png|https://cdn.dsmcdn.com/mnresize/620/920/ty1904/prod/QC_ENRICHMENT/20260521/01/e3ec772e-da0a-3d3a-b07b-e8f6427fe009/1_org_zoom.jpg|https://cdn.dsmcdn.com/mnresize/620/920/ty1840/prod/QC_PREP/20260318/11/bfd00ed8-f8bc-387f-9263-98229e08f930/1_org_zoom.jpg|https://cdn.dsmcdn.com/mnresize/128/-/indexing-sticker-stamp/mars/810b7463-d5ae-443b-8966-4f7778bf8f19.png|https://cdn.dsmcdn.com/mnresize/620/920/ty1914/prod/QC_ENRICHMENT/20260521/01/32b4453c-9a39-36ae-a8da-dcab2dbfdf21/1_org_zoom.jpg|https://cdn.dsmcdn.com/mnresize/620/920/ty1930/prod/QC_ENRICHMENT/20260521/01/572be37c-415c-31c1-99c4-0d90152eaf6f/1_org_zoom.jpg|https://cdn.dsmcdn.com/mnresize/620/920/ty1942/prod/QC_ENRICHMENT/20260521/01/ffc4a20a-feee-3643-b254-df560136753a/1_org_zoom.jpg|https://cdn.dsmcdn.com/mnresize/620/920/ty1907/prod/QC_ENRICHMENT/20260521/01/81d74086-e268-3cf1-bdbd-b691f2d05ebb/1_org_zoom.jpg|https://cdn.dsmcdn.com/mobile/international/PaymentLogo/tamara_snippet_en.png|https://cdn.dsmcdn.com/mobile/international/PaymentLogo/Tabby_snippet_new.png|https://cdn.dsmcdn.com/mobile/international/PaymentLogo/cod-v4.png|https://cdn.dsmcdn.com/mnresize/300/-/sfint/production/flags/ae.png|https://cdn.dsmcdn.com/ty1904/prod/QC_ENRICHMENT/20260521/01/e3ec772e-da0a-3d3a-b07b-e8f6427fe009/1_org_zoom.jpg|https://cdn.dsmcdn.com/sfweb-checkout/images/basket-icon_1751630173674.png|https://cdn.dsmcdn.com/mobile/international/PaymentLogo/Mastercard3x.png|https://cdn.dsmcdn.com/mobile/international/PaymentLogo/Visa3x.png|https://cdn.dsmcdn.com/mobile/international/PaymentLogo/Applepay3x.png|https://cdn.dsmcdn.com/mobile/international/PaymentLogo/tamara_logo_en.png|https://cdn.dsmcdn.com/mobile/international/PaymentLogo/Tabby_Basket_new.png;19;ok
145;jumia;145_jumia;https://www.jumia.ma/kemei-km-1949-tondeuse-professionnel-rechargeable-accessoires.-en-metal-59966668.html;KM-1949 Tondeuse professionnel rechargeable + Accessoires. en métal;Kemei;Beauté & Soins personnels;Tondeuses;186.00;MAD;Numéro de modèle : KM-1949Sexe : homme, femme. EnfantType d'alimentation : RechargeableUtilisation : visage, barbe, moustache, barbier.Tension : 100-240 VTemps de charge : 2.5 heuresTemps de travail : 180 minutesPuissance : 5 WMoteur : très puissantCouleur : argentMatériel : INOXBatterie : 1400 mAh Charge rapide et forte puissanceUsage : Outil de barbier professionnel ou domestique;https://ma.jumia.is/unsafe/fit-in/680x680/filters:fill(white)/product/86/666995/1.jpg?8805|https://ma.jumia.is/unsafe/fit-in/680x680/filters:fill(white)/product/86/666995/2.jpg?8805|https://ma.jumia.is/unsafe/fit-in/680x680/filters:fill(white)/product/86/666995/3.jpg?8805|https://ma.jumia.is/unsafe/fit-in/680x680/filters:fill(white)/product/86/666995/4.jpg?8805|https://ma.jumia.is/unsafe/fit-in/680x680/filters:fill(white)/product/86/666995/5.jpg?8805;5;ok
145;wildberries;145_wildberries;https://www.wildberries.ru/catalog/179629596/detail.aspx;Триммер для бороды и усов;Kemei;Beauté & Soins personnels;Tondeuses;2605;RUB;;https://basket-12.wbbasket.ru/vol1796/part179629/179629596/images/big/1.webp|https://basket-12.wbbasket.ru/vol1796/part179629/179629596/images/big/2.webp|https://basket-12.wbbasket.ru/vol1796/part179629/179629596/images/big/3.webp|https://basket-12.wbbasket.ru/vol1796/part179629/179629596/images/big/4.webp|https://basket-12.wbbasket.ru/vol1796/part179629/179629596/images/big/5.webp;5;ok
145;trendyol;145_trendyol;https://www.trendyol.ae/kemei/km-1949-metal-professional-hair-clipper-electric-cordless-hair-trimmer-grooming-grey-p-1165888647;Kemei KM-1949 Metal Professional Hair Clipper Electric Cordless Hair Trimmer Grooming Grey;Kemei;Beauté & Soins personnels;Tondeuses;125.00;AED;;https://cdn.dsmcdn.com/ty1919/prod/QC_PREP/20260603/18/51b043b0-153e-3a67-bab8-720d965190ba/1_org_zoom.jpg|https://cdn.dsmcdn.com/ty1897/prod/QC_PREP/20260707/23/2bb32893-cf15-389d-88a4-1a2715752b9f/1_org_zoom.jpg;2;ok
146;wildberries;146_wildberries;https://www.wildberries.ru/catalog/722987385/detail.aspx;Пылесос XB2122/09 850Вт белый/черный;PHILIPS;Électroménager;Aspirateurs;15202;RUB;;https://basket-34.wbbasket.ru/vol7229/part722987/722987385/images/big/1.webp|https://basket-34.wbbasket.ru/vol7229/part722987/722987385/images/big/2.webp|https://basket-34.wbbasket.ru/vol7229/part722987/722987385/images/big/3.webp|https://basket-34.wbbasket.ru/vol7229/part722987/722987385/images/big/4.webp|https://basket-34.wbbasket.ru/vol7229/part722987/722987385/images/big/5.webp|https://basket-34.wbbasket.ru/vol7229/part722987/722987385/images/big/6.webp|https://basket-34.wbbasket.ru/vol7229/part722987/722987385/images/big/7.webp|https://basket-34.wbbasket.ru/vol7229/part722987/722987385/images/big/8.webp|https://basket-34.wbbasket.ru/vol7229/part722987/722987385/images/big/9.webp|https://basket-34.wbbasket.ru/vol7229/part722987/722987385/images/big/10.webp;10;ok
146;trendyol;146_trendyol;https://www.trendyol.com/philips/xb2122-09-2000-toz-torbasiz-supurge-p-683034052?boutiqueId=61&merchantId=108129;PhilipsXb2122/09 2000 Dust Bagless Vacuum Cleaner;Philips;Électroménager;Aspirateurs;633.99;AED;;https://cdn.dsmcdn.com/mnresize/300/-/sfweb/images/ae.png|https://cdn.dsmcdn.com/mnresize/620/920/ty1739/prod/QC_ENRICHMENT/20250828/15/323e99f3-1a74-359e-95bc-3c2c2ef07267/1_org_zoom.jpg|https://cdn.dsmcdn.com/mnresize/620/920/ty1738/prod/QC_ENRICHMENT/20250828/15/c102e639-4060-3d16-ab69-b30965ba2526/1_org_zoom.jpg|https://cdn.dsmcdn.com/mnresize/620/920/ty1738/prod/QC_ENRICHMENT/20250828/15/566abcc1-185c-3620-997a-3c8d7c8bae6e/1_org_zoom.jpg|https://cdn.dsmcdn.com/mnresize/620/920/ty1738/prod/QC_ENRICHMENT/20250828/15/de40b85d-f199-3b74-bc44-36467cd485d8/1_org_zoom.jpg|https://cdn.dsmcdn.com/mnresize/620/920/ty1737/prod/QC_ENRICHMENT/20250828/15/50c72d7d-4d5e-3955-b03b-59fca1fca310/1_org_zoom.jpg|https://cdn.dsmcdn.com/mobile/international/PaymentLogo/tamara_snippet_en.png|https://cdn.dsmcdn.com/mobile/international/PaymentLogo/Tabby_snippet_new.png|https://cdn.dsmcdn.com/mobile/international/PaymentLogo/cod-v4.png|https://cdn.dsmcdn.com/mnresize/30/30/mobile/reviewrating/kamera-emoji6x.png|https://cdn.dsmcdn.com/ty1739/prod/QC_ENRICHMENT/20250828/15/323e99f3-1a74-359e-95bc-3c2c2ef07267/1_org_zoom.jpg|https://cdn.dsmcdn.com/sfweb-checkout/images/basket-icon_1751630173674.png|https://cdn.dsmcdn.com/mobile/international/PaymentLogo/Mastercard3x.png|https://cdn.dsmcdn.com/mobile/international/PaymentLogo/Visa3x.png|https://cdn.dsmcdn.com/mobile/international/PaymentLogo/Applepay3x.png|https://cdn.dsmcdn.com/mobile/international/PaymentLogo/tamara_logo_en.png|https://cdn.dsmcdn.com/mobile/international/PaymentLogo/Tabby_Basket_new.png;17;ok
147;jumia;147_jumia;https://www.jumia.ma/xiaomi-vacuum-cleaner-p30-white-67730665.html;Vacuum Cleaner P30 (White);XIAOMI;Électroménager;Aspirateurs;749.00;MAD;"Nom&nbsp;Aspirateur sans fil
Mod&egrave;le&nbsp;E204
Tension nominale&nbsp;14,4&nbsp;V⎓
Puissance nominale&nbsp;180&nbsp;W
Tension de chargement&nbsp;5&nbsp;V⎓2&nbsp;A
Type de port&nbsp;Type-C
Poids net de l&#039;unit&eacute; compl&egrave;te&nbsp;1,46&nbsp;kg
Tige de rallonge (pour aspirateur)
Tige de rallonge (pour t&ecirc;te de brosse)
Barre de brosse
Brosse pour fentes 2-en-1
Adaptateur secteur
C&acirc;ble de chargement de type C
Manuel d&#039;utilisation";https://ma.jumia.is/unsafe/fit-in/680x680/filters:fill(white)/product/56/603776/1.jpg?2309|https://ma.jumia.is/unsafe/fit-in/680x680/filters:fill(white)/product/56/603776/2.jpg?2359|https://ma.jumia.is/unsafe/fit-in/680x680/filters:fill(white)/product/56/603776/3.jpg?2366|https://ma.jumia.is/unsafe/fit-in/680x680/filters:fill(white)/product/56/603776/4.jpg?2382|https://ma.jumia.is/unsafe/fit-in/680x680/filters:fill(white)/product/56/603776/5.jpg?2388|https://ma.jumia.is/unsafe/fit-in/680x680/filters:fill(white)/product/56/603776/6.jpg?2395|https://ma.jumia.is/unsafe/fit-in/680x680/filters:fill(white)/product/56/603776/7.jpg?2408|https://ma.jumia.is/unsafe/fit-in/680x680/filters:fill(white)/product/56/603776/8.jpg?2414|https://ma.jumia.is/unsafe/fit-in/680x680/filters:fill(white)/product/56/603776/9.jpg?2432|https://ma.jumia.is/unsafe/fit-in/680x680/filters:fill(white)/product/56/603776/10.jpg?2444;10;ok
147;wildberries;147_wildberries;https://www.wildberries.ru/catalog/1300697116/detail.aspx;Вертикальный пылесос Vacuum Cleaner P30;Xiaomi;Électroménager;Aspirateurs;4897;RUB;;https://basket-45.wbbasket.ru/vol13006/part1300697/1300697116/images/big/1.webp|https://basket-45.wbbasket.ru/vol13006/part1300697/1300697116/images/big/2.webp|https://basket-45.wbbasket.ru/vol13006/part1300697/1300697116/images/big/3.webp|https://basket-45.wbbasket.ru/vol13006/part1300697/1300697116/images/big/4.webp|https://basket-45.wbbasket.ru/vol13006/part1300697/1300697116/images/big/5.webp|https://basket-45.wbbasket.ru/vol13006/part1300697/1300697116/images/big/6.webp|https://basket-45.wbbasket.ru/vol13006/part1300697/1300697116/images/big/7.webp|https://basket-45.wbbasket.ru/vol13006/part1300697/1300697116/images/big/8.webp|https://basket-45.wbbasket.ru/vol13006/part1300697/1300697116/images/big/9.webp|https://basket-45.wbbasket.ru/vol13006/part1300697/1300697116/images/big/10.webp|https://basket-45.wbbasket.ru/vol13006/part1300697/1300697116/images/big/11.webp;11;ok
147;trendyol;147_trendyol;https://www.trendyol.com/xiaomi/vacuum-cleaner-p30-p-1064325294;;;Électroménager;Aspirateurs;239.56;AED;;https://cdn.dsmcdn.com/mnresize/300/-/sfweb/images/ae.png|https://cdn.dsmcdn.com/sfweb-checkout/images/basket-icon_1751630173674.png|https://cdn.dsmcdn.com/mobile/international/PaymentLogo/Mastercard3x.png|https://cdn.dsmcdn.com/mobile/international/PaymentLogo/Visa3x.png|https://cdn.dsmcdn.com/mobile/international/PaymentLogo/Applepay3x.png|https://cdn.dsmcdn.com/mobile/international/PaymentLogo/tamara_logo_en.png|https://cdn.dsmcdn.com/mobile/international/PaymentLogo/Tabby_Basket_new.png|https://cdn.dsmcdn.com/mobile/international/PaymentLogo/cod-v4.png;8;ok
148;jumia;148_jumia;https://www.jumia.ma/xiaomi-truclean-w20-wet-dry-vacuum-white-65815173.html;Truclean W20 Wet Dry Vacuum (White);XIAOMI;Électroménager;Aspirateurs;2199.00;MAD;Model: C305HW Rated Power: 200W Net Weight: 4.2 kg Dimensions: 271 x 230 x 1093 mm Clean Water Tank Capacity: 780 m Dirty Water Tank Capacity: 550 ml;https://ma.jumia.is/unsafe/fit-in/680x680/filters:fill(white)/product/37/151856/1.jpg?9399;1;ok
148;wildberries;148_wildberries;https://www.wildberries.ru/catalog/258092887/detail.aspx;Пылесос моющий вертикальный беспроводной W20 Truclean;Xiaomi;Électroménager;Aspirateurs;17071;RUB;;https://basket-16.wbbasket.ru/vol2580/part258092/258092887/images/big/1.webp|https://basket-16.wbbasket.ru/vol2580/part258092/258092887/images/big/2.webp|https://basket-16.wbbasket.ru/vol2580/part258092/258092887/images/big/3.webp|https://basket-16.wbbasket.ru/vol2580/part258092/258092887/images/big/4.webp|https://basket-16.wbbasket.ru/vol2580/part258092/258092887/images/big/5.webp|https://basket-16.wbbasket.ru/vol2580/part258092/258092887/images/big/6.webp|https://basket-16.wbbasket.ru/vol2580/part258092/258092887/images/big/7.webp|https://basket-16.wbbasket.ru/vol2580/part258092/258092887/images/big/8.webp|https://basket-16.wbbasket.ru/vol2580/part258092/258092887/images/big/9.webp|https://basket-16.wbbasket.ru/vol2580/part258092/258092887/images/big/10.webp|https://basket-16.wbbasket.ru/vol2580/part258092/258092887/images/big/11.webp|https://basket-16.wbbasket.ru/vol2580/part258092/258092887/images/big/12.webp;12;ok
149;wildberries;149_wildberries;https://www.wildberries.ru/catalog/913218533/detail.aspx;Пылесос вертикальный ручной DX700, белый;deerma;Électroménager;Aspirateurs;3787;RUB;;https://basket-39.wbbasket.ru/vol9132/part913218/913218533/images/big/1.webp|https://basket-39.wbbasket.ru/vol9132/part913218/913218533/images/big/2.webp|https://basket-39.wbbasket.ru/vol9132/part913218/913218533/images/big/3.webp|https://basket-39.wbbasket.ru/vol9132/part913218/913218533/images/big/4.webp|https://basket-39.wbbasket.ru/vol9132/part913218/913218533/images/big/5.webp|https://basket-39.wbbasket.ru/vol9132/part913218/913218533/images/big/6.webp|https://basket-39.wbbasket.ru/vol9132/part913218/913218533/images/big/7.webp|https://basket-39.wbbasket.ru/vol9132/part913218/913218533/images/big/8.webp|https://basket-39.wbbasket.ru/vol9132/part913218/913218533/images/big/9.webp|https://basket-39.wbbasket.ru/vol9132/part913218/913218533/images/big/10.webp|https://basket-39.wbbasket.ru/vol9132/part913218/913218533/images/big/11.webp|https://basket-39.wbbasket.ru/vol9132/part913218/913218533/images/big/12.webp|https://basket-39.wbbasket.ru/vol9132/part913218/913218533/images/big/13.webp;13;ok
149;daraz;149_daraz;https://www.daraz.pk/products/dx700-1-2-c-600-i494846702-s2376256447.html?c=&channelLpJumpArgs=&clickTrackInfo=query%253ADeerma%252BDX700%253Bnid%253A494846702%253Bsrc%253ALazadaMainSrp%253Brn%253A282d6e8d0b03e8055becc684496a4e7f%253Bregion%253Apk%253Bsku%253A494846702_PK%253Bprice%253A35499%253Bclient%253Adesktop%253Bsupplier_id%253A6005008257095%253Bsession_id%253A%253Bbiz_source%253Ah5_external%253Bslot%253A4%253Butlog_bucket_id%253A470687%253Basc_category_id%253A9482%253Bitem_id%253A494846702%253Bsku_id%253A2376256447%253Bshop_id%253A283414%253BtemplateInfo%253A&freeshipping=0&fs_ab=1&fuse_fs=&lang=en&location=Sindh&price=35499&priceCompare=skuId%3A2376256447%3Bsource%3Alazada-search-voucher%3Bsn%3A282d6e8d0b03e8055becc684496a4e7f%3BoriginPrice%3A3549900%3BdisplayPrice%3A3549900%3BisGray%3Afalse%3BsinglePromotionId%3A-1%3BsingleToolCode%3A-1%3BvoucherPricePlugin%3A0%3Btimestamp%3A1785506912424&qSellingPoint=p--dx700___b--deerma&ratingscore=5.0&request_id=282d6e8d0b03e8055becc684496a4e7f&review=1&sale=1&search=1&source=search&spm=a2a0e.searchlist.list.4&stock=1;Deerma DX700 2-In-1 Handheld Vacuum C leaner 600 W DEM-DX700;No Brand;Électroménager;Aspirateurs;35.499;PKR;;https://static-01.daraz.pk/p/2fb1c98e5058a20353b842ae359cf450.jpg|https://static-01.daraz.pk/p/315edb96e681f8589f5ccc143bb125b5.jpg|https://static-01.daraz.pk/p/bebfae667f40b53415cbf6d23560f2b6.jpg|https://static-01.daraz.pk/p/e263c546f388a84191809c0ced54d3b1.jpg|https://static-01.daraz.pk/p/a5f8346828d9ce2b179391d33c1e60b9.jpg|https://static-01.daraz.pk/p/10ae0a4a10a8b2ef0a2e71972bedba27.jpg;6;ok
150;wildberries;150_wildberries;https://www.wildberries.ru/catalog/145649522/detail.aspx;Электрическая зубная щетка Pro 3 White 2 насадки;Oral-B;Beauté & Soins personnels;Brosses à dents électriques;13.17;RUB;;https://basket-10.wbbasket.ru/vol1456/part145649/145649522/images/big/1.webp|https://basket-10.wbbasket.ru/vol1456/part145649/145649522/images/big/2.webp|https://basket-10.wbbasket.ru/vol1456/part145649/145649522/images/big/3.webp|https://basket-10.wbbasket.ru/vol1456/part145649/145649522/images/big/4.webp|https://basket-10.wbbasket.ru/vol1456/part145649/145649522/images/big/5.webp|https://basket-10.wbbasket.ru/vol1456/part145649/145649522/images/big/6.webp|https://basket-10.wbbasket.ru/vol1456/part145649/145649522/images/big/7.webp|https://basket-10.wbbasket.ru/vol1456/part145649/145649522/images/big/8.webp|https://basket-10.wbbasket.ru/vol1456/part145649/145649522/images/big/9.webp|https://basket-10.wbbasket.ru/vol1456/part145649/145649522/images/big/10.webp|https://basket-10.wbbasket.ru/vol1456/part145649/145649522/images/big/11.webp|https://basket-10.wbbasket.ru/vol1456/part145649/145649522/images/big/12.webp;12;ok
150;daraz;150_daraz;https://www.daraz.pk/products/3-3000-1-i1949229700-s14012683157.html?c=&channelLpJumpArgs=&clickTrackInfo=query%253AOral-B%252BPro%252B3%252B3000%253Bnid%253A1949229700%253Bsrc%253ALazadaMainSrp%253Brn%253Af1e3fe7fbd891d2460755b7fa0888ba0%253Bregion%253Apk%253Bsku%253A1949229700_PK%253Bprice%253A38390%253Bclient%253Adesktop%253Bsupplier_id%253A8000%253Bsession_id%253A%253Bbiz_source%253Ah5_external%253Bslot%253A0%253Butlog_bucket_id%253A470687%253Basc_category_id%253A1711%253Bitem_id%253A1949229700%253Bsku_id%253A14012683157%253Bshop_id%253A93055%253BtemplateInfo%253A&freeshipping=0&fs_ab=1&fuse_fs=&lang=en&location=Punjab&price=3.839E%204&priceCompare=skuId%3A14012683157%3Bsource%3Alazada-search-voucher%3Bsn%3Af1e3fe7fbd891d2460755b7fa0888ba0%3BoriginPrice%3A3839000%3BdisplayPrice%3A3839000%3BisGray%3Afalse%3BsinglePromotionId%3A50000073372002%3BsingleToolCode%3ApromPrice%3BvoucherPricePlugin%3A0%3Btimestamp%3A1785507155521&ratingscore=&request_id=f1e3fe7fbd891d2460755b7fa0888ba0&review=&sale=0&search=1&source=search&spm=a2a0e.searchlist.list.0&stock=1;Oral-B Pro 3 - 3000  Rechargeable Electric Toothbrush 1 Handle With Visible Polishing Pressure Sensor;BOLD BEAUTY COSMETICS;Beauté & Soins personnels;Brosses à dents électriques;41.599;PKR;;https://static-01.daraz.pk/p/b71e10b1965d8656abc2674761b7b4d5.png|https://static-01.daraz.pk/p/89d41befd4a38307a2783369705bf452.jpg|https://static-01.daraz.pk/p/388c87c7ff684084fdf1575049fc7d1e.jpg|https://static-01.daraz.pk/p/8f6316f6ffa2ab7cb6c95007244996ed.jpg|https://static-01.daraz.pk/p/8ef5a64f0e7a0757f8fe0c27c8851cdf.jpg;5;ok
151;jumia;151_jumia;https://www.jumia.ma/oral-b-bad-electrique-vitality-100-rose-3d-white-67710822.html;Hygiène Dentaire;;Beauté & Soins personnels;Brosses à dents électriques;152.08;MAD;Trouvez vos produits d'hygiène dentaire sur Jumia Maroc pour une santé bucco-dentaire optimale. Les dentistes recommandent un brossage de 2 minutes deux fois par jour avec un dentifrice fluoré 1450 ppm  le fluor réduit les caries de 25 %. Changez de brosse tous les 3 mois. Complétez avec fil dentaire et bain de bouche. Commandez en ligne avec livraison partout au Maroc.;;0;ok
151;wildberries;151_wildberries;https://www.wildberries.ru/catalog/292350562/detail.aspx;Электрическая зубная щетка Braun Vitality 100;Oral-B;Beauté & Soins personnels;Brosses à dents électriques;2672;RUB;;https://basket-18.wbbasket.ru/vol2923/part292350/292350562/images/big/1.webp|https://basket-18.wbbasket.ru/vol2923/part292350/292350562/images/big/2.webp|https://basket-18.wbbasket.ru/vol2923/part292350/292350562/images/big/3.webp|https://basket-18.wbbasket.ru/vol2923/part292350/292350562/images/big/4.webp|https://basket-18.wbbasket.ru/vol2923/part292350/292350562/images/big/5.webp|https://basket-18.wbbasket.ru/vol2923/part292350/292350562/images/big/6.webp|https://basket-18.wbbasket.ru/vol2923/part292350/292350562/images/big/7.webp|https://basket-18.wbbasket.ru/vol2923/part292350/292350562/images/big/8.webp|https://basket-18.wbbasket.ru/vol2923/part292350/292350562/images/big/9.webp|https://basket-18.wbbasket.ru/vol2923/part292350/292350562/images/big/10.webp|https://basket-18.wbbasket.ru/vol2923/part292350/292350562/images/big/11.webp|https://basket-18.wbbasket.ru/vol2923/part292350/292350562/images/big/12.webp|https://basket-18.wbbasket.ru/vol2923/part292350/292350562/images/big/13.webp|https://basket-18.wbbasket.ru/vol2923/part292350/292350562/images/big/14.webp;14;ok
151;daraz;151_daraz;https://www.daraz.pk/products/b-100-d100-i606081021-s2803465918.html?c=&channelLpJumpArgs=&clickTrackInfo=query%253AOral-B%252BVitality%252B100%253Bnid%253A606081021%253Bsrc%253ALazadaMainSrp%253Brn%253A1aeba792051101157036dc61a063f63b%253Bregion%253Apk%253Bsku%253A606081021_PK%253Bprice%253A14400%253Bclient%253Adesktop%253Bsupplier_id%253A6984%253Bsession_id%253A%253Bbiz_source%253Ah5_external%253Bslot%253A0%253Butlog_bucket_id%253A470687%253Basc_category_id%253A1711%253Bitem_id%253A606081021%253Bsku_id%253A2803465918%253Bshop_id%253A92105%253BtemplateInfo%253A&freeshipping=0&fs_ab=1&fuse_fs=&lang=en&location=Sindh&price=1.44E%204&priceCompare=skuId%3A2803465918%3Bsource%3Alazada-search-voucher%3Bsn%3A1aeba792051101157036dc61a063f63b%3BoriginPrice%3A1440000%3BdisplayPrice%3A1440000%3BisGray%3Afalse%3BsinglePromotionId%3A-1%3BsingleToolCode%3AmockedSalePrice%3BvoucherPricePlugin%3A0%3Btimestamp%3A1785507434560&ratingscore=5.0&request_id=1aeba792051101157036dc61a063f63b&review=1&sale=31&search=1&source=search&spm=a2a0e.searchlist.list.0&stock=1;Oral-B Braun 100 Cross Action Rechargeable Toothbrush D100;Braun;Beauté & Soins personnels;Brosses à dents électriques;14.400;PKR;;https://static-01.daraz.pk/p/ee969c03b19b3bd036199b7003fed58a.jpg|https://www.youtube.com/watch?v=b6-O97Fl-Fk|https://static-01.daraz.pk/p/ff0bed0669cabe0f0c91bf334fd87357.jpg|https://static-01.daraz.pk/p/bbf9bdc18e8a0fd1a4025277b75da366.jpg|https://static-01.daraz.pk/p/0b00824d78aa8839990c06fbb7807e30.jpg|https://static-01.daraz.pk/p/5d6cb6f35249827a89c57efa6ea7e2d4.jpg|https://static-01.daraz.pk/p/5ff87c197067fdc2fb8c35787435ea79.jpg|https://static-01.daraz.pk/p/657c4a00d0f5d7dcc6f9842846adcef1.jpg|https://static-01.daraz.pk/p/e6320e6759208c8cd7787675dafd7ee0.jpg|https://static-01.daraz.pk/p/75f96fcabf2a8626f4a6755190e7f209.jpg;10;ok
152;wildberries;152_wildberries;https://www.wildberries.ru/catalog/853621664/detail.aspx;Электрическая зубная щетка Sonic Electric Toothbrush X-3;SHOP-TECH;Beauté & Soins personnels;Brosses à dents électriques;450;RUB;;https://basket-38.wbbasket.ru/vol8536/part853621/853621664/images/big/1.webp|https://basket-38.wbbasket.ru/vol8536/part853621/853621664/images/big/2.webp|https://basket-38.wbbasket.ru/vol8536/part853621/853621664/images/big/3.webp|https://basket-38.wbbasket.ru/vol8536/part853621/853621664/images/big/4.webp|https://basket-38.wbbasket.ru/vol8536/part853621/853621664/images/big/5.webp;5;ok
152;daraz;152_daraz;https://www.daraz.pk/products/7-6-i1958528750-s14019810298.html?c=&channelLpJumpArgs=&clickTrackInfo=query%253APhilips%252BSonicare%252B4100%253Bnid%253A1958528750%253Bsrc%253ALazadaMainSrp%253Brn%253A89c1d77b61eef0e001bd389c7c397e50%253Bregion%253Apk%253Bsku%253A1958528750_PK%253Bprice%253A1926%253Bclient%253Adesktop%253Bsupplier_id%253A6005623312597%253Bsession_id%253A%253Bbiz_source%253Ah5_external%253Bslot%253A3%253Butlog_bucket_id%253A470687%253Basc_category_id%253A1711%253Bitem_id%253A1958528750%253Bsku_id%253A14019810298%253Bshop_id%253A2588891%253BtemplateInfo%253A&configId=choice_PK_promotion&freeshipping=0&fs_ab=1&fuse_fs=&lang=en&location=Overseas&price=1926&priceCompare=skuId%3A14019810298%3Bsource%3Alazada-search-voucher%3Bsn%3A89c1d77b61eef0e001bd389c7c397e50%3BoriginPrice%3A192600%3BdisplayPrice%3A192600%3BisGray%3Afalse%3BsinglePromotionId%3A420000000001000%3BsingleToolCode%3AshopPromPrice%3BvoucherPricePlugin%3A0%3Btimestamp%3A1785507677446&qSellingPoint=b--philips&ratingscore=&request_id=89c1d77b61eef0e001bd389c7c397e50&review=&sale=23&search=1&source=search&spm=a211g0.searchlist.list.3&stock=1&upItemIds=1958528750;Sonic Electric Toothbrush for Adults IPX7 Waterproof USB Rechargeable High Frequency Cleaning 6 Cleaning Modes;No Brand;Beauté & Soins personnels;Brosses à dents électriques;1.926;PKR;Sonic Electric Toothbrush for Adults IPX7 Waterproof USB Rechargeable High Frequency Cleaning 6 Cleaning Modes PRODUCT INFORMATION: Features: The mouth is divided into 4 areas for balanced cleaning, the motor stops vibrating 1.5s every 30s, there is sufficient time to replace the brushing area, and in a scientific and reasonable 2minutes, to ensure that the oral cleaning does not leave dead corners. Specification: Model: X3 Electric Toothbrush Material: ABS Power: 1.5V Voltage: 5V 1A Color:Black/Pink/White POINTS FOR ATTENTION: 1.Do not put your toothbrush in water above 80 degrees Celsius. 2.This product can only use special charger. Please do not put metal products like coins or frame on the charger. 3.Please check the product before each use to make sure it is safe and stable. Stop use if there is any damage. 4.Please do not put the product in direct sunlight, or close to the heat source. Keep out of reach of infants or children when not in use. 5.For the sake of safety and health, please replace the brush head after using it for 2-3 months. Specifications of Brand No Brand SKU 1958528750_PK-14019810298 Country of origin Mainland China What’s in the box بالغوں کے لیے سونک الیکٹرک ٹوتھ برش یو ایس بی ریچارج ایبل آئی پی ایکس 7 واٹر پروف ہائی فریکونسی کلیننگ 6 موڈز سافٹ برسلز ملٹیپل ہیڈز شامل ہیں;https://pk-live-21.slatic.net/kf/S96c6aaab077c422995306240c03c6c1aX.jpg|https://pk-live-21.slatic.net/kf/Sc482a697a05c4229bd2e0fab2b1a90cfr.jpg|https://pk-live-21.slatic.net/kf/Sfaf6fc3a86c74cfaa1c69860c4bbf901y.jpg|https://pk-live-21.slatic.net/kf/S95e4afa8503e42dab350ad65f1fabc72y.jpg|https://pk-live-21.slatic.net/kf/S8687628f3b324fd8b4b4f6b416d2efc8B.jpg|https://pk-live-21.slatic.net/kf/S3bd2086bd9204fb5bb305d0762ee2f24F.jpg;6;ok
153;wildberries;153_wildberries;https://www.wildberries.ru/catalog/795214344/detail.aspx;Электрич. щетка Philips Sonicare ProtectiveClean 4300;;Beauté & Soins personnels;Brosses à dents électriques;8617;RUB;;https://basket-36.wbbasket.ru/vol7952/part795214/795214344/images/big/1.webp|https://basket-36.wbbasket.ru/vol7952/part795214/795214344/images/big/2.webp|https://basket-36.wbbasket.ru/vol7952/part795214/795214344/images/big/3.webp|https://basket-36.wbbasket.ru/vol7952/part795214/795214344/images/big/4.webp|https://basket-36.wbbasket.ru/vol7952/part795214/795214344/images/big/5.webp|https://basket-36.wbbasket.ru/vol7952/part795214/795214344/images/big/6.webp|https://basket-36.wbbasket.ru/vol7952/part795214/795214344/images/big/7.webp;7;ok
153;daraz;153_daraz;https://www.daraz.pk/products/4300-hx680326-i944997788-s4006767285.html?c=&channelLpJumpArgs=&clickTrackInfo=query%253APhilips%252BSonicare%252BProtectiveClean%252B4300%253Bnid%253A944997788%253Bsrc%253ALazadaMainSrp%253Brn%253A5d1cb2656696e894e6c9c89b242de21e%253Bregion%253Apk%253Bsku%253A944997788_PK%253Bprice%253A17274%253Bclient%253Adesktop%253Bsupplier_id%253A6005033286005%253Bsession_id%253A%253Bbiz_source%253Ah5_external%253Bslot%253A2%253Butlog_bucket_id%253A470687%253Basc_category_id%253A1711%253Bitem_id%253A944997788%253Bsku_id%253A4006767285%253Bshop_id%253A965758%253BtemplateInfo%253A&freeshipping=0&fs_ab=1&fuse_fs=&lang=en&location=Sindh&price=17274&priceCompare=skuId%3A4006767285%3Bsource%3Alazada-search-voucher%3Bsn%3A5d1cb2656696e894e6c9c89b242de21e%3BoriginPrice%3A1727400%3BdisplayPrice%3A1727400%3BisGray%3Afalse%3BsinglePromotionId%3A50000073372002%3BsingleToolCode%3ApromPrice%3BvoucherPricePlugin%3A0%3Btimestamp%3A1785508393657&ratingscore=&request_id=5d1cb2656696e894e6c9c89b242de21e&review=&sale=2&search=1&source=search&spm=a2a0e.searchlist.list.2&stock=1;Philip Sonicare ProtectiveClean 4300 Sonic electric toothbrush HX6803/26;No Brand;Beauté & Soins personnels;Brosses à dents électriques;17.999;PKR;;https://static-01.daraz.pk/p/23bea8e32f986fa1fc1157e631e14a95.jpg|https://static-01.daraz.pk/p/b64299fe8f6e98bc8f49edb422a1364c.jpg|https://static-01.daraz.pk/p/de0c5ed7e27a2c4acbb7897cdc80a156.jpg;3;ok
154;wildberries;154_wildberries;https://www.wildberries.ru/catalog/234340840/detail.aspx;Вентилятор напольный Smart Standing Fan 2;Xiaomi;Électroménager;Ventilateurs;5920;RUB;;https://basket-15.wbbasket.ru/vol2343/part234340/234340840/images/big/1.webp|https://basket-15.wbbasket.ru/vol2343/part234340/234340840/images/big/2.webp|https://basket-15.wbbasket.ru/vol2343/part234340/234340840/images/big/3.webp|https://basket-15.wbbasket.ru/vol2343/part234340/234340840/images/big/4.webp|https://basket-15.wbbasket.ru/vol2343/part234340/234340840/images/big/5.webp|https://basket-15.wbbasket.ru/vol2343/part234340/234340840/images/big/6.webp|https://basket-15.wbbasket.ru/vol2343/part234340/234340840/images/big/7.webp|https://basket-15.wbbasket.ru/vol2343/part234340/234340840/images/big/8.webp|https://basket-15.wbbasket.ru/vol2343/part234340/234340840/images/big/9.webp|https://basket-15.wbbasket.ru/vol2343/part234340/234340840/images/big/10.webp|https://basket-15.wbbasket.ru/vol2343/part234340/234340840/images/big/11.webp;11;ok
154;trendyol;154_trendyol;https://www.trendyol.com/xiaomi/mi-smart-standing-fan-2-lite-vantilator-p-1156151696;;;Électroménager;Ventilateurs;123.51;AED;;https://cdn.dsmcdn.com/mnresize/300/-/sfweb/images/ae.png|https://cdn.dsmcdn.com/sfweb-checkout/images/basket-icon_1751630173674.png|https://cdn.dsmcdn.com/mobile/international/PaymentLogo/Mastercard3x.png|https://cdn.dsmcdn.com/mobile/international/PaymentLogo/Visa3x.png|https://cdn.dsmcdn.com/mobile/international/PaymentLogo/Applepay3x.png|https://cdn.dsmcdn.com/mobile/international/PaymentLogo/tamara_logo_en.png|https://cdn.dsmcdn.com/mobile/international/PaymentLogo/Tabby_Basket_new.png|https://cdn.dsmcdn.com/mobile/international/PaymentLogo/cod-v4.png;8;ok
154;daraz;154_daraz;https://www.daraz.pk/products/xiaomi-2-i948675022-s14016417996.html?c=&channelLpJumpArgs=&clickTrackInfo=query%253ASmart%252BStanding%252BFan%252B2%253Bnid%253A948675022%253Bsrc%253ALazadaMainSrp%253Brn%253A9c1ac7b4f76432626b857e48f261cd4e%253Bregion%253Apk%253Bsku%253A948675022_PK%253Bprice%253A10000%253Bclient%253Adesktop%253Bsupplier_id%253A6005400688982%253Bsession_id%253A%253Bbiz_source%253Ah5_external%253Bslot%253A0%253Butlog_bucket_id%253A470687%253Basc_category_id%253A9478%253Bitem_id%253A948675022%253Bsku_id%253A14016417996%253Bshop_id%253A2126140%253BtemplateInfo%253A&freeshipping=0&fs_ab=1&fuse_fs=&lang=en&location=Khyber%20Pakhtunkhwa&price=1E%204&priceCompare=skuId%3A14016417996%3Bsource%3Alazada-search-voucher%3Bsn%3A9c1ac7b4f76432626b857e48f261cd4e%3BoriginPrice%3A1000000%3BdisplayPrice%3A1000000%3BisGray%3Afalse%3BsinglePromotionId%3A-1%3BsingleToolCode%3A-1%3BvoucherPricePlugin%3A0%3Btimestamp%3A1785510509166&ratingscore=&request_id=9c1ac7b4f76432626b857e48f261cd4e&review=&sale=0&search=1&source=search&spm=a2a0e.searchlist.list.0&stock=1;Xiaomi Smart Standing Fan 2;XIAOMI;Électroménager;Ventilateurs;10.000;PKR;;https://pk-live-21.slatic.net/kf/S3a3334326b4b4376a8f8d30445741081n.jpg|https://static-01.daraz.pk/p/064301c54042d3873531b853ce10f615.png|https://static-01.daraz.pk/p/828adda4879e41264ed39c8f9eaf4c87.png;3;ok
155;jumia;155_jumia;https://www.jumia.ma/rowenta-brosse-a-air-chaud-express-style-cf634lf0-67466580.html;Brosse À Air Chaud  Express Style CF634LF0;Rowenta;Beauté & Soins personnels;Brosses;349.00;MAD;Jusqu’à 2x plus de brillance* pour des cheveux lumineux et sublimésBrosse soufflante 5-en-1 pour des possibilités de coiffage infinies4 brosses polyvalentes incluses, adaptées à toutes les longueurs de cheveuxRevêtement Keratin & Glow pour des cheveux lisses, doux et brillantsSystème Glow Booster pour un éclat et une brillance renforcésCoiffage rapide et facile, du lissage naturel aux boucles et ondulations élégantesMode soin avec flux d’air tiède constant inférieur à 60 °C pour respecter les cheveux et le cuir cheveluSécurité optimale pour une utilisation sereine, idéale pour un usage fréquentErgonomie améliorée offrant une grande liberté de mouvement et un confort d’utilisation au quotidienDesign exclusif Rowenta x KARLLAGERFELD, élégant et minimaliste;https://ma.jumia.is/unsafe/fit-in/680x680/filters:fill(white)/product/08/566476/1.jpg?6729|https://ma.jumia.is/unsafe/fit-in/680x680/filters:fill(white)/product/08/566476/2.jpg?6733|https://ma.jumia.is/unsafe/fit-in/680x680/filters:fill(white)/product/08/566476/3.jpg?6733|https://ma.jumia.is/unsafe/fit-in/680x680/filters:fill(white)/product/08/566476/4.jpg?6730|https://ma.jumia.is/unsafe/fit-in/680x680/filters:fill(white)/product/08/566476/5.jpg?6734|https://ma.jumia.is/unsafe/fit-in/680x680/filters:fill(white)/product/08/566476/6.jpg?6731;6;ok
155;wildberries;155_wildberries;https://www.wildberries.ru/catalog/371726256/detail.aspx;Фен-щетка Rowenta Karl Lagerfeld CF634LF0;Rowenta;Beauté & Soins personnels;Brosses;6206;RUB;;https://basket-22.wbbasket.ru/vol3717/part371726/371726256/images/big/1.webp|https://basket-22.wbbasket.ru/vol3717/part371726/371726256/images/big/2.webp|https://basket-22.wbbasket.ru/vol3717/part371726/371726256/images/big/3.webp|https://basket-22.wbbasket.ru/vol3717/part371726/371726256/images/big/4.webp|https://basket-22.wbbasket.ru/vol3717/part371726/371726256/images/big/5.webp|https://basket-22.wbbasket.ru/vol3717/part371726/371726256/images/big/6.webp|https://basket-22.wbbasket.ru/vol3717/part371726/371726256/images/big/7.webp|https://basket-22.wbbasket.ru/vol3717/part371726/371726256/images/big/8.webp|https://basket-22.wbbasket.ru/vol3717/part371726/371726256/images/big/9.webp|https://basket-22.wbbasket.ru/vol3717/part371726/371726256/images/big/10.webp|https://basket-22.wbbasket.ru/vol3717/part371726/371726256/images/big/11.webp|https://basket-22.wbbasket.ru/vol3717/part371726/371726256/images/big/12.webp|https://basket-22.wbbasket.ru/vol3717/part371726/371726256/images/big/13.webp|https://basket-22.wbbasket.ru/vol3717/part371726/371726256/images/big/14.webp;14;ok
156;jumia;156_jumia;https://www.jumia.ma/rowenta-brosse-soufflante-air-shape-multistyler-4en1-1300w-ub9820e0-68088592.html;BROSSE SOUFFLANTE AIR SHAPE MULTISTYLER 4EN1 1300W UB9820E0 ;Rowenta;Beauté & Soins personnels;Brosses;999.00;MAD;Multistyler 4-en-1 : sèche, lisse, apporte du volume et crée des boucles.Puissance de 1 300 W avec moteur digital haute vitesse.Flux d'air puissant jusqu'à 150 km/h pour un séchage rapide.4 accessoires inclus : embout de séchage, brosse ronde, brosse plate et boucleur à air.Technologie ionique pour réduire les frisottis et l'électricité statique.Revêtement céramique pour des cheveux doux et brillants.3 températures et 3 vitesses pour un coiffage personnalisé.Convient aux cheveux humides ou secs.Ondulations longue tenue jusqu'à 48 heures.*Grille arrière amovible pour un nettoyage facile.Sac de rangement et brosse de nettoyage inclus.Réparabilité garantie 15 ans par Rowenta;https://ma.jumia.is/unsafe/fit-in/680x680/filters:fill(white)/product/29/588086/1.jpg?4831;1;ok
156;wildberries;156_wildberries;https://www.wildberries.ru/catalog/583763858/detail.aspx;Фен-щетка Air Shape UB9820E0;Rowenta;Beauté & Soins personnels;Brosses;8791.2;RUB;;https://basket-30.wbbasket.ru/vol5837/part583763/583763858/images/big/1.webp|https://basket-30.wbbasket.ru/vol5837/part583763/583763858/images/big/2.webp|https://basket-30.wbbasket.ru/vol5837/part583763/583763858/images/big/3.webp|https://basket-30.wbbasket.ru/vol5837/part583763/583763858/images/big/4.webp|https://basket-30.wbbasket.ru/vol5837/part583763/583763858/images/big/5.webp|https://basket-30.wbbasket.ru/vol5837/part583763/583763858/images/big/6.webp|https://basket-30.wbbasket.ru/vol5837/part583763/583763858/images/big/7.webp|https://basket-30.wbbasket.ru/vol5837/part583763/583763858/images/big/8.webp|https://basket-30.wbbasket.ru/vol5837/part583763/583763858/images/big/9.webp;9;ok
157;jumia;157_jumia;https://www.jumia.ma/one-step-peigne-chauffant-1200wseche-cheveux-multi-usagebrosse-seche-cheveux-electriquebrosse-lissante-65834797.html;Peigne Chauffant 1200W,Sèche-cheveux multi-usage,Brosse Sèche-cheveux Electrique,brosse Lissante;One Step;Beauté & Soins personnels;Brosses;86.00;MAD;Broche en nylon et poils touffetés pour un démêlage facile et une meilleure prise en main de vos cheveux, réglages de chaleur pour une flexibilité de styleChauffage rapide Volume et brillance : La brosse rotative ajoute du volume et donne une finition lisse et brillante aux cheveux.Conception légère, poignée ergonomique et pointe coolPuissance: 1200 WTension:  240V 50-60Hz;https://ma.jumia.is/unsafe/fit-in/680x680/filters:fill(white)/product/79/743856/1.jpg?5469|https://ma.jumia.is/unsafe/fit-in/680x680/filters:fill(white)/product/79/743856/2.jpg?5469|https://ma.jumia.is/unsafe/fit-in/680x680/filters:fill(white)/product/79/743856/3.jpg?5469|https://ma.jumia.is/unsafe/fit-in/680x680/filters:fill(white)/product/79/743856/4.jpg?5469|https://ma.jumia.is/unsafe/fit-in/680x680/filters:fill(white)/product/79/743856/5.jpg?5469|https://ma.jumia.is/unsafe/fit-in/680x680/filters:fill(white)/product/79/743856/6.jpg?5469|https://ma.jumia.is/unsafe/fit-in/680x680/filters:fill(white)/product/79/743856/7.jpg?5469|https://ma.jumia.is/unsafe/fit-in/680x680/filters:fill(white)/product/79/743856/8.jpg?5469;8;ok
157;daraz;157_daraz;https://www.daraz.pk/products/one-step-3-in-1-hair-dryer-styler-hair-dryer-volumizer-hot-air-brush-hair-dryer-hair-dryer-brush-straightener-curler-one-step-blow-dryer-brush-hair-dryer-styler-hot-air-brush-electric-blow-dryer-brush-multifunctional-hair-dryer-i882556422-s14013816597.html?c=&channelLpJumpArgs=&clickTrackInfo=query%253Aone%252Bstep%253Bnid%253A882556422%253Bsrc%253ALazadaMainSrp%253Brn%253A169587d8ce61451d93f1390c0375ece1%253Bregion%253Apk%253Bsku%253A882556422_PK%253Bprice%253A1849%253Bclient%253Adesktop%253Bsupplier_id%253A6005443024818%253Bsession_id%253A%253Bbiz_source%253Ah5_external%253Bslot%253A0%253Butlog_bucket_id%253A470687%253Basc_category_id%253A1634%253Bitem_id%253A882556422%253Bsku_id%253A14013816597%253Bshop_id%253A2229624%253BtemplateInfo%253A&freeshipping=0&fs_ab=1&fuse_fs=&lang=en&location=Sindh&price=1849&priceCompare=skuId%3A14013816597%3Bsource%3Alazada-search-voucher%3Bsn%3A169587d8ce61451d93f1390c0375ece1%3BoriginPrice%3A184900%3BdisplayPrice%3A184900%3BisGray%3Afalse%3BsinglePromotionId%3A-1%3BsingleToolCode%3AmockedSalePrice%3BvoucherPricePlugin%3A0%3Btimestamp%3A1785511973174&ratingscore=4.813004846526656&request_id=169587d8ce61451d93f1390c0375ece1&review=2476&sale=16490&search=1&source=search&spm=a2a0e.searchlist.list.0&stock=1;One Step 3 in 1 Hair Dryer & Styler | Hair Dryer Brush | Hot Air Brush | Hair Volumizer | Blow Dryer Brush | Hair Straightener & Curler | Electric Hair Brush | Styling Tool for Women | Multifunctional Blow Dryer Styler Comb;No Brand;Beauté & Soins personnels;Brosses;1.849;PKR;;https://static-01.daraz.pk/p/a2c25d270b47d2dc1f97be3306063e97.jpg|https://static-01.daraz.pk/p/5876ffaea7d11262312317be0eab05d5.jpg|https://static-01.daraz.pk/p/555c623289f3b50f8260f8f680594d9b.jpg|https://static-01.daraz.pk/p/af3822da571b027b382fe1404f0d33b6.jpg|https://static-01.daraz.pk/p/bcbf7691c557d30f1d6ddc3b61cb1c1f.jpg|https://static-01.daraz.pk/p/a4a2b69133c5c798b8a8c96c7ca70619.jpg|https://static-01.daraz.pk/p/8bc16a169c20f17cd338ab2081d00b7e.jpg|https://static-01.daraz.pk/p/b9ff12ab8b94a9688b6fa4b5bf7cb4fd.jpg;8;ok
158;wildberries;158_wildberries;https://www.wildberries.ru/catalog/1102456064/detail.aspx;Фен-щетка BHA310/00, бежевый;PHILIPS;Beauté & Soins personnels;Brosses;5169;RUB;;https://basket-42.wbbasket.ru/vol11024/part1102456/1102456064/images/big/1.webp|https://basket-42.wbbasket.ru/vol11024/part1102456/1102456064/images/big/2.webp|https://basket-42.wbbasket.ru/vol11024/part1102456/1102456064/images/big/3.webp|https://basket-42.wbbasket.ru/vol11024/part1102456/1102456064/images/big/4.webp|https://basket-42.wbbasket.ru/vol11024/part1102456/1102456064/images/big/5.webp|https://basket-42.wbbasket.ru/vol11024/part1102456/1102456064/images/big/6.webp|https://basket-42.wbbasket.ru/vol11024/part1102456/1102456064/images/big/7.webp|https://basket-42.wbbasket.ru/vol11024/part1102456/1102456064/images/big/8.webp|https://basket-42.wbbasket.ru/vol11024/part1102456/1102456064/images/big/9.webp|https://basket-42.wbbasket.ru/vol11024/part1102456/1102456064/images/big/10.webp|https://basket-42.wbbasket.ru/vol11024/part1102456/1102456064/images/big/11.webp;11;ok
158;daraz;158_daraz;https://www.daraz.pk/products/bha31000-3000-i922378929-s3978608918.html?c=&channelLpJumpArgs=&clickTrackInfo=query%253APhilips%252BBHA310%25252F00%253Bnid%253A922378929%253Bsrc%253ALazadaMainSrp%253Brn%253Aa3aec078784a5a358cb2c3e489d51c3c%253Bregion%253Apk%253Bsku%253A922378929_PK%253Bprice%253A24150%253Bclient%253Adesktop%253Bsupplier_id%253A6005014482007%253Bsession_id%253A%253Bbiz_source%253Ah5_external%253Bslot%253A0%253Butlog_bucket_id%253A470687%253Basc_category_id%253A1636%253Bitem_id%253A922378929%253Bsku_id%253A3978608918%253Bshop_id%253A702104%253BtemplateInfo%253A&freeshipping=0&fs_ab=1&fuse_fs=&lang=en&location=Sindh&price=2.415E%204&priceCompare=skuId%3A3978608918%3Bsource%3Alazada-search-voucher%3Bsn%3Aa3aec078784a5a358cb2c3e489d51c3c%3BoriginPrice%3A2415000%3BdisplayPrice%3A2415000%3BisGray%3Afalse%3BsinglePromotionId%3A-1%3BsingleToolCode%3A-1%3BvoucherPricePlugin%3A0%3Btimestamp%3A1785512599509&ratingscore=5.0&request_id=a3aec078784a5a358cb2c3e489d51c3c&review=3&sale=11&search=1&source=search&spm=a2a0e.searchlist.list.0&stock=1;Philips BHA310/00 Air Styler 3000 Series;Philips;Beauté & Soins personnels;Brosses;24.150;PKR;;https://static-01.daraz.pk/p/dcaed6de073729c4fa84b5ff2c1df018.jpg|https://static-01.daraz.pk/p/05783aeb8ebd099c6935c1f0c1a3321f.jpg|https://static-01.daraz.pk/p/24e5ebf3d8d814e48de8e453455357e3.jpg|https://static-01.daraz.pk/p/79f94ba2b393889b39c3c84952014734.jpg|https://static-01.daraz.pk/p/5baaa330a6f256b2af9dc7cc6dbe3c66.jpg|https://static-01.daraz.pk/p/05783aeb8ebd099c6935c1f0c1a3321f.jpg;6;ok
159;jumia;159_jumia;https://www.jumia.ma/bracelet-de-remplacement-en-silicone-pour-mi-band-56-strap-generic-mpg1441451.html;Bracelet de remplacement en silicone pour Mi band 5/6 Strap;;Electronique;Bracelets connectés;44.00;MAD;Fabriqué en matériau TPU non toxique et sans odeurFait de haute qualité, écologique et sain.Agréable à porter.La douceur est modérée, le port très confortable.Moulage par compression, robuste et durable.La taille peut être ajustée en fonction des circonstances de chaque poignet.Poids net: 10gCouleur: Bleu;https://ma.jumia.is/unsafe/fit-in/680x680/filters:fill(white)/product/30/578526/1.jpg?6524|https://ma.jumia.is/unsafe/fit-in/680x680/filters:fill(white)/product/30/578526/2.jpg?6524;2;ok
159;wildberries;159_wildberries;https://www.wildberries.ru/catalog/15086469/detail.aspx;Ремешок для Xiaomi mi band 5 / mi band 6;Аксмаркет;Electronique;Bracelets connectés;193.69;RUB;;https://basket-02.wbbasket.ru/vol150/part15086/15086469/images/big/1.webp|https://basket-02.wbbasket.ru/vol150/part15086/15086469/images/big/2.webp|https://basket-02.wbbasket.ru/vol150/part15086/15086469/images/big/3.webp|https://basket-02.wbbasket.ru/vol150/part15086/15086469/images/big/4.webp|https://basket-02.wbbasket.ru/vol150/part15086/15086469/images/big/5.webp|https://basket-02.wbbasket.ru/vol150/part15086/15086469/images/big/6.webp|https://basket-02.wbbasket.ru/vol150/part15086/15086469/images/big/7.webp|https://basket-02.wbbasket.ru/vol150/part15086/15086469/images/big/8.webp|https://basket-02.wbbasket.ru/vol150/part15086/15086469/images/big/9.webp;9;ok
159;trendyol;159_trendyol;https://www.trendyol.com/fibaks/xiaomi-mi-band-5-6-7-uyumlu-silikon-kordon-kayis-akilli-saat-bileklik-p-336221471;;;Electronique;Bracelets connectés;8.08;AED;;https://cdn.dsmcdn.com/mnresize/300/-/sfweb/images/ae.png|https://cdn.dsmcdn.com/sfweb-checkout/images/basket-icon_1751630173674.png|https://cdn.dsmcdn.com/mobile/international/PaymentLogo/Mastercard3x.png|https://cdn.dsmcdn.com/mobile/international/PaymentLogo/Visa3x.png|https://cdn.dsmcdn.com/mobile/international/PaymentLogo/Applepay3x.png|https://cdn.dsmcdn.com/mobile/international/PaymentLogo/tamara_logo_en.png|https://cdn.dsmcdn.com/mobile/international/PaymentLogo/Tabby_Basket_new.png|https://cdn.dsmcdn.com/mobile/international/PaymentLogo/cod-v4.png;8;ok
159;daraz;159_daraz;https://www.daraz.pk/products/mi-band-76543-mi-band-nfc-i1957398811-s14017279997.html?c=&channelLpJumpArgs=&clickTrackInfo=query%253AXiaomi%252BMi%252BBand%252B6%253Bnid%253A1957398811%253Bsrc%253ALazadaMainSrp%253Brn%253Adbf978947378c9ffd85b81d301c95793%253Bregion%253Apk%253Bsku%253A1957398811_PK%253Bprice%253A539%253Bclient%253Adesktop%253Bsupplier_id%253A6005623312597%253Bsession_id%253A%253Bbiz_source%253Ah5_external%253Bslot%253A9%253Butlog_bucket_id%253A470687%253Basc_category_id%253A10001248%253Bitem_id%253A1957398811%253Bsku_id%253A14017279997%253Bshop_id%253A2588891%253BtemplateInfo%253A&configId=choice_PK_promotion&freeshipping=0&fs_ab=1&fuse_fs=&lang=en&location=Overseas&price=539&priceCompare=skuId%3A14017279997%3Bsource%3Alazada-search-voucher%3Bsn%3Adbf978947378c9ffd85b81d301c95793%3BoriginPrice%3A53900%3BdisplayPrice%3A53900%3BisGray%3Afalse%3BsinglePromotionId%3A-1%3BsingleToolCode%3AmockedSalePrice%3BvoucherPricePlugin%3A0%3Btimestamp%3A1785514230919&qSellingPoint=p--mi%20band%206___b--xiaomi&ratingscore=4.0&request_id=dbf978947378c9ffd85b81d301c95793&review=2&sale=300&search=1&source=search&spm=a211g0.searchlist.list.9&stock=1&upItemIds=1957398811;Watchbands for  Mi Band 7 6 5 4 3 Bracelet Silicone Wrist for Miband 5 6 NFC Replacement Sport Strap for Mi Band 7 6 3 4 5;No Brand;Electronique;Bracelets connectés;.539;PKR;;https://pk-live-21.slatic.net/kf/S1bed9fcf2a1d48f983ff9689f0ff8939q.jpg|https://pk-live-21.slatic.net/kf/Se964241a0da4416ea34d08b4333ea9d7a.jpg|https://pk-live-21.slatic.net/kf/Sf250dd530cba4c2aa2a5bf39fc1219ffF.jpg|https://pk-live-21.slatic.net/kf/S6dcc4de19e414523bfabce7e55e93f8bo.jpg|https://pk-live-21.slatic.net/kf/S75101bc5f217402e956f459ff2619621n.jpg|https://pk-live-21.slatic.net/kf/S742952e77ac24ac988090eb8df995086z.jpg|https://pk-live-21.slatic.net/kf/S6c8d815a3349475994ed978f41503efay.jpg;7;ok
160;jumia;160_jumia;https://www.jumia.ma/generic-bracelet-de-rechange-en-silicone-vert-fonce-pour-xiaomi-smart-band-8-active-66554540.html;Bracelet de rechange en silicone Vert Foncé pour Xiaomi Smart Band 8 Active;;Electronique;Bracelets connectés;69.00;MAD;Fabriqué en silicone de haute qualitéFacile à ajuster la longueur pour s'adapter à votre poignet.La taille peut être ajustée en fonction des circonstances de chaque poignetFacile à installer et à retirer, sans aucun outil, juste à la main;https://ma.jumia.is/unsafe/fit-in/680x680/filters:fill(white)/product/04/545566/1.jpg?4440|https://ma.jumia.is/unsafe/fit-in/680x680/filters:fill(white)/product/04/545566/2.jpg?4440|https://ma.jumia.is/unsafe/fit-in/680x680/filters:fill(white)/product/04/545566/3.jpg?4440|https://ma.jumia.is/unsafe/fit-in/680x680/filters:fill(white)/product/04/545566/4.jpg?4440;4;ok
160;wildberries;160_wildberries;https://www.wildberries.ru/catalog/308528793/detail.aspx;Ремешок для Xiaomi Band 8 Active, Xiaomi Redmi Smart Band 2;AKS_EL;Electronique;Bracelets connectés;336;RUB;;https://basket-19.wbbasket.ru/vol3085/part308528/308528793/images/big/1.webp|https://basket-19.wbbasket.ru/vol3085/part308528/308528793/images/big/2.webp|https://basket-19.wbbasket.ru/vol3085/part308528/308528793/images/big/3.webp|https://basket-19.wbbasket.ru/vol3085/part308528/308528793/images/big/4.webp|https://basket-19.wbbasket.ru/vol3085/part308528/308528793/images/big/5.webp|https://basket-19.wbbasket.ru/vol3085/part308528/308528793/images/big/6.webp;6;ok
160;trendyol;160_trendyol;https://www.trendyol.com/incisoft/xiaomi-mi-band-8-active-uyumlu-silikon-yuksek-kalite-spor-kordon-kayis-p-820559241;İncisoftXiaomi Mi Band 8 Active - Compatible Silicone, High Quality Sports Cord;;Electronique;Bracelets connectés;13.12;AED;;https://cdn.dsmcdn.com/mnresize/300/-/sfweb/images/ae.png|https://cdn.dsmcdn.com/mnresize/620/920/ty1247/product/media/images/prod/SPM/PIM/20240407/03/41cb4fef-e674-34a9-889e-8436e4a75abe/1_org_zoom.jpg|https://cdn.dsmcdn.com/mobile/international/PaymentLogo/tamara_snippet_en.png|https://cdn.dsmcdn.com/mobile/international/PaymentLogo/Tabby_snippet_new.png|https://cdn.dsmcdn.com/mobile/international/PaymentLogo/cod-v4.png|https://cdn.dsmcdn.com/ty1247/product/media/images/prod/SPM/PIM/20240407/03/41cb4fef-e674-34a9-889e-8436e4a75abe/1_org_zoom.jpg|https://cdn.dsmcdn.com/sfweb-checkout/images/basket-icon_1751630173674.png|https://cdn.dsmcdn.com/mobile/international/PaymentLogo/Mastercard3x.png|https://cdn.dsmcdn.com/mobile/international/PaymentLogo/Visa3x.png|https://cdn.dsmcdn.com/mobile/international/PaymentLogo/Applepay3x.png|https://cdn.dsmcdn.com/mobile/international/PaymentLogo/tamara_logo_en.png|https://cdn.dsmcdn.com/mobile/international/PaymentLogo/Tabby_Basket_new.png;12;ok
160;daraz;160_daraz;https://www.daraz.pk/products/smart-band-8-active-unisex-sport-wristband-bracelet-mi-band-8-accessory-correa-pulseira-i1956999262-s14016943514.html?c=&channelLpJumpArgs=&clickTrackInfo=query%253AXiaomi%252BSmart%252BBand%252B8%252BActive%253Bnid%253A1956999262%253Bsrc%253ALazadaMainSrp%253Brn%253Afdd379e93a6b6f997602dfcd6f7738c8%253Bregion%253Apk%253Bsku%253A1956999262_PK%253Bprice%253A840%253Bclient%253Adesktop%253Bsupplier_id%253A6005623312597%253Bsession_id%253A%253Bbiz_source%253Ah5_external%253Bslot%253A1%253Butlog_bucket_id%253A470687%253Basc_category_id%253A10001248%253Bitem_id%253A1956999262%253Bsku_id%253A14016943514%253Bshop_id%253A2588891%253BtemplateInfo%253A&configId=choice_PK_promotion&freeshipping=0&fs_ab=1&fuse_fs=&lang=en&location=Overseas&price=8.4E%202&priceCompare=skuId%3A14016943514%3Bsource%3Alazada-search-voucher%3Bsn%3Afdd379e93a6b6f997602dfcd6f7738c8%3BoriginPrice%3A84000%3BdisplayPrice%3A84000%3BisGray%3Afalse%3BsinglePromotionId%3A-1%3BsingleToolCode%3AmockedSalePrice%3BvoucherPricePlugin%3A0%3Btimestamp%3A1785514471571&ratingscore=5.0&request_id=fdd379e93a6b6f997602dfcd6f7738c8&review=1&sale=25&search=1&source=search&spm=a211g0.searchlist.list.1&stock=1&upItemIds=1956999262;Silicone Strap For  Smart Band 8 Active Wristband Accessories Belt Sport Bracelet watchband Correa Mi Band 8 Active Strap;No Brand;Electronique;Bracelets connectés;.840;PKR;;https://pk-live-21.slatic.net/kf/S858a410b60ff4436a15071d588301422z.jpg|https://pk-live-21.slatic.net/kf/S7d8ee6d1576d4df9863b599bd3ae6299S.jpg|https://pk-live-21.slatic.net/kf/S90ad83f3570c4e09b1608cee075d2d97C.jpg|https://pk-live-21.slatic.net/kf/S334bac0a0d634f11a10f82d9d0b9bec7A.jpg|https://pk-live-21.slatic.net/kf/Sebd5e80a38fd495e8c2194ca48f80818B.jpg|https://pk-live-21.slatic.net/kf/S435fdfc0102741999ee97acd55b680c2t.jpg|https://pk-live-21.slatic.net/kf/S3d940e15e11b42389d61d6b9a643aef9s.png;7;ok
161;wildberries;161_wildberries;https://www.wildberries.ru/catalog/535494241/detail.aspx;Фитнес-браслет Smart Band 10 Mystic Rose BHR9999GL;Xiaomi;Electronique;Bracelets connectés;4.91;RUB;;https://basket-28.wbbasket.ru/vol5354/part535494/535494241/images/big/1.webp|https://basket-28.wbbasket.ru/vol5354/part535494/535494241/images/big/2.webp|https://basket-28.wbbasket.ru/vol5354/part535494/535494241/images/big/3.webp|https://basket-28.wbbasket.ru/vol5354/part535494/535494241/images/big/4.webp;4;ok
161;daraz;161_daraz;https://www.daraz.pk/products/xiaomi-smart-band-10-i1964567745-s14045440529.html?c=&channelLpJumpArgs=&clickTrackInfo=query%253AXiaomi%252BSmart%252BBand%252B10%253Bnid%253A1964567745%253Bsrc%253ALazadaMainSrp%253Brn%253A569459e096f57767adebd605e7dc2fbb%253Bregion%253Apk%253Bsku%253A1964567745_PK%253Bprice%253A15499%253Bclient%253Adesktop%253Bsupplier_id%253A6005349248406%253Bsession_id%253A%253Bbiz_source%253Ah5_external%253Bslot%253A0%253Butlog_bucket_id%253A470687%253Basc_category_id%253A20000350%253Bitem_id%253A1964567745%253Bsku_id%253A14045440529%253Bshop_id%253A2006264%253BtemplateInfo%253A&freeshipping=1&fs_ab=1&fuse_fs=&lang=en&location=Sindh&price=15499&priceCompare=skuId%3A14045440529%3Bsource%3Alazada-search-voucher%3Bsn%3A569459e096f57767adebd605e7dc2fbb%3BoriginPrice%3A1549900%3BdisplayPrice%3A1549900%3BisGray%3Afalse%3BsinglePromotionId%3A-1%3BsingleToolCode%3AmockedSalePrice%3BvoucherPricePlugin%3A0%3Btimestamp%3A1785514636657&qSellingPoint=b--xiaomi___p--smart%20band%2010&ratingscore=&request_id=569459e096f57767adebd605e7dc2fbb&review=&sale=0&search=1&source=search&spm=a2a0e.searchlist.list.0&stock=1;Xiaomi Smart Band 10 Fitness Tracker;No Brand;Electronique;Bracelets connectés;15.499;PKR;;https://static-01.daraz.pk/p/93606004fd1e50a24242a3f05c358743.jpg|https://static-01.daraz.pk/p/9e6d788a150c1ad01733c532c2adcfe4.jpg|https://static-01.daraz.pk/p/bafa1b683caa63eb6dad689a80663f72.jpg|https://static-01.daraz.pk/p/25698a68a84796e570e9589bdb4de14c.jpg|https://static-01.daraz.pk/p/a862c3c6317b525d08300c4f7588c234.jpg|https://static-01.daraz.pk/p/dbd3e3cf23cde5dba1bb164aeada33e1.jpg|https://static-01.daraz.pk/p/94d6584546ed3d8c14d57995de1e71e5.jpg|https://static-01.daraz.pk/p/d246a85ec6846a2bf5fe32f6d7f16c25.jpg;8;ok
162;jumia;162_jumia;https://www.jumia.ma/huawei-band-6-noir-67346846.html;BAND 6 NOIR;Huawei;Electronique;Bracelets connectés;300.00;MAD;Bracelet sobre et élégantGrand écran AMOLEDSimplicité d'utilisationApplication bien structuréeBon suivi d'activitésAutonomie très correcte;https://ma.jumia.is/unsafe/fit-in/680x680/filters:fill(white)/product/64/864376/1.jpg?4407|https://ma.jumia.is/unsafe/fit-in/680x680/filters:fill(white)/product/64/864376/2.jpg?4407;2;ok
162;wildberries;162_wildberries;https://www.wildberries.ru/catalog/177251729/detail.aspx;Ремешок для Honor Band 6 и Huawei Band 6;MIXSTORE;Electronique;Bracelets connectés;390;RUB;;https://basket-12.wbbasket.ru/vol1772/part177251/177251729/images/big/1.webp|https://basket-12.wbbasket.ru/vol1772/part177251/177251729/images/big/2.webp|https://basket-12.wbbasket.ru/vol1772/part177251/177251729/images/big/3.webp|https://basket-12.wbbasket.ru/vol1772/part177251/177251729/images/big/4.webp;4;ok
163;wildberries;163_wildberries;https://www.wildberries.ru/catalog/413685089/detail.aspx;Фитнес браслет Band 10 Черный;Huawei;Electronique;Bracelets connectés;3915;RUB;;https://basket-24.wbbasket.ru/vol4136/part413685/413685089/images/big/1.webp|https://basket-24.wbbasket.ru/vol4136/part413685/413685089/images/big/2.webp|https://basket-24.wbbasket.ru/vol4136/part413685/413685089/images/big/3.webp|https://basket-24.wbbasket.ru/vol4136/part413685/413685089/images/big/4.webp|https://basket-24.wbbasket.ru/vol4136/part413685/413685089/images/big/5.webp|https://basket-24.wbbasket.ru/vol4136/part413685/413685089/images/big/6.webp|https://basket-24.wbbasket.ru/vol4136/part413685/413685089/images/big/7.webp|https://basket-24.wbbasket.ru/vol4136/part413685/413685089/images/big/8.webp|https://basket-24.wbbasket.ru/vol4136/part413685/413685089/images/big/9.webp|https://basket-24.wbbasket.ru/vol4136/part413685/413685089/images/big/10.webp|https://basket-24.wbbasket.ru/vol4136/part413685/413685089/images/big/11.webp|https://basket-24.wbbasket.ru/vol4136/part413685/413685089/images/big/12.webp;12;ok
163;daraz;163_daraz;https://www.daraz.pk/products/10-147-amoled-i1948903509-s14012493867.html?c=&channelLpJumpArgs=&clickTrackInfo=query%253AHuawei%252BBand%252B7%253Bnid%253A1948903509%253Bsrc%253ALazadaMainSrp%253Brn%253Aaf7a5a46e7b212aff70859907a5fe0e2%253Bregion%253Apk%253Bsku%253A1948903509_PK%253Bprice%253A12999%253Bclient%253Adesktop%253Bsupplier_id%253A6005046507106%253Bsession_id%253A%253Bbiz_source%253Ah5_external%253Bslot%253A3%253Butlog_bucket_id%253A470687%253Basc_category_id%253A7537%253Bitem_id%253A1948903509%253Bsku_id%253A14012493867%253Bshop_id%253A1151726%253BtemplateInfo%253A&freeshipping=0&fs_ab=1&fuse_fs=&lang=en&location=Sindh&price=12999&priceCompare=skuId%3A14012493867%3Bsource%3Alazada-search-voucher%3Bsn%3Aaf7a5a46e7b212aff70859907a5fe0e2%3BoriginPrice%3A1299900%3BdisplayPrice%3A1299900%3BisGray%3Afalse%3BsinglePromotionId%3A-1%3BsingleToolCode%3A-1%3BvoucherPricePlugin%3A0%3Btimestamp%3A1785515154692&qSellingPoint=p--band%207___b--huawei&ratingscore=&request_id=af7a5a46e7b212aff70859907a5fe0e2&review=&sale=3&search=1&source=search&spm=a2a0e.searchlist.list.3&stock=1;"Huawei Band 10  1.47"" AMOLED Display";No Brand;Electronique;Bracelets connectés;12.999;PKR;;https://pk-live-21.slatic.net/kf/Sf8cdbafaead44f388ef86f526404b2661.jpg|https://static-01.daraz.pk/p/46b8ba78161a24eababfb5ebe4a24a5f.png|https://pk-live-21.slatic.net/kf/S1c86e103696b458892d0ad4a545138c1I.jpg|https://static-01.daraz.pk/p/93e85bcfaf3a1dbf5e4a56a98f212741.jpg|https://static-01.daraz.pk/p/8b27aec908550bfb40b4b41b0817e4a7.jpg|https://static-01.daraz.pk/p/2b5a449cd4f70d5aa0727c44ac9f4360.jpg;6;ok
164;jumia;164_jumia;https://www.jumia.ma/huawei-band-11-black-67690340.html;Band 11 - Black;Huawei;Electronique;Bracelets connectés;735.00;MAD;"&Eacute;cran AMOLED 1,62&Prime; 60 Hz, 27 % plus grand pour une meilleure visibilit&eacute;
Luminosit&eacute; jusqu&rsquo;&agrave; 1500 nits, lisible m&ecirc;me en plein soleil
Plus de 100 cadrans personnalisables avec widgets et couleurs au choix
Affichage permanent (AOD) pour consulter l&rsquo;heure et les infos en continu
D&eacute;clencheur photo &agrave; distance pour prendre facilement des selfies avec votre t&eacute;l&eacute;phone
Suivi avanc&eacute; du sommeil avec analyse de la variabilit&eacute; de la fr&eacute;quence cardiaque (VFC)
Surveillance de la fr&eacute;quence cardiaque et du SpO₂ avec alertes en cas d&rsquo;anomalie
Analyse des arythmies et d&eacute;tection de la fibrillation auriculaire via capteur PPG certifi&eacute; T&Uuml;V Rheinland";https://ma.jumia.is/unsafe/fit-in/680x680/filters:fill(white)/product/04/309676/1.jpg?7822|https://ma.jumia.is/unsafe/fit-in/680x680/filters:fill(white)/product/04/309676/2.jpg?7826|https://ma.jumia.is/unsafe/fit-in/680x680/filters:fill(white)/product/04/309676/3.jpg?7831|https://ma.jumia.is/unsafe/fit-in/680x680/filters:fill(white)/product/04/309676/4.jpg?7834;4;ok
164;wildberries;164_wildberries;https://www.wildberries.ru/catalog/1099117299/detail.aspx;Фитнес-браслет Band 11 (55020GVE) CDY-B19 Фиолетовый;Huawei;Electronique;Bracelets connectés;4011;RUB;;https://basket-42.wbbasket.ru/vol10991/part1099117/1099117299/images/big/1.webp|https://basket-42.wbbasket.ru/vol10991/part1099117/1099117299/images/big/2.webp|https://basket-42.wbbasket.ru/vol10991/part1099117/1099117299/images/big/3.webp|https://basket-42.wbbasket.ru/vol10991/part1099117/1099117299/images/big/4.webp|https://basket-42.wbbasket.ru/vol10991/part1099117/1099117299/images/big/5.webp|https://basket-42.wbbasket.ru/vol10991/part1099117/1099117299/images/big/6.webp|https://basket-42.wbbasket.ru/vol10991/part1099117/1099117299/images/big/7.webp;7;ok
165;jumia;165_jumia;https://www.jumia.ma/huawei-band-11-pro-black-67690342.html;Band 11 Pro - Black;Huawei;Electronique;Bracelets connectés;900.00;MAD;"Positionnement GNSS autonome pour suivre avec pr&eacute;cision distance, vitesse et itin&eacute;raire
&Eacute;cran 1,62&Prime; haute luminosit&eacute; pour une lecture claire en toutes circonstances
Design ultra-fin (8,99 mm) avec bo&icirc;tier en alliage d&rsquo;aluminium usin&eacute; CNC
Plus de 100 cadrans personnalisables avec widgets, couleurs et affichage permanent (AOD)
Suivi du sommeil am&eacute;lior&eacute; avec analyse de la variabilit&eacute; de la fr&eacute;quence cardiaque (VFC)
Surveillance de la fr&eacute;quence cardiaque et du SpO₂ avec alertes en cas d&rsquo;anomalie
Analyse des arythmies de l&rsquo;onde de pouls pour un meilleur suivi de la sant&eacute; cardiaque
D&eacute;tection des troubles respiratoires pendant le sommeil pour am&eacute;liorer la qualit&eacute; du repos";https://ma.jumia.is/unsafe/fit-in/680x680/filters:fill(white)/product/24/309676/1.jpg?8592|https://ma.jumia.is/unsafe/fit-in/680x680/filters:fill(white)/product/24/309676/2.jpg?8596;2;ok
165;wildberries;165_wildberries;https://www.wildberries.ru/catalog/1224461238/detail.aspx;Фитнес-браслет HUAWEI Band 11 Pro Black;Huawei;Electronique;Bracelets connectés;3964.59;RUB;;https://basket-44.wbbasket.ru/vol12244/part1224461/1224461238/images/big/1.webp|https://basket-44.wbbasket.ru/vol12244/part1224461/1224461238/images/big/2.webp|https://basket-44.wbbasket.ru/vol12244/part1224461/1224461238/images/big/3.webp|https://basket-44.wbbasket.ru/vol12244/part1224461/1224461238/images/big/4.webp|https://basket-44.wbbasket.ru/vol12244/part1224461/1224461238/images/big/5.webp|https://basket-44.wbbasket.ru/vol12244/part1224461/1224461238/images/big/6.webp|https://basket-44.wbbasket.ru/vol12244/part1224461/1224461238/images/big/7.webp|https://basket-44.wbbasket.ru/vol12244/part1224461/1224461238/images/big/8.webp|https://basket-44.wbbasket.ru/vol12244/part1224461/1224461238/images/big/9.webp|https://basket-44.wbbasket.ru/vol12244/part1224461/1224461238/images/big/10.webp|https://basket-44.wbbasket.ru/vol12244/part1224461/1224461238/images/big/11.webp|https://basket-44.wbbasket.ru/vol12244/part1224461/1224461238/images/big/12.webp|https://basket-44.wbbasket.ru/vol12244/part1224461/1224461238/images/big/13.webp;13;ok
165;daraz;165_daraz;https://www.daraz.pk/products/11-i1957250022-s14016548641.html?c=&channelLpJumpArgs=&clickTrackInfo=query%253AHuawei%252BBand%252B11%253Bnid%253A1957250022%253Bsrc%253ALazadaMainSrp%253Brn%253A68b1a2448058826ca23a0b31b69680e6%253Bregion%253Apk%253Bsku%253A1957250022_PK%253Bprice%253A28999%253Bclient%253Adesktop%253Bsupplier_id%253A6005039988708%253Bsession_id%253A%253Bbiz_source%253Ah5_external%253Bslot%253A0%253Butlog_bucket_id%253A470687%253Basc_category_id%253A20000350%253Bitem_id%253A1957250022%253Bsku_id%253A14016548641%253Bshop_id%253A1038737%253BtemplateInfo%253A&freeshipping=0&fs_ab=1&fuse_fs=&lang=en&location=Sindh&price=28999&priceCompare=skuId%3A14016548641%3Bsource%3Alazada-search-voucher%3Bsn%3A68b1a2448058826ca23a0b31b69680e6%3BoriginPrice%3A2899900%3BdisplayPrice%3A2899900%3BisGray%3Afalse%3BsinglePromotionId%3A-1%3BsingleToolCode%3A-1%3BvoucherPricePlugin%3A0%3Btimestamp%3A1785515254734&qSellingPoint=p--band%2011___b--huawei&ratingscore=&request_id=68b1a2448058826ca23a0b31b69680e6&review=&sale=1&search=1&source=search&spm=a2a0e.searchlist.list.0&stock=1;Huawei Band 11 Pro Fitness Band Original;No Brand;Electronique;Bracelets connectés;28.999;PKR;;https://pk-live-21.slatic.net/kf/S73fcd1cdd33c414883cab118f2dadb4ag.jpg|https://pk-live-21.slatic.net/kf/S5d5ce038ab434e99aec7abc147b9e37dL.jpg|https://pk-live-21.slatic.net/kf/S05e2ad03b9e2454582e113dfc3e9a6c0e.jpg;3;ok
166;jumia;166_jumia;https://www.jumia.ma/samsung-galaxy-fit3-smart-watch-montre-connectee-ecran-amoled-16-rose-1an-garantie-65712752.html;"Galaxy Fit3 – Smart watch / Montre Connectée - Écran Amoled 1,6"" - Rose - 1An Garantie";Samsung;Electronique;Bracelets connectés;369.00;MAD;"Surveillance améliorée de la fréquence cardiaque
	Durée de vie de la batterie optimisée
	Affichage permanent polyvalent
	Suivi de l'altitude avec altimètre";https://ma.jumia.is/unsafe/fit-in/680x680/filters:fill(white)/product/25/721756/1.jpg?9589|https://ma.jumia.is/unsafe/fit-in/680x680/filters:fill(white)/product/25/721756/2.jpg?9582|https://ma.jumia.is/unsafe/fit-in/680x680/filters:fill(white)/product/25/721756/3.jpg?9582|https://ma.jumia.is/unsafe/fit-in/680x680/filters:fill(white)/product/25/721756/4.jpg?9582;4;ok
166;wildberries;166_wildberries;https://www.wildberries.ru/catalog/795861329/detail.aspx;Смарт часы Galaxy Fit3 Gray SM-R390 мужские женские;Samsung;Electronique;Bracelets connectés;3620;RUB;;https://basket-36.wbbasket.ru/vol7958/part795861/795861329/images/big/1.webp|https://basket-36.wbbasket.ru/vol7958/part795861/795861329/images/big/2.webp|https://basket-36.wbbasket.ru/vol7958/part795861/795861329/images/big/3.webp|https://basket-36.wbbasket.ru/vol7958/part795861/795861329/images/big/4.webp|https://basket-36.wbbasket.ru/vol7958/part795861/795861329/images/big/5.webp|https://basket-36.wbbasket.ru/vol7958/part795861/795861329/images/big/6.webp|https://basket-36.wbbasket.ru/vol7958/part795861/795861329/images/big/7.webp|https://basket-36.wbbasket.ru/vol7958/part795861/795861329/images/big/8.webp|https://basket-36.wbbasket.ru/vol7958/part795861/795861329/images/big/9.webp|https://basket-36.wbbasket.ru/vol7958/part795861/795861329/images/big/10.webp|https://basket-36.wbbasket.ru/vol7958/part795861/795861329/images/big/11.webp|https://basket-36.wbbasket.ru/vol7958/part795861/795861329/images/big/12.webp|https://basket-36.wbbasket.ru/vol7958/part795861/795861329/images/big/13.webp|https://basket-36.wbbasket.ru/vol7958/part795861/795861329/images/big/14.webp|https://basket-36.wbbasket.ru/vol7958/part795861/795861329/images/big/15.webp|https://basket-36.wbbasket.ru/vol7958/part795861/795861329/images/big/16.webp|https://basket-36.wbbasket.ru/vol7958/part795861/795861329/images/big/17.webp|https://basket-36.wbbasket.ru/vol7958/part795861/795861329/images/big/18.webp;18;ok
166;trendyol;166_trendyol;https://www.trendyol.com/samsung/galaxy-fit3-koyu-gri-p-812824444;SamsungGalaxy Fit3 Gray Smart Bracelet;Samsung;Electronique;Bracelets connectés;134.83;AED;;https://cdn.dsmcdn.com/mnresize/300/-/sfweb/images/ae.png|https://cdn.dsmcdn.com/sfweb-pdp/images/ty-plus-banner-plus-2.png|https://cdn.dsmcdn.com/sfweb-pdp/images/ty-plus-banner-plus-1.png|https://cdn.dsmcdn.com/sfweb-pdp/images/ty-plus-icon.png|https://cdn.dsmcdn.com/mnresize/620/920/ty1572/prod/QC/20240929/02/d81c243b-04b5-3228-a866-b50ce570a08f/1_org_zoom.jpg|https://cdn.dsmcdn.com/mnresize/620/920/ty1572/prod/QC/20240929/02/14ab9db4-62ab-307a-9427-a5e7c6346958/1_org_zoom.jpg|https://cdn.dsmcdn.com/mnresize/620/920/ty1573/prod/QC/20240929/02/53f0d786-fad5-3696-8204-aff9b7f5ca50/1_org_zoom.jpg|https://cdn.dsmcdn.com/mnresize/620/920/ty1572/prod/QC/20240929/02/56227761-e887-3a6f-b3bd-5ea1bca72e98/1_org_zoom.jpg|https://cdn.dsmcdn.com/mnresize/620/920/ty1573/prod/QC/20240929/02/afb0c280-4407-3d65-8131-2fba2bf7b6b6/1_org_zoom.jpg|https://cdn.dsmcdn.com/mnresize/30/30/mobile/reviewrating/kamera-emoji6x.png|https://cdn.dsmcdn.com/mnresize/30/30/mobile/pdp/Additional/orange-heart_1f9e1.png|https://cdn.dsmcdn.com/mnresize/128/192/ty1618/prod/QC/20241226/13/e9c76875-1c3c-3a7e-82dc-158dd190add5/1_org_zoom.jpg|https://cdn.dsmcdn.com/mnresize/128/192/ty1572/prod/QC/20240929/02/d81c243b-04b5-3228-a866-b50ce570a08f/1_org_zoom.jpg|https://cdn.dsmcdn.com/mnresize/128/192/ty1205/product/media/images/prod/PIM/20240312/11/2cdca15f-5f92-497e-bc9f-5ecefc3579c7/1_org_zoom.jpg|https://cdn.dsmcdn.com/mobile/international/PaymentLogo/tamara_snippet_en.png|https://cdn.dsmcdn.com/mobile/international/PaymentLogo/Tabby_snippet_new.png|https://cdn.dsmcdn.com/mobile/international/PaymentLogo/cod-v4.png|https://cdn.dsmcdn.com/mnresize/300/-/sfint/production/flags/ae.png|https://cdn.dsmcdn.com/indexing-sticker-stamp/mars/05c4fe58-ce44-4a49-9eb8-e82d5933239b.png|https://cdn.dsmcdn.com/mnresize/34/34/indexing-sticker-stamp/stage/4b0d7ef1-8e8f-4c8f-b1c7-637e432ea2b4.png|https://cdn.dsmcdn.com/ty1572/prod/QC/20240929/02/d81c243b-04b5-3228-a866-b50ce570a08f/1_org_zoom.jpg|https://cdn.dsmcdn.com/sfweb-checkout/images/basket-icon_1751630173674.png|https://cdn.dsmcdn.com/mobile/international/PaymentLogo/Mastercard3x.png|https://cdn.dsmcdn.com/mobile/international/PaymentLogo/Visa3x.png|https://cdn.dsmcdn.com/mobile/international/PaymentLogo/Applepay3x.png|https://cdn.dsmcdn.com/mobile/international/PaymentLogo/tamara_logo_en.png|https://cdn.dsmcdn.com/mobile/international/PaymentLogo/Tabby_Basket_new.png;27;ok
166;daraz;166_daraz;https://www.daraz.pk/products/galaxy-fit-3-choice-free-gift-i1954758021-s14015990703.html?c=&channelLpJumpArgs=&clickTrackInfo=query%253ASamsung%252BGalaxy%252BFit3%253Bnid%253A1954758021%253Bsrc%253ALazadaMainSrp%253Brn%253A24592ca7bf334bfbb24183b7b1d27d2d%253Bregion%253Apk%253Bsku%253A1954758021_PK%253Bprice%253A99998%253Bclient%253Adesktop%253Bsupplier_id%253A6005425472002%253Bsession_id%253A%253Bbiz_source%253Ah5_external%253Bslot%253A1%253Butlog_bucket_id%253A470687%253Basc_category_id%253A10002006%253Bitem_id%253A1954758021%253Bsku_id%253A14015990703%253Bshop_id%253A1241021%253BtemplateInfo%253A&freeshipping=0&fs_ab=1&fuse_fs=&lang=en&location=Punjab&price=99998&priceCompare=skuId%3A14015990703%3Bsource%3Alazada-search-voucher%3Bsn%3A24592ca7bf334bfbb24183b7b1d27d2d%3BoriginPrice%3A9999800%3BdisplayPrice%3A9999800%3BisGray%3Afalse%3BsinglePromotionId%3A-1%3BsingleToolCode%3AmockedSalePrice%3BvoucherPricePlugin%3A0%3Btimestamp%3A1785515502793&qSellingPoint=p--galaxy%20fit3___b--samsung&ratingscore=5.0&request_id=24592ca7bf334bfbb24183b7b1d27d2d&review=2&sale=13&search=1&source=search&spm=a2a0e.searchlist.list.1&stock=1;Galaxy Fit 3 Choice Free Gift;SAMSUNG;Electronique;Bracelets connectés;99.998;PKR;;https://static-01.daraz.pk/p/55ab12a81f4b7cb18ae6856dbc10cf53.jpg;1;ok
167;wildberries;167_wildberries;https://www.wildberries.ru/catalog/413310592/detail.aspx;Щипцы для завивки волос Philips BHB862/00;PHILIPS;Beauté & Soins personnels;Boucleurs;4636;RUB;;https://basket-23.wbbasket.ru/vol4133/part413310/413310592/images/big/1.webp|https://basket-23.wbbasket.ru/vol4133/part413310/413310592/images/big/2.webp|https://basket-23.wbbasket.ru/vol4133/part413310/413310592/images/big/3.webp;3;ok
167;daraz;167_daraz;https://www.daraz.pk/products/bhb86200-i896040889-s3932326614.html?c=&channelLpJumpArgs=&clickTrackInfo=query%253APhilips%252BBHB862%25252F00%253Bnid%253A896040889%253Bsrc%253ALazadaMainSrp%253Brn%253A5cf486ffe7ba320e77ae053a3346a7be%253Bregion%253Apk%253Bsku%253A896040889_PK%253Bprice%253A11900%253Bclient%253Adesktop%253Bsupplier_id%253A6005483200557%253Bsession_id%253A%253Bbiz_source%253Ah5_external%253Bslot%253A0%253Butlog_bucket_id%253A470687%253Basc_category_id%253A5244%253Bitem_id%253A896040889%253Bsku_id%253A3932326614%253Bshop_id%253A2313475%253BtemplateInfo%253A-1_A3_C%2523&freeshipping=0&fs_ab=1&fuse_fs=&lang=en&location=Islamabad&price=1.19E%204&priceCompare=skuId%3A3932326614%3Bsource%3Alazada-search-voucher%3Bsn%3A5cf486ffe7ba320e77ae053a3346a7be%3BoriginPrice%3A1190000%3BdisplayPrice%3A1190000%3BisGray%3Afalse%3BsinglePromotionId%3A-1%3BsingleToolCode%3AmockedSalePrice%3BvoucherPricePlugin%3A0%3Btimestamp%3A1785518227287&ratingscore=&request_id=5cf486ffe7ba320e77ae053a3346a7be&review=&sale=0&search=1&source=search&spm=a2a0e.searchlist.list.0&stock=0;Vegas - Philips Curler BHB862/00;Vegas Cosmetics;Beauté & Soins personnels;Boucleurs;11.900;PKR;Philips Curler BHB862/00 Brand: Philips Great for Daily Use Trusted Product Curler Bella Cost Down Europe16 mm curling barrel for bouncy curls and ringlets 16 mm barrel 200°C temperature Ceramic coating Blinking LED light indicates when the device is ready to use Cool tip for easier and safer use Fast heat-up time, ready to use in 60 sec 1.8 m power cord Swivel cord to prevent tangled wires Specifications of Brand Vegas Cosmetics SKU 896040889_PK-3932326614 Ideal Usage Not Specified Hair Type Not Specified What’s in the box Vegas PK - Philips Curler BHB862/00;https://static-01.daraz.pk/p/bb59e620e9890fdcffe74f07e1af054a.jpg;1;ok
168;wildberries;168_wildberries;https://www.wildberries.ru/catalog/442139064/detail.aspx;Плойка для завивки волос 19 мм CI5319, керамика, 210 °С;Remington;Beauté & Soins personnels;Boucleurs;4824;RUB;;https://basket-25.wbbasket.ru/vol4421/part442139/442139064/images/big/1.webp|https://basket-25.wbbasket.ru/vol4421/part442139/442139064/images/big/2.webp|https://basket-25.wbbasket.ru/vol4421/part442139/442139064/images/big/3.webp;3;ok
168;daraz;168_daraz;https://www.daraz.pk/products/5519-i130065170-s1289869964.html?c=&channelLpJumpArgs=&clickTrackInfo=query%253ARemington%252BCI5319%253Bnid%253A130065170%253Bsrc%253ALazadaMainSrp%253Brn%253Ad7578136b04b33f34ea8c71c222dbcec%253Bregion%253Apk%253Bsku%253A130065170_PK%253Bprice%253A13175%253Bclient%253Adesktop%253Bsupplier_id%253A8473%253Bsession_id%253A%253Bbiz_source%253Ah5_external%253Bslot%253A0%253Butlog_bucket_id%253A470687%253Basc_category_id%253A1633%253Bitem_id%253A130065170%253Bsku_id%253A1289869964%253Bshop_id%253A93495%253BtemplateInfo%253A&freeshipping=0&fs_ab=1&fuse_fs=&lang=en&location=Punjab&price=13175&priceCompare=skuId%3A1289869964%3Bsource%3Alazada-search-voucher%3Bsn%3Ad7578136b04b33f34ea8c71c222dbcec%3BoriginPrice%3A1317500%3BdisplayPrice%3A1317500%3BisGray%3Afalse%3BsinglePromotionId%3A-1%3BsingleToolCode%3A-1%3BvoucherPricePlugin%3A0%3Btimestamp%3A1785518657179&ratingscore=4.560975609756097&request_id=d7578136b04b33f34ea8c71c222dbcec&review=41&sale=156&search=1&source=search&spm=a2a0e.searchlist.list.0&stock=1;Remington CI5519 Pro Spiral  Ceramic Curling Iron;Remington;Beauté & Soins personnels;Boucleurs;13.175;PKR;;https://static-01.daraz.pk/p/fa6b933c91cd9735be6d473ee42dc875.jpg|https://static-01.daraz.pk/p/8e29adecc055b21c17c1d3d24c338026.jpg|https://static-01.daraz.pk/p/e2d8efff38af79f68ee9a04c6f4338b9.jpg|https://static-01.daraz.pk/p/95d2817a901b3d0bb282f33cd1ad1fa7.jpg|https://static-01.daraz.pk/p/530e3a88a0714a21cbecbb9cd0b43c0d.jpg|https://static-01.daraz.pk/p/61272783ddbee07bffa80bdd8ef9235f.jpg;6;ok
169;jumia;169_jumia;https://www.jumia.ma/rowenta-fer-a-boucler-rowenta-cf321lf0-62719355.html;Fer à boucler Rowenta CF321LF0;Rowenta;Beauté & Soins personnels;Boucleurs;269.00;MAD;"Marque: RowentaType de cheveux: TousMatériau:	Céramique tourmalineTaille: 25 mmSource d'alimentation: Câble électriqueRéglage de la température max.200 Degrés Celsius";https://ma.jumia.is/unsafe/fit-in/680x680/filters:fill(white)/product/55/391726/1.jpg?5982|https://ma.jumia.is/unsafe/fit-in/680x680/filters:fill(white)/product/55/391726/2.jpg?5982|https://ma.jumia.is/unsafe/fit-in/680x680/filters:fill(white)/product/55/391726/3.jpg?4463;3;ok
169;wildberries;169_wildberries;https://www.wildberries.ru/catalog/698986058/detail.aspx;Щипцы для завивки Rowenta Karl Lagerfeld CF321LF0;Rowenta;Beauté & Soins personnels;Boucleurs;2966;RUB;;https://basket-33.wbbasket.ru/vol6989/part698986/698986058/images/big/1.webp|https://basket-33.wbbasket.ru/vol6989/part698986/698986058/images/big/2.webp|https://basket-33.wbbasket.ru/vol6989/part698986/698986058/images/big/3.webp|https://basket-33.wbbasket.ru/vol6989/part698986/698986058/images/big/4.webp|https://basket-33.wbbasket.ru/vol6989/part698986/698986058/images/big/5.webp|https://basket-33.wbbasket.ru/vol6989/part698986/698986058/images/big/6.webp|https://basket-33.wbbasket.ru/vol6989/part698986/698986058/images/big/7.webp|https://basket-33.wbbasket.ru/vol6989/part698986/698986058/images/big/8.webp|https://basket-33.wbbasket.ru/vol6989/part698986/698986058/images/big/9.webp;9;ok
170;wildberries;170_wildberries;https://www.wildberries.ru/catalog/1181499199/detail.aspx;Стайлер для волос Airwrap HS08 Complete Long, с насадками;Dyson;Beauté & Soins personnels;Boucleurs;36670;RUB;;https://basket-43.wbbasket.ru/vol11814/part1181499/1181499199/images/big/1.webp|https://basket-43.wbbasket.ru/vol11814/part1181499/1181499199/images/big/2.webp|https://basket-43.wbbasket.ru/vol11814/part1181499/1181499199/images/big/3.webp|https://basket-43.wbbasket.ru/vol11814/part1181499/1181499199/images/big/4.webp|https://basket-43.wbbasket.ru/vol11814/part1181499/1181499199/images/big/5.webp|https://basket-43.wbbasket.ru/vol11814/part1181499/1181499199/images/big/6.webp|https://basket-43.wbbasket.ru/vol11814/part1181499/1181499199/images/big/7.webp|https://basket-43.wbbasket.ru/vol11814/part1181499/1181499199/images/big/8.webp|https://basket-43.wbbasket.ru/vol11814/part1181499/1181499199/images/big/9.webp|https://basket-43.wbbasket.ru/vol11814/part1181499/1181499199/images/big/10.webp|https://basket-43.wbbasket.ru/vol11814/part1181499/1181499199/images/big/11.webp|https://basket-43.wbbasket.ru/vol11814/part1181499/1181499199/images/big/12.webp|https://basket-43.wbbasket.ru/vol11814/part1181499/1181499199/images/big/13.webp|https://basket-43.wbbasket.ru/vol11814/part1181499/1181499199/images/big/14.webp|https://basket-43.wbbasket.ru/vol11814/part1181499/1181499199/images/big/15.webp|https://basket-43.wbbasket.ru/vol11814/part1181499/1181499199/images/big/16.webp|https://basket-43.wbbasket.ru/vol11814/part1181499/1181499199/images/big/17.webp|https://basket-43.wbbasket.ru/vol11814/part1181499/1181499199/images/big/18.webp|https://basket-43.wbbasket.ru/vol11814/part1181499/1181499199/images/big/19.webp|https://basket-43.wbbasket.ru/vol11814/part1181499/1181499199/images/big/20.webp|https://basket-43.wbbasket.ru/vol11814/part1181499/1181499199/images/big/21.webp|https://basket-43.wbbasket.ru/vol11814/part1181499/1181499199/images/big/22.webp|https://basket-43.wbbasket.ru/vol11814/part1181499/1181499199/images/big/23.webp|https://basket-43.wbbasket.ru/vol11814/part1181499/1181499199/images/big/24.webp|https://basket-43.wbbasket.ru/vol11814/part1181499/1181499199/images/big/25.webp|https://basket-43.wbbasket.ru/vol11814/part1181499/1181499199/images/big/26.webp;26;ok
170;daraz;170_daraz;https://www.daraz.pk/products/id-i1951007795-s14013679079.html?c=&channelLpJumpArgs=&clickTrackInfo=query%253ADyson%252BAirwrap%252BComplete%253Bnid%253A1951007795%253Bsrc%253ALazadaMainSrp%253Brn%253Afeed3ccfa4d05ecfc8c7ab7df92abf00%253Bregion%253Apk%253Bsku%253A1951007795_PK%253Bprice%253A145928%253Bclient%253Adesktop%253Bsupplier_id%253A6005013618129%253Bsession_id%253A%253Bbiz_source%253Ah5_external%253Bslot%253A3%253Butlog_bucket_id%253A470687%253Basc_category_id%253A1636%253Bitem_id%253A1951007795%253Bsku_id%253A14013679079%253Bshop_id%253A602732%253BtemplateInfo%253A&freeshipping=0&fs_ab=1&fuse_fs=&lang=en&location=Sindh&price=145928&priceCompare=skuId%3A14013679079%3Bsource%3Alazada-search-voucher%3Bsn%3Afeed3ccfa4d05ecfc8c7ab7df92abf00%3BoriginPrice%3A14592800%3BdisplayPrice%3A14592800%3BisGray%3Afalse%3BsinglePromotionId%3A-1%3BsingleToolCode%3AmockedSalePrice%3BvoucherPricePlugin%3A0%3Btimestamp%3A1785519038260&qSellingPoint=p--airwrap%20complete___b--dyson&ratingscore=&request_id=feed3ccfa4d05ecfc8c7ab7df92abf00&review=&sale=0&search=1&source=search&spm=a2a0e.searchlist.list.3&stock=1;Dyson Airwrap i.d. Hair Styler Complete Set – Straight & Wavy Multi Styler | Curling, Drying & Volumizing Tool | No Extreme Heat | Professional Hair Styling Machine;Nissin Noodles.;Beauté & Soins personnels;Boucleurs;145.928;PKR;;https://static-01.daraz.pk/p/b9e92c59f547a49d7db74e4fe575ad95.jpg|https://www.youtube.com/watch?v=T5OLOTKmB-c|https://static-01.daraz.pk/p/3f225f8353cabc78a12b4fef13e0ddd6.jpg|https://static-01.daraz.pk/p/d7e67a44f57ed29dea1cd531f50e867e.jpg|https://static-01.daraz.pk/p/a6e91f5ed54357df10657c94e3cb36ee.jpg|https://static-01.daraz.pk/p/299885e84bac4ce06822a40df2d75e54.jpg;6;ok
171;jumia;171_jumia;https://www.jumia.ma/michael-kors-sac-a-main-et-bandouliere-mercer-en-cuir-mk-35s1gm9m2b150-taille-moyenne-65134158.html;SAC a main et Bandouliere MERCER en cuir MK 35S1GM9M2B150 - Taille Moyenne;Michael Kors;Mode & Accessoires;Sacs;1749.00;MAD;"100% Full-Grain Pebbled LeatherGold-Tone Hardware8.5""W X 7.5""H X 4""DHandle Drop: 4.25""Adjustable Strap: 22.25""-24.5""Interior Details: Center Zip Compartment, 2 Open Compartments, 3 Card SlotsInterior: 100% Textured Coated CanvasPocket Lining: 100% Polyester";https://ma.jumia.is/unsafe/fit-in/680x680/filters:fill(white)/product/85/143156/1.jpg?3884|https://ma.jumia.is/unsafe/fit-in/680x680/filters:fill(white)/product/85/143156/2.jpg?3884|https://ma.jumia.is/unsafe/fit-in/680x680/filters:fill(white)/product/85/143156/3.jpg?3884|https://ma.jumia.is/unsafe/fit-in/680x680/filters:fill(white)/product/85/143156/4.jpg?3884|https://ma.jumia.is/unsafe/fit-in/680x680/filters:fill(white)/product/85/143156/5.jpg?3884;5;ok
171;wildberries;171_wildberries;https://www.wildberries.ru/catalog/413421086/detail.aspx;Сумка;Michael Kors;Mode & Accessoires;Sacs;38500;RUB;;https://basket-24.wbbasket.ru/vol4134/part413421/413421086/images/big/1.webp|https://basket-24.wbbasket.ru/vol4134/part413421/413421086/images/big/2.webp|https://basket-24.wbbasket.ru/vol4134/part413421/413421086/images/big/3.webp|https://basket-24.wbbasket.ru/vol4134/part413421/413421086/images/big/4.webp|https://basket-24.wbbasket.ru/vol4134/part413421/413421086/images/big/5.webp|https://basket-24.wbbasket.ru/vol4134/part413421/413421086/images/big/6.webp|https://basket-24.wbbasket.ru/vol4134/part413421/413421086/images/big/7.webp|https://basket-24.wbbasket.ru/vol4134/part413421/413421086/images/big/8.webp;8;ok
171;daraz;171_daraz;https://www.daraz.pk/products/michael-kors-mercer-medium-logo-accordion-crossbody-bag-in-vanilla-30f8gm9m6b-i922168514-s3977809894.html?c=&channelLpJumpArgs=&clickTrackInfo=query%253AMichael%252BKors%252BMercer%253Bnid%253A922168514%253Bsrc%253ALazadaMainSrp%253Brn%253A1167a938004308e6e0e9394aaea8ec73%253Bregion%253Apk%253Bsku%253A922168514_PK%253Bprice%253A92892%253Bclient%253Adesktop%253Bsupplier_id%253A6005024265425%253Bsession_id%253A%253Bbiz_source%253Ah5_external%253Bslot%253A2%253Butlog_bucket_id%253A470687%253Basc_category_id%253A9637%253Bitem_id%253A922168514%253Bsku_id%253A3977809894%253Bshop_id%253A869012%253BtemplateInfo%253A&freeshipping=0&fs_ab=1&fuse_fs=&lang=en&location=Sindh&price=92892&priceCompare=skuId%3A3977809894%3Bsource%3Alazada-search-voucher%3Bsn%3A1167a938004308e6e0e9394aaea8ec73%3BoriginPrice%3A9289200%3BdisplayPrice%3A9289200%3BisGray%3Afalse%3BsinglePromotionId%3A-1%3BsingleToolCode%3A-1%3BvoucherPricePlugin%3A0%3Btimestamp%3A1785678599016&ratingscore=&request_id=1167a938004308e6e0e9394aaea8ec73&review=&sale=0&search=1&source=search&spm=a2a0e.searchlist.list.2&stock=1;Michael Kors Mercer Medium Logo Accordion Crossbody Bag In Vanilla - 30F8GM9M6B;No Brand;Mode & Accessoires;Sacs;92.892;PKR;;https://static-01.daraz.pk/p/b1b1bc42d0b430ff6917173926e63f69.jpg|https://static-01.daraz.pk/p/35f558aae54f06b68916f59d691535d7.jpg|https://static-01.daraz.pk/p/f819918fe0643856980442dfadfd8003.jpg;3;ok
172;jumia;172_jumia;https://www.jumia.ma/michael-kors-sac-mk-a-bandouliere-jet-set-travel-moyen-logo-dome-crossbody-bag-marron-65272763.html;Sac MK à bandoulière Jet Set Travel moyen Logo Dome Crossbody Bag - Marron;Michael Kors;Mode & Accessoires;Sacs;1549.00;MAD;100% cuir croisé.Quincaillerie dorée.17,5 cm de alto x 21,5 cm de ancho x 3,5 cm .Détails extérieurs: poche arrière sans rabat.Détails intérieurs: poche arrière zippée, poche avant sans rabat.Doublure: 100% polyester.Fermeture éclair.;https://ma.jumia.is/unsafe/fit-in/680x680/filters:fill(white)/product/36/727256/1.jpg?5949|https://ma.jumia.is/unsafe/fit-in/680x680/filters:fill(white)/product/36/727256/2.jpg?5949|https://ma.jumia.is/unsafe/fit-in/680x680/filters:fill(white)/product/36/727256/3.jpg?1052|https://ma.jumia.is/unsafe/fit-in/680x680/filters:fill(white)/product/36/727256/4.jpg?1052|https://ma.jumia.is/unsafe/fit-in/680x680/filters:fill(white)/product/36/727256/5.jpg?1052|https://ma.jumia.is/unsafe/fit-in/680x680/filters:fill(white)/product/36/727256/6.jpg?1052|https://ma.jumia.is/unsafe/fit-in/680x680/filters:fill(white)/product/36/727256/7.jpg?1052;7;ok
172;wildberries;172_wildberries;https://www.wildberries.ru/catalog/1212005577/detail.aspx;Средняя сумка-ракушка Michael Kors Jet Set Travel;Michael Kors;Mode & Accessoires;Sacs;7068;RUB;;https://basket-44.wbbasket.ru/vol12120/part1212005/1212005577/images/big/1.webp|https://basket-44.wbbasket.ru/vol12120/part1212005/1212005577/images/big/2.webp|https://basket-44.wbbasket.ru/vol12120/part1212005/1212005577/images/big/3.webp|https://basket-44.wbbasket.ru/vol12120/part1212005/1212005577/images/big/4.webp|https://basket-44.wbbasket.ru/vol12120/part1212005/1212005577/images/big/5.webp|https://basket-44.wbbasket.ru/vol12120/part1212005/1212005577/images/big/6.webp|https://basket-44.wbbasket.ru/vol12120/part1212005/1212005577/images/big/7.webp|https://basket-44.wbbasket.ru/vol12120/part1212005/1212005577/images/big/8.webp|https://basket-44.wbbasket.ru/vol12120/part1212005/1212005577/images/big/9.webp;9;ok
173;jumia;173_jumia;https://www.jumia.ma/michael-kors-sac-a-bandouliere-de-taille-moyenne-hamilton-en-cuir-graine-noir-65896462.html;Sac à bandoulière de taille moyenne Hamilton  en cuir grainé noir ;Michael Kors;Mode & Accessoires;Sacs;1999.00;MAD;"Genre: Femelle.Modèle: 35T1GHMS2L-NOIR.Marque: Michael Kors.Catégorie de couleur: Noir.Composition du tissu: Cuir.Couleur: Quincaillerie dorée.Fabricant: Michael Kors.Type de fixation: Instantané.Occasion: Affaires, Décontracté, Formel, Fête/Cocktail, Voyage, Mariage, Vêtements de travail.Bijou de sac.Sangle amovible.Sangle réglable.Goujons inférieurs.Mesures : 13,5 (en bas).13"" (haut).(l) x 9,75 (h) x 5,5"" (p).Sangle : 4"", 18""- 24"".100% authentique.";https://ma.jumia.is/unsafe/fit-in/680x680/filters:fill(white)/product/26/469856/1.jpg?0647|https://ma.jumia.is/unsafe/fit-in/680x680/filters:fill(white)/product/26/469856/2.jpg?0647|https://ma.jumia.is/unsafe/fit-in/680x680/filters:fill(white)/product/26/469856/3.jpg?0647|https://ma.jumia.is/unsafe/fit-in/680x680/filters:fill(white)/product/26/469856/4.jpg?0647|https://ma.jumia.is/unsafe/fit-in/680x680/filters:fill(white)/product/26/469856/5.jpg?0647|https://ma.jumia.is/unsafe/fit-in/680x680/filters:fill(white)/product/26/469856/6.jpg?0647;6;ok
173;wildberries;173_wildberries;https://www.wildberries.ru/catalog/1065898521/detail.aspx;Michael Kors Hamilton Small Logo Satchel натуральная кожа;;Mode & Accessoires;Sacs;6067;RUB;;https://basket-42.wbbasket.ru/vol10658/part1065898/1065898521/images/big/1.webp|https://basket-42.wbbasket.ru/vol10658/part1065898/1065898521/images/big/2.webp|https://basket-42.wbbasket.ru/vol10658/part1065898/1065898521/images/big/3.webp|https://basket-42.wbbasket.ru/vol10658/part1065898/1065898521/images/big/4.webp|https://basket-42.wbbasket.ru/vol10658/part1065898/1065898521/images/big/5.webp;5;ok
174;jumia;174_jumia;https://www.jumia.ma/michael-kors-sac-a-main-et-bandouliere-mirella-small-logo-crossbody-brown-62092321.html;SAC à main et Bandoulière MIRELLA SMALL LOGO CROSSBODY (BROWN);Michael Kors;Mode & Accessoires;Sacs;1649.00;MAD;"100% Full-Grain Pebbled LeatherGold-Tone Hardware8.5""W X 7.5""H X 4""DHandle Drop: 4.25""Adjustable Strap: 22.25""-24.5""Interior Details: Center Zip Compartment, 2 Open Compartments, 3 Card SlotsInterior: 100% Textured Coated CanvasPocket Lining: 100% Polyester";https://ma.jumia.is/unsafe/fit-in/680x680/filters:fill(white)/product/12/329026/1.jpg?4742|https://ma.jumia.is/unsafe/fit-in/680x680/filters:fill(white)/product/12/329026/2.jpg?4742|https://ma.jumia.is/unsafe/fit-in/680x680/filters:fill(white)/product/12/329026/3.jpg?4742|https://ma.jumia.is/unsafe/fit-in/680x680/filters:fill(white)/product/12/329026/4.jpg?4742|https://ma.jumia.is/unsafe/fit-in/680x680/filters:fill(white)/product/12/329026/5.jpg?4742|https://ma.jumia.is/unsafe/fit-in/680x680/filters:fill(white)/product/12/329026/6.jpg?4742;6;ok
174;wildberries;174_wildberries;https://www.wildberries.ru/catalog/1110246227/detail.aspx;Сумка женская Michael Kors;;Mode & Accessoires;Sacs;13825;RUB;;https://basket-42.wbbasket.ru/vol11102/part1110246/1110246227/images/big/1.webp;1;ok
174;trendyol;174_trendyol;https://www.trendyol.com/michael-kors/mirella-35f2g7zc5b-canta-p-1081779589;Michael KorsMi̇rella 35F2G7Zc5B Bag;Michael Kors;Mode & Accessoires;Sacs;198.11;AED;;https://cdn.dsmcdn.com/mnresize/300/-/sfweb/images/ae.png|https://cdn.dsmcdn.com/mnresize/420/620/ty1724/prod/QC_PREP/20250812/14/1ae991b4-e86e-302e-b346-e5e2c3499336/1_org_zoom.jpg|https://cdn.dsmcdn.com/mnresize/160/-/indexing-sticker-stamp/mars/acf59d35-333d-43ca-be8a-5521265f56e2.png|https://cdn.dsmcdn.com/mnresize/120/-/indexing-sticker-stamp/mars/827afd66-8ebc-407f-89b8-70ae2a369245.png|https://cdn.dsmcdn.com/indexing-sticker-stamp/stage/4b0d7ef1-8e8f-4c8f-b1c7-637e432ea2b4.png|https://cdn.dsmcdn.com/mnresize/420/620/ty1723/prod/QC_ENRICHMENT/20250809/21/925f8964-47d3-396b-8ee5-205906cc8659/1_org_zoom.jpg|https://cdn.dsmcdn.com/mnresize/120/-/indexing-sticker-stamp/mars/b914d950-8ea4-4e12-8bfc-b38b304196cb.png|https://cdn.dsmcdn.com/mnresize/420/620/ty1715/prod/QC_PREP/20250724/15/677264d3-1ce9-3612-87ba-d576355bee05/1_org_zoom.jpg|https://cdn.dsmcdn.com/mnresize/140/-/indexing-sticker-stamp/mars/1f058037-de42-4e5a-b199-4d28b58f6f0d.png|https://cdn.dsmcdn.com/mnresize/420/620/ty1642/prod/QC/20250227/21/bac5c0c0-c392-3983-9890-18136d2dfdee/1_org_zoom.jpg|https://cdn.dsmcdn.com/mnresize/620/920/ty1809/prod/QC_PREP/20260108/18/a424c98b-5cfa-3c2c-8fa8-81347b677f3d/1_org_zoom.jpg|https://cdn.dsmcdn.com/mnresize/620/920/ty1809/prod/QC_PREP/20260108/18/595a4a78-9f50-33b1-b3d6-0d70d2daff49/1_org_zoom.jpg|https://cdn.dsmcdn.com/mnresize/620/920/ty1809/prod/QC_PREP/20260108/18/11f52dd3-e207-3ba1-8c73-b494b6b165cb/1_org_zoom.jpg|https://cdn.dsmcdn.com/mnresize/30/30/mobile/pdp/Additional/orange-heart_1f9e1.png|https://cdn.dsmcdn.com/mnresize/128/192/ty1811/prod/QC_PREP/20260108/18/f7abd7d4-82fa-3866-b5c8-988378dbdfb6/1_org_zoom.jpg|https://cdn.dsmcdn.com/mnresize/128/192/ty1809/prod/QC_PREP/20260108/18/a424c98b-5cfa-3c2c-8fa8-81347b677f3d/1_org_zoom.jpg|https://cdn.dsmcdn.com/mobile/international/PaymentLogo/tamara_snippet_en.png|https://cdn.dsmcdn.com/mobile/international/PaymentLogo/Tabby_snippet_new.png|https://cdn.dsmcdn.com/mobile/international/PaymentLogo/cod-v4.png|https://cdn.dsmcdn.com/indexing-sticker-stamp/mars/80be0713-6f99-4bc6-afb6-3f402c20c18b.png|https://cdn.dsmcdn.com/ty1809/prod/QC_PREP/20260108/18/a424c98b-5cfa-3c2c-8fa8-81347b677f3d/1_org_zoom.jpg|https://cdn.dsmcdn.com/sfweb-checkout/images/basket-icon_1751630173674.png|https://cdn.dsmcdn.com/mobile/international/PaymentLogo/Mastercard3x.png|https://cdn.dsmcdn.com/mobile/international/PaymentLogo/Visa3x.png|https://cdn.dsmcdn.com/mobile/international/PaymentLogo/Applepay3x.png|https://cdn.dsmcdn.com/mobile/international/PaymentLogo/tamara_logo_en.png|https://cdn.dsmcdn.com/mobile/international/PaymentLogo/Tabby_Basket_new.png;27;ok
174;daraz;174_daraz;https://www.daraz.pk/products/w953cm-h1969cm-d2350cm-35s2g7zc5l-i1957528205-s14017665189.html?c=&channelLpJumpArgs=&clickTrackInfo=query%253AMichael%252BKors%252BMirella%253Bnid%253A1957528205%253Bsrc%253ALazadaMainSrp%253Brn%253A984676d694ad7b1f28df32a87fc0c9e9%253Bregion%253Apk%253Bsku%253A1957528205_PK%253Bprice%253A85000%253Bclient%253Adesktop%253Bsupplier_id%253A6005015871348%253Bsession_id%253A%253Bbiz_source%253Ah5_external%253Bslot%253A1%253Butlog_bucket_id%253A470687%253Basc_category_id%253A1830%253Bitem_id%253A1957528205%253Bsku_id%253A14017665189%253Bshop_id%253A743632%253BtemplateInfo%253A&freeshipping=0&fs_ab=1&fuse_fs=&lang=en&location=Sindh&price=8.5E%204&priceCompare=skuId%3A14017665189%3Bsource%3Alazada-search-voucher%3Bsn%3A984676d694ad7b1f28df32a87fc0c9e9%3BoriginPrice%3A8500000%3BdisplayPrice%3A8500000%3BisGray%3Afalse%3BsinglePromotionId%3A-1%3BsingleToolCode%3AmockedSalePrice%3BvoucherPricePlugin%3A0%3Btimestamp%3A1785680360906&ratingscore=&request_id=984676d694ad7b1f28df32a87fc0c9e9&review=&sale=0&search=1&source=search&spm=a2a0e.searchlist.list.1&stock=1;Michael Kors Mirella Shopper Crossbody Leather Bag For Women’s -Black (Size: W9.53cm H19.69cm D23.50cm) 35S2G7ZC5L;Royal Wrist;Mode & Accessoires;Sacs;85.000;PKR;;https://static-01.daraz.pk/p/35dbb47fb0ccd5f4d29c374c9fdeb3be.jpg|https://static-01.daraz.pk/p/bbe9a619ddacf90b2b9fb5d9ad078701.jpg|https://static-01.daraz.pk/p/cb793ab5cbe9f92075fb130fdce146d8.jpg|https://static-01.daraz.pk/p/53b72b823131d114a6220690e635dd99.jpg;4;ok
175;jumia;175_jumia;https://www.jumia.ma/michael-kors-sac-mk-a-bandouliere-jet-set-large-a-logo-signature-68102158.html;Sac MK à bandoulière Jet Set Large à logo Signature;Michael Kors;Mode & Accessoires;Sacs;1399.00;MAD;• Sac bandoulière• Toile imprimée logo• 89,4 % toile enduite / 9,6 % polyester / 1 % polyuréthane• Finitions argentées• 24 cm (L) x 16,5 cm (H) x 5 cm (P)• Extérieur : bandoulière amovible, poches plaquées avant et arrière, poche zippée avant• Intérieur : poche plaquée arrière• Doublure : 100 % polyester• Fermeture zippée• Housse de protection non incluse• Importé• Réf. : 35S5STTC9B;https://ma.jumia.is/unsafe/fit-in/680x680/filters:fill(white)/product/85/120186/1.jpg?0013|https://ma.jumia.is/unsafe/fit-in/680x680/filters:fill(white)/product/85/120186/2.jpg?0013|https://ma.jumia.is/unsafe/fit-in/680x680/filters:fill(white)/product/85/120186/3.jpg?6144|https://ma.jumia.is/unsafe/fit-in/680x680/filters:fill(white)/product/85/120186/4.jpg?0013;4;ok
175;wildberries;175_wildberries;https://www.wildberries.ru/catalog/1284544181/detail.aspx;Сумка-тоут Michael Kors Charlotte Large Saffiano Leather Top;Michael Kors;Mode & Accessoires;Sacs;30569;RUB;;https://basket-45.wbbasket.ru/vol12845/part1284544/1284544181/images/big/1.webp|https://basket-45.wbbasket.ru/vol12845/part1284544/1284544181/images/big/2.webp|https://basket-45.wbbasket.ru/vol12845/part1284544/1284544181/images/big/3.webp|https://basket-45.wbbasket.ru/vol12845/part1284544/1284544181/images/big/4.webp;4;ok
175;wildberries;175_wildberries;https://www.wildberries.ru/catalog/1228790384/detail.aspx;Сумка Michael Kors Jet Set Large Logo Crossbody Bag Vanilla;Michael Kors;Mode & Accessoires;Sacs;24710;RUB;;https://basket-44.wbbasket.ru/vol12287/part1228790/1228790384/images/big/1.webp;1;ok
175;trendyol;175_trendyol;https://www.trendyol.com/michael-kors/charlotte-large-logo-and-leather-top-zip-tote-bag-p-1043759481;Michael Kors Charlotte Large Logo and Leather Top-Zip Tote Bag;Michael Kors;Mode & Accessoires;Sacs;1467.32;AED;;https://cdn.dsmcdn.com/ty1783/prod/QC_PREP/20251102/12/17730e37-3328-3513-8b77-bed66799a210/1_org_zoom.jpg|https://cdn.dsmcdn.com/ty1784/prod/QC_PREP/20251102/12/7b3be4b4-9480-3ae3-b7ef-e89e58b18c9b/1_org_zoom.jpg|https://cdn.dsmcdn.com/ty1784/prod/QC_PREP/20251102/12/3df11d5f-da49-3811-be80-c6de70415cdc/1_org_zoom.jpg;3;ok
175;daraz;175_daraz;https://www.daraz.pk/products/1207-2540-3810-35t0gcft7l-i1957528147-s14017649730.html?c=&channelLpJumpArgs=&clickTrackInfo=query%253AMichael%252BKors%252BCharlotte%253Bnid%253A1957528147%253Bsrc%253ALazadaMainSrp%253Brn%253A3aaf25d8aab5beee09838ae019e85d7c%253Bregion%253Apk%253Bsku%253A1957528147_PK%253Bprice%253A88000%253Bclient%253Adesktop%253Bsupplier_id%253A6005015871348%253Bsession_id%253A%253Bbiz_source%253Ah5_external%253Bslot%253A0%253Butlog_bucket_id%253A470687%253Basc_category_id%253A1829%253Bitem_id%253A1957528147%253Bsku_id%253A14017649730%253Bshop_id%253A743632%253BtemplateInfo%253A&freeshipping=0&fs_ab=1&fuse_fs=&lang=en&location=Sindh&price=8.8E%204&priceCompare=skuId%3A14017649730%3Bsource%3Alazada-search-voucher%3Bsn%3A3aaf25d8aab5beee09838ae019e85d7c%3BoriginPrice%3A8800000%3BdisplayPrice%3A8800000%3BisGray%3Afalse%3BsinglePromotionId%3A-1%3BsingleToolCode%3AmockedSalePrice%3BvoucherPricePlugin%3A0%3Btimestamp%3A1785680468700&ratingscore=&request_id=3aaf25d8aab5beee09838ae019e85d7c&review=&sale=0&search=1&source=search&spm=a2a0e.searchlist.list.0&stock=1;Michael Kors Charlotte Large Tote Bag In Saffiano Leather With Top Zip For Women’s -BLACK (Size: W:12.07cm H:25.40cm D:38.10cm) 35T0GCFT7L;Royal Wrist;Mode & Accessoires;Sacs;88.000;PKR;;https://static-01.daraz.pk/p/acf770230058de06b0b69d5238625dea.jpg|https://static-01.daraz.pk/p/50fe25d0e36215a35eea905f09b89290.jpg|https://static-01.daraz.pk/p/7178351c27fd9bdb7a007b82dca5ff7b.jpg;3;ok
176;wildberries;176_wildberries;https://www.wildberries.ru/catalog/233253139/detail.aspx;Сумка кросс-боди текстильная;Longchamp;Mode & Accessoires;Sacs;1756;RUB;;https://basket-15.wbbasket.ru/vol2332/part233253/233253139/images/big/1.webp;1;ok
176;trendyol;176_trendyol;https://www.trendyol.com/timeless/le-pliage-xs-pounch-kanvas-kese-kadin-el-ve-omuz-cantasi-p-1042664018;;;Mode & Accessoires;Sacs;36.66;AED;;https://cdn.dsmcdn.com/mnresize/300/-/sfweb/images/ae.png|https://cdn.dsmcdn.com/sfweb-checkout/images/basket-icon_1751630173674.png|https://cdn.dsmcdn.com/mobile/international/PaymentLogo/Mastercard3x.png|https://cdn.dsmcdn.com/mobile/international/PaymentLogo/Visa3x.png|https://cdn.dsmcdn.com/mobile/international/PaymentLogo/Applepay3x.png|https://cdn.dsmcdn.com/mobile/international/PaymentLogo/tamara_logo_en.png|https://cdn.dsmcdn.com/mobile/international/PaymentLogo/Tabby_Basket_new.png|https://cdn.dsmcdn.com/mobile/international/PaymentLogo/cod-v4.png;8;ok
176;daraz;176_daraz;https://www.daraz.pk/products/-i1950858069-s14013618870.html?c=&channelLpJumpArgs=&clickTrackInfo=query%253ALongchamp%252BLe%252BPliage%252BOriginal%253Bnid%253A1950858069%253Bsrc%253ALazadaMainSrp%253Brn%253A40f9faf48ad8f2f069cad5d68a466c41%253Bregion%253Apk%253Bsku%253A1950858069_PK%253Bprice%253A5999%253Bclient%253Adesktop%253Bsupplier_id%253A6005025624053%253Bsession_id%253A%253Bbiz_source%253Ah5_external%253Bslot%253A0%253Butlog_bucket_id%253A470687%253Basc_category_id%253A1830%253Bitem_id%253A1950858069%253Bsku_id%253A14013618870%253Bshop_id%253A886844%253BtemplateInfo%253A&freeshipping=0&fs_ab=1&fuse_fs=&lang=en&location=Sindh&price=5999&priceCompare=skuId%3A14013618870%3Bsource%3Alazada-search-voucher%3Bsn%3A40f9faf48ad8f2f069cad5d68a466c41%3BoriginPrice%3A599900%3BdisplayPrice%3A599900%3BisGray%3Afalse%3BsinglePromotionId%3A-1%3BsingleToolCode%3AmockedSalePrice%3BvoucherPricePlugin%3A0%3Btimestamp%3A1785682970029&qSellingPoint=b--longchamp___p--original___p--le%20pliage&ratingscore=&request_id=40f9faf48ad8f2f069cad5d68a466c41&review=&sale=0&search=1&source=search&spm=a2a0e.searchlist.list.0&stock=1;Long Champ Le Pliage Original Pouch With Handle Cross Body / Snatchel;Longchamp;Mode & Accessoires;Sacs;5.999;PKR;;https://static-01.daraz.pk/p/2d8d07b25d1a4a4e29debc1e63ac6002.jpg|https://static-01.daraz.pk/p/5f816cf8d568a51be0e7830108685671.jpg|https://static-01.daraz.pk/p/94985af0ce6746b9bbbb8d445bf28e46.jpg|https://static-01.daraz.pk/p/0f18b2c98cf98d11772f75921b47039f.jpg|https://static-01.daraz.pk/p/717211b9a9f82282aeda093a2775f141.jpg;5;ok
178;wildberries;178_wildberries;https://www.wildberries.ru/catalog/1277200131/detail.aspx;Кожаная сумка Tabby 20;Coach;Mode & Accessoires;Sacs;56221;RUB;;https://basket-45.wbbasket.ru/vol12772/part1277200/1277200131/images/big/1.webp|https://basket-45.wbbasket.ru/vol12772/part1277200/1277200131/images/big/2.webp|https://basket-45.wbbasket.ru/vol12772/part1277200/1277200131/images/big/3.webp|https://basket-45.wbbasket.ru/vol12772/part1277200/1277200131/images/big/4.webp|https://basket-45.wbbasket.ru/vol12772/part1277200/1277200131/images/big/5.webp;5;ok
178;daraz;178_daraz;https://www.daraz.pk/products/26-i928741236-s3985738107.html?c=&channelLpJumpArgs=&clickTrackInfo=query%253ACoach%252BTabby%253Bnid%253A928741236%253Bsrc%253ALazadaMainSrp%253Brn%253A2ad384f8a2d72183805a0b4f20459026%253Bregion%253Apk%253Bsku%253A928741236_PK%253Bprice%253A13000%253Bclient%253Adesktop%253Bsupplier_id%253A6005505168693%253Bsession_id%253A%253Bbiz_source%253Ah5_external%253Bslot%253A4%253Butlog_bucket_id%253A470687%253Basc_category_id%253A10001940%253Bitem_id%253A928741236%253Bsku_id%253A3985738107%253Bshop_id%253A2364638%253BtemplateInfo%253A&freeshipping=0&fs_ab=1&fuse_fs=&lang=en&location=Sindh&price=1.3E%204&priceCompare=skuId%3A3985738107%3Bsource%3Alazada-search-voucher%3Bsn%3A2ad384f8a2d72183805a0b4f20459026%3BoriginPrice%3A1300000%3BdisplayPrice%3A1300000%3BisGray%3Afalse%3BsinglePromotionId%3A-1%3BsingleToolCode%3A-1%3BvoucherPricePlugin%3A0%3Btimestamp%3A1785683125814&qSellingPoint=b--coach___p--tabby&ratingscore=&request_id=2ad384f8a2d72183805a0b4f20459026&review=&sale=0&search=1&source=search&spm=a2a0e.searchlist.list.4&stock=1;coach tabby 26 quilted bag for ladies, available in different colours, soft, stylish and easy to carry  bag for women.;No Brand;Mode & Accessoires;Sacs;13.000;PKR;;https://static-01.daraz.pk/p/a44183fd95713ab4acb5fd679eb1ff77.jpg|https://static-01.daraz.pk/p/a696c2c00751d22bba9bd695e2d12226.jpg|https://static-01.daraz.pk/p/9681bbde8b5ccb95a9d80eda2a135d15.jpg|https://pk-live-21.slatic.net/kf/S29084134fe17439ba01880b12558db7di.jpg|https://pk-live-21.slatic.net/kf/S2b81353ea3c04f5bbb543e421812b25ae.jpg|https://pk-live-21.slatic.net/kf/Se074dc00415740bb95d1f2c79d1875fep.jpg|https://pk-live-21.slatic.net/kf/Sd54b03adae494b298a9dd39ca30a3df3m.jpg;7;ok
179;wildberries;179_wildberries;https://www.wildberries.ru/catalog/572032035/detail.aspx;"Рюкзак Dell Черный для ноутбука 17"" с отделением: Dell";;Mode & Accessoires;Sacs à dos;4914;RUB;;https://basket-29.wbbasket.ru/vol5720/part572032/572032035/images/big/1.webp|https://basket-29.wbbasket.ru/vol5720/part572032/572032035/images/big/2.webp|https://basket-29.wbbasket.ru/vol5720/part572032/572032035/images/big/3.webp|https://basket-29.wbbasket.ru/vol5720/part572032/572032035/images/big/4.webp|https://basket-29.wbbasket.ru/vol5720/part572032/572032035/images/big/5.webp;5;ok
179;trendyol;179_trendyol;https://www.trendyol.com/dell/15-6-ecoloop-pro-backpack-15-cp5724s-460-bdqp-notebook-sirt-cantasi-p-1170916033;"Dell 15.6"" Ecoloop Pro Backpack 15 Cp5724S 460-Bdqp Notebook Backpack";Dell;Mode & Accessoires;Sacs à dos;212.91;AED;;https://cdn.dsmcdn.com/ty1941/prod/QC_PREP/20260714/11/42da5c28-a031-3122-918e-6eb12daa3569/1_org_zoom.jpg|https://cdn.dsmcdn.com/ty1913/prod/QC_PREP/20260714/11/a3c6a912-958c-367e-9abf-602757efdd52/1_org_zoom.jpg|https://cdn.dsmcdn.com/ty1923/prod/QC_PREP/20260714/11/5a0fa239-5c47-3e54-9f23-82f8432cd935/1_org_zoom.jpg|https://cdn.dsmcdn.com/ty1929/prod/QC_PREP/20260714/11/dc29b7e0-c656-3174-ba77-0e6f2c55e012/1_org_zoom.jpg|https://cdn.dsmcdn.com/ty1900/prod/QC_PREP/20260714/11/4fb79b6e-207f-3fec-80c0-18f472eb69ac/1_org_zoom.jpg;5;ok
179;daraz;179_daraz;https://www.daraz.pk/products/15-i478896021-s2246972650.html?c=&channelLpJumpArgs=&clickTrackInfo=query%253ADell%252BEcoLoop%252BPro%252BBackpack%253Bnid%253A478896021%253Bsrc%253ALazadaMainSrp%253Brn%253A16800e53b1c09d11a580d416fe5a409c%253Bregion%253Apk%253Bsku%253A478896021_PK%253Bprice%253A6118.98%253Bclient%253Adesktop%253Bsupplier_id%253A6005014101704%253Bsession_id%253A%253Bbiz_source%253Ah5_external%253Bslot%253A0%253Butlog_bucket_id%253A470687%253Basc_category_id%253A10002020%253Bitem_id%253A478896021%253Bsku_id%253A2246972650%253Bshop_id%253A681020%253BtemplateInfo%253A&freeshipping=0&fs_ab=1&fuse_fs=&lang=en&location=Sindh&price=6118.98&priceCompare=skuId%3A2246972650%3Bsource%3Alazada-search-voucher%3Bsn%3A16800e53b1c09d11a580d416fe5a409c%3BoriginPrice%3A611900%3BdisplayPrice%3A611900%3BisGray%3Afalse%3BsinglePromotionId%3A50000082479003%3BsingleToolCode%3ApromPrice%3BvoucherPricePlugin%3A0%3Btimestamp%3A1785684095272&ratingscore=4.791666666666667&request_id=16800e53b1c09d11a580d416fe5a409c&review=24&sale=106&search=1&source=search&spm=a2a0e.searchlist.list.0&stock=1;Dell EcoLoop Pro Backpack 15 Unisex Laptop Backpack - Black;Bag Street;Mode & Accessoires;Sacs à dos;6.149;PKR;;https://static-01.daraz.pk/p/d2f57c0ce4b0aaffa9f67dbc582542fd.jpg|https://youtu.be/g_hTGvZ6gJE?si=hdIm_r6es3GKm2ub|https://static-01.daraz.pk/p/320a5a9525496bb35b74c746e9762cce.jpg|https://static-01.daraz.pk/p/f471ffe1d3a13ef3c776def263f53c66.jpg|https://static-01.daraz.pk/p/d2bc75314e6a1df4ab7d1a874e6da43b.jpg|https://static-01.daraz.pk/p/210440abf7b33b7c1c207acca4850f9f.jpg|https://static-01.daraz.pk/p/40518e94e8f8d1f8a02a2d498f005c59.jpg|https://static-01.daraz.pk/p/093914966aee23f616c2b173d79cf12a.jpg|https://static-01.daraz.pk/p/68dd8685b8dbb14550770330a381bf01.jpg;9;ok
180;wildberries;180_wildberries;https://www.wildberries.ru/catalog/265448702/detail.aspx;Рюкзак 7K0E3AA Campus XL Tie dye Backpack;HP;Mode & Accessoires;Sacs à dos;4563;RUB;;https://basket-17.wbbasket.ru/vol2654/part265448/265448702/images/big/1.webp|https://basket-17.wbbasket.ru/vol2654/part265448/265448702/images/big/2.webp|https://basket-17.wbbasket.ru/vol2654/part265448/265448702/images/big/3.webp;3;ok
180;trendyol;180_trendyol;https://www.trendyol.com/hp/7j593aa-16-campus-xl-batik-desenli-sirt-cantasi-p-838037718;"HP 7J593Aa 16"" Campus XL Batik Patterned Backpack";HP;Mode & Accessoires;Sacs à dos;76.91;AED;;https://cdn.dsmcdn.com/ty1684/prod/QC/20250527/17/e71ae0d5-bf3c-348f-921f-70de7e4e34dd/1_org_zoom.jpg|https://cdn.dsmcdn.com/ty1685/prod/QC/20250527/17/a9672e42-cda9-3db6-9b07-a27cdbc721f2/1_org_zoom.jpg;2;ok
180;daraz;180_daraz;https://www.daraz.pk/products/hp-xl-i534393445-s2512496373.html?c=&channelLpJumpArgs=&clickTrackInfo=query%253AHP%252BCampus%252BBackpack%253Bnid%253A534393445%253Bsrc%253ALazadaMainSrp%253Brn%253Aee392847905a4cf3dcd3f3539dfb4469%253Bregion%253Apk%253Bsku%253A534393445_PK%253Bprice%253A23500%253Bclient%253Adesktop%253Bsupplier_id%253A19641%253Bsession_id%253A%253Bbiz_source%253Ah5_external%253Bslot%253A0%253Butlog_bucket_id%253A470687%253Basc_category_id%253A10002020%253Bitem_id%253A534393445%253Bsku_id%253A2512496373%253Bshop_id%253A104229%253BtemplateInfo%253A&freeshipping=0&fs_ab=1&fuse_fs=&lang=en&location=Islamabad&price=2.35E%204&priceCompare=skuId%3A2512496373%3Bsource%3Alazada-search-voucher%3Bsn%3Aee392847905a4cf3dcd3f3539dfb4469%3BoriginPrice%3A2350000%3BdisplayPrice%3A2350000%3BisGray%3Afalse%3BsinglePromotionId%3A-1%3BsingleToolCode%3A-1%3BvoucherPricePlugin%3A0%3Btimestamp%3A1785684826503&ratingscore=&request_id=ee392847905a4cf3dcd3f3539dfb4469&review=&sale=0&search=1&source=search&spm=a2a0e.searchlist.list.0&stock=1;HP Campus XL Backpack;HP;Mode & Accessoires;Sacs à dos;23.500;PKR;;https://static-01.daraz.pk/p/33e48db051cbeb35d4fedb06703f33fb.png|https://static-01.daraz.pk/p/7027a21bc06d73c22eb80331782a7184.jpg|https://static-01.daraz.pk/p/c1eb73b469400fbbbf08c513ccee447a.jpg|https://static-01.daraz.pk/p/781c3fcdf585ba65f11037b2fa2144c7.png|https://static-01.daraz.pk/p/586cad8376db7bff945b2f1888fdd198.png|https://static-01.daraz.pk/p/9a9a7690b2001c34d9c4217da3a9d1b3.png|https://static-01.daraz.pk/p/3a326ae0d98e14350ee94c32d7f33481.png|https://static-01.daraz.pk/p/bac6249d5af8a5c8981a6b51dc064fdc.png;8;ok
181;jumia;181_jumia;https://www.jumia.ma/lenovo-sac-a-dos-casual-eco-b210-16-68034269.html;Sac à dos Casual Eco  B210 16;Lenovo;Mode & Accessoires;Sacs à dos;290.00;MAD;♻️ Conception écoresponsable fabriquée avec des matériaux durables pour un usage quotidien plus respectueux de l’environnement.???? Compatible avec les ordinateurs portables jusqu’à 16 pouces grâce à son compartiment dédié et rembourré.???? Design léger et élégant adapté aux études, au travail et aux déplacements quotidiens.✅ Rangement pratique avec plusieurs compartiments permettant d’organiser facilement accessoires, documents et objets personnels.;https://ma.jumia.is/unsafe/fit-in/680x680/filters:fill(white)/product/96/243086/1.jpg?3404|https://ma.jumia.is/unsafe/fit-in/680x680/filters:fill(white)/product/96/243086/2.jpg?3404|https://ma.jumia.is/unsafe/fit-in/680x680/filters:fill(white)/product/96/243086/3.jpg?3404|https://ma.jumia.is/unsafe/fit-in/680x680/filters:fill(white)/product/96/243086/4.jpg?3404;4;ok
181;trendyol;181_trendyol;https://www.trendyol.com/lenovo/15-6-inch-laptop-casual-backpack-b210-gri-4x40t84058-p-794165266;LENOVO 15.6 inch Laptop Casual Backpack B210 Gray 4X40T84058;LENOVO;Mode & Accessoires;Sacs à dos;118.97;AED;;https://cdn.dsmcdn.com/ty1438/product/media/images/prod/QC/20240723/16/4bca162e-86cd-36ac-92a2-341af9a2cc0b/1_org_zoom.jpg|https://cdn.dsmcdn.com/ty1438/product/media/images/prod/QC/20240723/16/709fedc8-7513-3fce-bacb-3d58f24ad8b5/1_org_zoom.jpg|https://cdn.dsmcdn.com/ty1439/product/media/images/prod/QC/20240723/16/4b810b2f-1a95-32be-a61c-e7cd367f4909/1_org_zoom.jpg|https://cdn.dsmcdn.com/ty1439/product/media/images/prod/QC/20240723/16/001fc0ed-5b42-35f7-bb8b-124b9ba6516d/1_org_zoom.jpg|https://cdn.dsmcdn.com/ty1437/product/media/images/prod/QC/20240723/16/91143d77-52aa-3c04-8aab-68b2f4791546/1_org_zoom.jpg;5;ok
181;daraz;181_daraz;https://www.daraz.pk/products/b210-i125100395-s1282996525.html?c=&channelLpJumpArgs=&clickTrackInfo=query%253ALenovo%252BB210%252BCasual%252BBackpack%253Bnid%253A125100395%253Bsrc%253ALazadaMainSrp%253Brn%253Aec0fc727f483ee1bcd5cd453e090978b%253Bregion%253Apk%253Bsku%253A125100395_PK%253Bprice%253A3500%253Bclient%253Adesktop%253Bsupplier_id%253A1000595%253Bsession_id%253A%253Bbiz_source%253Ah5_external%253Bslot%253A1%253Butlog_bucket_id%253A470687%253Basc_category_id%253A10002020%253Bitem_id%253A125100395%253Bsku_id%253A1282996525%253Bshop_id%253A112207%253BtemplateInfo%253A-1_A3_C%2523&freeshipping=1&fs_ab=1&fuse_fs=&lang=en&location=Sindh&price=3.5E%203&priceCompare=skuId%3A1282996525%3Bsource%3Alazada-search-voucher%3Bsn%3Aec0fc727f483ee1bcd5cd453e090978b%3BoriginPrice%3A350000%3BdisplayPrice%3A350000%3BisGray%3Afalse%3BsinglePromotionId%3A-1%3BsingleToolCode%3A-1%3BvoucherPricePlugin%3A0%3Btimestamp%3A1785684973732&ratingscore=&request_id=ec0fc727f483ee1bcd5cd453e090978b&review=&sale=0&search=1&source=search&spm=a2a0e.searchlist.list.1&stock=0;Lenovo Laptop Backpack B210, fits for 15.6-Inch Laptop and Tablet, Sleek for Travel, Durable, Water-Repellent Fabric, Clean Design, Business Casual or College, for Men Women Students, BLACK;No Brand;Mode & Accessoires;Sacs à dos;3.500;PKR;"DURABLE DESIGN: Laptop backpack features a durable, water-repellent snow yarn polyester fabric and streamlined design with a padded interior to protect your laptop, notebook and other important stuff. COMFORTABLE FIT: This compact backpack has a quilted back panel and fully adjustable shoulder straps making it comfortable for all day use, plus a quick access front zippered pocket for extra storage. LAPTOP BACKPACK: Perfect for daily commuters, college students and all types of travelers; accommodates laptops up to 15.6 inches. CONVENIENT STORAGE: In addition to the laptop compartment, there are separate pockets for mobile devices, business cards, and other daily tools in quick-access compartments. The main compartment offers extra space for magazines, notepad and other laptop accessories. The Lenovo 15.6"" Casual Backpack B210 utilizes a water-repellent fabric and a clean, streamlined design to create a case that's perfectly suited to modern life. It offers an integrated laptop compartment comfortably that fits most laptops up to 15.6 inches, a range of internal pockets for those must-have accessories, and a spacious main compartment for books and other items. Casual and stylish design; High quality, durable and water repellant fabric; Large storage capacity – fits up to 15.6” laptops; Conveniently placed compartments and pockets Specifications of Brand No Brand SKU 125100395_PK-1282996525 laptop_size 15 انچ اور اس سے زیادہ Lock No Model B210 What’s in the box 1 x Lenovo Laptop Backpack B210, fits for 15.6-Inch Laptop and Tablet, Sleek for Travel, Durable, Water-Repellent Fabric, Clean Design, Business Casual or College, for Men Women Students, BLACK";https://static-01.daraz.pk/p/mdc/c64ac448c06b1eebf59afa41276aed8f.jpg|https://static-01.daraz.pk/p/da067db3c2c0069470c8177b160eb204.jpg|https://static-01.daraz.pk/p/mdc/f53289c9ee058163c2da9d2834eb0364.jpg|https://static-01.daraz.pk/p/mdc/2a204fea36e2650ffa36bcca06065090.jpg|https://static-01.daraz.pk/p/mdc/1f287a8351a1f6d505020a1969ca69b8.jpg;5;ok
182;jumia;182_jumia;https://www.jumia.ma/samsung-portable-ssd-t5-1-to-usb-3.1-type-c-disque-ssd-externe-haute-vitesse-67997455.html;Portable SSD T5 1 To USB 3.1 Type-C – Disque SSD Externe Haute Vitesse;Samsung;Informatique;SSD externes;2499.00;MAD;✅ Capacité de stockage 1 To✅ Vitesse de lecture jusqu'à 540 Mo/s✅ Technologie SSD ultra rapide✅ Connectivité USB Type-C✅ Compatible Windows, macOS, Android✅ Design compact et élégant✅ Boîtier métallique résistant aux chocs✅ Chiffrement matériel AES 256 bits✅ Idéal pour photos, vidéos, documents et sauvegardes✅ Format poche facile à transporter;https://ma.jumia.is/unsafe/fit-in/680x680/filters:fill(white)/product/55/479976/1.jpg?4816|https://ma.jumia.is/unsafe/fit-in/680x680/filters:fill(white)/product/55/479976/2.jpg?4816;2;ok
182;wildberries;182_wildberries;https://www.wildberries.ru/catalog/609940255/detail.aspx;Твердотельный накопитель Samsung MU-PC1T0H/WW;Samsung;Informatique;SSD externes;29945;RUB;;https://basket-30.wbbasket.ru/vol6099/part609940/609940255/images/big/1.webp|https://basket-30.wbbasket.ru/vol6099/part609940/609940255/images/big/2.webp|https://basket-30.wbbasket.ru/vol6099/part609940/609940255/images/big/3.webp|https://basket-30.wbbasket.ru/vol6099/part609940/609940255/images/big/4.webp|https://basket-30.wbbasket.ru/vol6099/part609940/609940255/images/big/5.webp|https://basket-30.wbbasket.ru/vol6099/part609940/609940255/images/big/6.webp|https://basket-30.wbbasket.ru/vol6099/part609940/609940255/images/big/7.webp|https://basket-30.wbbasket.ru/vol6099/part609940/609940255/images/big/8.webp|https://basket-30.wbbasket.ru/vol6099/part609940/609940255/images/big/9.webp|https://basket-30.wbbasket.ru/vol6099/part609940/609940255/images/big/10.webp|https://basket-30.wbbasket.ru/vol6099/part609940/609940255/images/big/11.webp|https://basket-30.wbbasket.ru/vol6099/part609940/609940255/images/big/12.webp|https://basket-30.wbbasket.ru/vol6099/part609940/609940255/images/big/13.webp;13;ok
182;daraz;182_daraz;https://www.daraz.pk/products/ssd-t7-500gb-mu-pc500hww-i455873296-s2159057623.html?c=&channelLpJumpArgs=&clickTrackInfo=query%253ASamsung%252BPortable%252BSSD%252BT5%253Bnid%253A455873296%253Bsrc%253ALazadaMainSrp%253Brn%253A473073d16f8c904bd96b036336aabc63%253Bregion%253Apk%253Bsku%253A455873296_PK%253Bprice%253A90750%253Bclient%253Adesktop%253Bsupplier_id%253A17844%253Bsession_id%253A%253Bbiz_source%253Ah5_external%253Bslot%253A0%253Butlog_bucket_id%253A470687%253Basc_category_id%253A10002893%253Bitem_id%253A455873296%253Bsku_id%253A2159057623%253Bshop_id%253A102482%253BtemplateInfo%253A&freeshipping=0&fs_ab=1&fuse_fs=&lang=en&location=Sindh&price=9.075E%204&priceCompare=skuId%3A2159057623%3Bsource%3Alazada-search-voucher%3Bsn%3A473073d16f8c904bd96b036336aabc63%3BoriginPrice%3A9075000%3BdisplayPrice%3A9075000%3BisGray%3Afalse%3BsinglePromotionId%3A-1%3BsingleToolCode%3A-1%3BvoucherPricePlugin%3A0%3Btimestamp%3A1785686429139&ratingscore=&request_id=473073d16f8c904bd96b036336aabc63&review=&sale=0&search=1&source=search&spm=a2a0e.searchlist.list.0&stock=1;Samsung Portable SSD T7 500GB, Blue MU-PC500H/WW;No Brand;Informatique;SSD externes;90.750;PKR;;https://static-01.daraz.pk/p/bdc22b4fef6976ba9eced0c3c67ce372.jpg|https://static-01.daraz.pk/p/c4d10df5acee39a0a023955abc056615.jpg|https://static-01.daraz.pk/p/79f4807b519f2489abc0f3e8eebc8bfd.jpg|https://static-01.daraz.pk/p/6bd91d2a755ac5b8f1806fd89f33c95c.jpg;4;ok
183;jumia;183_jumia;https://www.jumia.ma/samsung-t7-shield-2tb-antichoc-original-portable-ssd-up-to-1050mbs-usb-3.2-gen2-ip65-rated-61941935.html;T7 Shield 2TB Antichoc, Original Portable SSD, up to 1050MB/s, USB 3.2 Gen2 , IP65 Rated;Samsung;Informatique;SSD externes;4190.00;MAD;Capacité 2TBVitesses fulgurantes: Lecture jusqu'à 1 050 Mo/s, écriture jusqu'à 1 000 Mo/sUltra résistant: IP65 résistance à l'eau, à la poussière et aux chutes de 3mInterface: USB 3.2 Gen 2 (Jusqu'à 10 Gops) rétro-compatibleCompatibilité: Mac, PC, appareils Android, consoles de jeux et bien plus;https://ma.jumia.is/unsafe/fit-in/680x680/filters:fill(white)/product/53/914916/1.jpg?4062|https://ma.jumia.is/unsafe/fit-in/680x680/filters:fill(white)/product/53/914916/2.jpg?4062|https://ma.jumia.is/unsafe/fit-in/680x680/filters:fill(white)/product/53/914916/3.jpg?4062|https://ma.jumia.is/unsafe/fit-in/680x680/filters:fill(white)/product/53/914916/4.jpg?0587|https://ma.jumia.is/unsafe/fit-in/680x680/filters:fill(white)/product/53/914916/5.jpg?0587|https://ma.jumia.is/unsafe/fit-in/680x680/filters:fill(white)/product/53/914916/6.jpg?0587|https://ma.jumia.is/unsafe/fit-in/680x680/filters:fill(white)/product/53/914916/7.jpg?0587|https://ma.jumia.is/unsafe/fit-in/680x680/filters:fill(white)/product/53/914916/8.jpg?0587;8;ok
183;wildberries;183_wildberries;https://www.wildberries.ru/catalog/1037593430/detail.aspx;6 ТБ Внешний SSD-накопитель Samsung T7 Portable USB 3.1;Samsung;Informatique;SSD externes;3193;RUB;;https://basket-42.wbbasket.ru/vol10375/part1037593/1037593430/images/big/1.webp|https://basket-42.wbbasket.ru/vol10375/part1037593/1037593430/images/big/2.webp|https://basket-42.wbbasket.ru/vol10375/part1037593/1037593430/images/big/3.webp|https://basket-42.wbbasket.ru/vol10375/part1037593/1037593430/images/big/4.webp|https://basket-42.wbbasket.ru/vol10375/part1037593/1037593430/images/big/5.webp|https://basket-42.wbbasket.ru/vol10375/part1037593/1037593430/images/big/6.webp|https://basket-42.wbbasket.ru/vol10375/part1037593/1037593430/images/big/7.webp|https://basket-42.wbbasket.ru/vol10375/part1037593/1037593430/images/big/8.webp|https://basket-42.wbbasket.ru/vol10375/part1037593/1037593430/images/big/9.webp|https://basket-42.wbbasket.ru/vol10375/part1037593/1037593430/images/big/10.webp|https://basket-42.wbbasket.ru/vol10375/part1037593/1037593430/images/big/11.webp|https://basket-42.wbbasket.ru/vol10375/part1037593/1037593430/images/big/12.webp;12;ok
183;daraz;183_daraz;https://www.daraz.pk/products/ssd-t7-usb-32-2tb-i455874434-s2159081346.html?c=&channelLpJumpArgs=&clickTrackInfo=query%253ASamsung%252BPortable%252BSSD%252BT7%253Bnid%253A455874434%253Bsrc%253ALazadaMainSrp%253Brn%253A876bce0b23143c9873c8972ed8af3968%253Bregion%253Apk%253Bsku%253A455874434_PK%253Bprice%253A227750%253Bclient%253Adesktop%253Bsupplier_id%253A17844%253Bsession_id%253A%253Bbiz_source%253Ah5_external%253Bslot%253A4%253Butlog_bucket_id%253A470687%253Basc_category_id%253A10002893%253Bitem_id%253A455874434%253Bsku_id%253A2159081346%253Bshop_id%253A102482%253BtemplateInfo%253A&freeshipping=0&fs_ab=1&fuse_fs=&lang=en&location=Sindh&price=2.2775E%205&priceCompare=skuId%3A2159081346%3Bsource%3Alazada-search-voucher%3Bsn%3A876bce0b23143c9873c8972ed8af3968%3BoriginPrice%3A22775000%3BdisplayPrice%3A22775000%3BisGray%3Afalse%3BsinglePromotionId%3A-1%3BsingleToolCode%3A-1%3BvoucherPricePlugin%3A0%3Btimestamp%3A1785686530584&ratingscore=&request_id=876bce0b23143c9873c8972ed8af3968&review=&sale=0&search=1&source=search&spm=a2a0e.searchlist.list.4&stock=1;Samsung Portable SSD T7 Shield USB 3.2 2TB (Black);No Brand;Informatique;SSD externes;227.750;PKR;;https://static-01.daraz.pk/p/1e8dc6ce24378497c374d7f8a87323e8.jpg|https://static-01.daraz.pk/p/93923a36956b998bc4bd778044a25f91.jpg|https://static-01.daraz.pk/p/98ee7ffadab472781b3573635e816e58.jpg|https://static-01.daraz.pk/p/78823d81a85acd65cddcddcf12e24f86.jpg;4;ok
184;wildberries;184_wildberries;https://www.wildberries.ru/catalog/608737265/detail.aspx;Внешний SSD диск Extreme 1.0 TB USB 3.1 Black;SANDISK;Informatique;SSD externes;20429;RUB;;https://basket-30.wbbasket.ru/vol6087/part608737/608737265/images/big/1.webp|https://basket-30.wbbasket.ru/vol6087/part608737/608737265/images/big/2.webp|https://basket-30.wbbasket.ru/vol6087/part608737/608737265/images/big/3.webp;3;ok
184;daraz;184_daraz;https://www.daraz.pk/products/ssd-2tb-i206654942-s1411290096.html?c=&channelLpJumpArgs=&clickTrackInfo=query%253ASanDisk%252BExtreme%252BPortable%252BSSD%252BV2%253Bnid%253A206654942%253Bsrc%253ALazadaMainSrp%253Brn%253Aa3bddb1f3f5b6a0ea425550e091f5081%253Bregion%253Apk%253Bsku%253A206654942_PK%253Bprice%253A89999%253Bclient%253Adesktop%253Bsupplier_id%253A6005010273012%253Bsession_id%253A%253Bbiz_source%253Ah5_external%253Bslot%253A0%253Butlog_bucket_id%253A470687%253Basc_category_id%253A10002893%253Bitem_id%253A206654942%253Bsku_id%253A1411290096%253Bshop_id%253A329766%253BtemplateInfo%253A&freeshipping=0&fs_ab=1&fuse_fs=&lang=en&location=Punjab&price=89999&priceCompare=skuId%3A1411290096%3Bsource%3Alazada-search-voucher%3Bsn%3Aa3bddb1f3f5b6a0ea425550e091f5081%3BoriginPrice%3A8999900%3BdisplayPrice%3A8999900%3BisGray%3Afalse%3BsinglePromotionId%3A-1%3BsingleToolCode%3A-1%3BvoucherPricePlugin%3A0%3Btimestamp%3A1785686670631&ratingscore=5.0&request_id=a3bddb1f3f5b6a0ea425550e091f5081&review=1&sale=2&search=1&source=search&spm=a2a0e.searchlist.list.0&stock=1;SanDisk Extreme Portable SSD - 2TB;No Brand;Informatique;SSD externes;89.999;PKR;;https://static-01.daraz.pk/p/7f83814cb2bf97eba7442588772701dc.jpg|https://www.youtube.com/watch?v=on0B70waoM8&feature=emb_logo|https://static-01.daraz.pk/p/aecce555696690775fbaa1d0b33104a9.png|https://static-01.daraz.pk/p/6dbd5a79e863e0fffcdae06808c2d324.jpg|https://static-01.daraz.pk/p/6af45429a8244ee7c773c870252ad01a.jpg|https://static-01.daraz.pk/p/0e878b89179defc0053649599c9215d8.png|https://static-01.daraz.pk/p/f4437864105eba28f1df8c70e96e4ea4.png;7;ok
185;wildberries;185_wildberries;https://www.wildberries.ru/catalog/766028187/detail.aspx;WD My Passport 1 ТБ черный защита от вирусов пароль USB 3.1;;Informatique;SSD externes;13626;RUB;;https://basket-35.wbbasket.ru/vol7660/part766028/766028187/images/big/1.webp|https://basket-35.wbbasket.ru/vol7660/part766028/766028187/images/big/2.webp|https://basket-35.wbbasket.ru/vol7660/part766028/766028187/images/big/3.webp|https://basket-35.wbbasket.ru/vol7660/part766028/766028187/images/big/4.webp|https://basket-35.wbbasket.ru/vol7660/part766028/766028187/images/big/5.webp;5;ok
185;daraz;185_daraz;https://www.daraz.pk/products/2tb-i383832962-s1885647287.html?c=&channelLpJumpArgs=&clickTrackInfo=query%253AWD%252BMy%252BPassport%252BSSD%253Bnid%253A383832962%253Bsrc%253ALazadaMainSrp%253Brn%253A40b05af89d796f04de00f413f1bce927%253Bregion%253Apk%253Bsku%253A383832962_PK%253Bprice%253A20120%253Bclient%253Adesktop%253Bsupplier_id%253A1124351%253Bsession_id%253A%253Bbiz_source%253Ah5_external%253Bslot%253A3%253Butlog_bucket_id%253A470687%253Basc_category_id%253A91%253Bitem_id%253A383832962%253Bsku_id%253A1885647287%253Bshop_id%253A234168%253BtemplateInfo%253A&freeshipping=0&fs_ab=1&fuse_fs=&lang=en&location=Punjab&price=2.012E%204&priceCompare=skuId%3A1885647287%3Bsource%3Alazada-search-voucher%3Bsn%3A40b05af89d796f04de00f413f1bce927%3BoriginPrice%3A2012000%3BdisplayPrice%3A2012000%3BisGray%3Afalse%3BsinglePromotionId%3A-1%3BsingleToolCode%3A-1%3BvoucherPricePlugin%3A0%3Btimestamp%3A1785686847629&qSellingPoint=p--my%20passport___b--wd___p--ssd&ratingscore=&request_id=40b05af89d796f04de00f413f1bce927&review=&sale=0&search=1&source=search&spm=a2a0e.searchlist.list.3&stock=1;Western Digital My Pass port Upto 2TB External Portable Hard Drive;No Brand;Informatique;SSD externes;20.120;PKR;;https://static-01.daraz.pk/p/4386f60e7c66787dc14e1b7a080da9b1.jpg|https://static-01.daraz.pk/p/cb7280be2aa4345000a4590d6cd733e7.jpg|https://static-01.daraz.pk/p/e9331a7e5d6d07a5f11e7ba8fa1f7023.jpg|https://static-01.daraz.pk/p/4b9986fca6ab1bfdab564a76d2c86a7a.jpg|https://static-01.daraz.pk/p/a64cf1b735ac1839c4211bee1d85bb07.jpg|https://static-01.daraz.pk/p/8261ca261f5d6347607d9b71dd46b9af.jpg|https://static-01.daraz.pk/p/3053de61187e9d086229df932a4c4f9f.jpg|https://static-01.daraz.pk/p/2bbd8f0c79a8c3a444a5b4d70070f478.jpg|https://static-01.daraz.pk/p/d3bc7afc851cbcdc87d3ed904b6048ef.jpg;9;ok
186;wildberries;186_wildberries;https://www.wildberries.ru/catalog/540047730/detail.aspx;Внешний жесткий диск One Touch 500Gb, черный;seagate;Informatique;SSD externes;4523;RUB;;https://basket-28.wbbasket.ru/vol5400/part540047/540047730/images/big/1.webp|https://basket-28.wbbasket.ru/vol5400/part540047/540047730/images/big/2.webp|https://basket-28.wbbasket.ru/vol5400/part540047/540047730/images/big/3.webp|https://basket-28.wbbasket.ru/vol5400/part540047/540047730/images/big/4.webp|https://basket-28.wbbasket.ru/vol5400/part540047/540047730/images/big/5.webp;5;ok
186;daraz;186_daraz;https://www.daraz.pk/products/1tb-stkb1000400-i479981172-s2252657915.html?c=&channelLpJumpArgs=&clickTrackInfo=query%253ASeagate%252BOne%252BTouch%252BSSD%253Bnid%253A479981172%253Bsrc%253ALazadaMainSrp%253Brn%253A7d00b273b2dfe9ffbff902b90c39107c%253Bregion%253Apk%253Bsku%253A479981172_PK%253Bprice%253A53250%253Bclient%253Adesktop%253Bsupplier_id%253A17844%253Bsession_id%253A%253Bbiz_source%253Ah5_external%253Bslot%253A0%253Butlog_bucket_id%253A470687%253Basc_category_id%253A91%253Bitem_id%253A479981172%253Bsku_id%253A2252657915%253Bshop_id%253A102482%253BtemplateInfo%253A&freeshipping=0&fs_ab=1&fuse_fs=&lang=en&location=Sindh&price=5.325E%204&priceCompare=skuId%3A2252657915%3Bsource%3Alazada-search-voucher%3Bsn%3A7d00b273b2dfe9ffbff902b90c39107c%3BoriginPrice%3A5325000%3BdisplayPrice%3A5325000%3BisGray%3Afalse%3BsinglePromotionId%3A-1%3BsingleToolCode%3A-1%3BvoucherPricePlugin%3A0%3Btimestamp%3A1785687189855&ratingscore=&request_id=7d00b273b2dfe9ffbff902b90c39107c&review=&sale=0&search=1&source=search&spm=a2a0e.searchlist.list.0&stock=1;Seagate One Touch 1TB External Portable Hard Drive | STKB1000400 - Black;No Brand;Informatique;SSD externes;53.250;PKR;;https://static-01.daraz.pk/p/b3c40d998f18e36aeceb7587d1125e86.jpg|https://static-01.daraz.pk/p/f54a54219decc03a0dff9d78aca36f84.jpg|https://static-01.daraz.pk/p/553412864761b230324a5f7f9637371d.jpg|https://static-01.daraz.pk/p/1f6b568ac52e43f2c495acb3f24b2fdb.jpg;4;ok
187;wildberries;187_wildberries;https://www.wildberries.ru/catalog/321473292/detail.aspx;Внешний SSD 512GB SE760 USB 3.2 Gen 2 Type-C титан;ADATA;Informatique;SSD externes;12671;RUB;;https://basket-19.wbbasket.ru/vol3214/part321473/321473292/images/big/1.webp|https://basket-19.wbbasket.ru/vol3214/part321473/321473292/images/big/2.webp|https://basket-19.wbbasket.ru/vol3214/part321473/321473292/images/big/3.webp|https://basket-19.wbbasket.ru/vol3214/part321473/321473292/images/big/4.webp|https://basket-19.wbbasket.ru/vol3214/part321473/321473292/images/big/5.webp|https://basket-19.wbbasket.ru/vol3214/part321473/321473292/images/big/6.webp|https://basket-19.wbbasket.ru/vol3214/part321473/321473292/images/big/7.webp|https://basket-19.wbbasket.ru/vol3214/part321473/321473292/images/big/8.webp|https://basket-19.wbbasket.ru/vol3214/part321473/321473292/images/big/9.webp|https://basket-19.wbbasket.ru/vol3214/part321473/321473292/images/big/10.webp|https://basket-19.wbbasket.ru/vol3214/part321473/321473292/images/big/11.webp;11;ok
187;daraz;187_daraz;https://www.daraz.pk/products/se760-1tb-2tb-usb-32-2-usb-c-ssd-i417602765-s1980573650.html?c=&channelLpJumpArgs=&clickTrackInfo=query%253AADATA%252BSE760%253Bnid%253A417602765%253Bsrc%253ALazadaMainSrp%253Brn%253A7d8896c8bfd913e74d92a1293cfc0000%253Bregion%253Apk%253Bsku%253A417602765_PK%253Bprice%253A32450%253Bclient%253Adesktop%253Bsupplier_id%253A26973%253Bsession_id%253A%253Bbiz_source%253Ah5_external%253Bslot%253A0%253Butlog_bucket_id%253A470687%253Basc_category_id%253A91%253Bitem_id%253A417602765%253Bsku_id%253A1980573650%253Bshop_id%253A111451%253BtemplateInfo%253A&freeshipping=0&fs_ab=1&fuse_fs=&lang=en&location=Islamabad&price=3.245E%204&priceCompare=skuId%3A1980573650%3Bsource%3Alazada-search-voucher%3Bsn%3A7d8896c8bfd913e74d92a1293cfc0000%3BoriginPrice%3A3245000%3BdisplayPrice%3A3245000%3BisGray%3Afalse%3BsinglePromotionId%3A-1%3BsingleToolCode%3A-1%3BvoucherPricePlugin%3A0%3Btimestamp%3A1785687280760&ratingscore=&request_id=7d8896c8bfd913e74d92a1293cfc0000&review=&sale=0&search=1&source=search&spm=a2a0e.searchlist.list.0&stock=1;Adata Elite SE760 Ultra Fast 1TB 2TB USB 3.2 Gen 2 USB-C External SSD;No Brand;Informatique;SSD externes;32.450;PKR;;https://static-01.daraz.pk/p/0bca53d8b2fb739b2859d63ebef41637.jpg|https://static-01.daraz.pk/p/e6185121f3f2ce797b7f12f3167d4457.jpg|https://static-01.daraz.pk/p/e1cfc411be109125993b2fede7857baa.jpg|https://static-01.daraz.pk/p/025fd9e0d01c131f294ce3017871b2c3.jpg|https://static-01.daraz.pk/p/752a42a60513ded7db4d6412650207f9.jpg|https://static-01.daraz.pk/p/5f6507846c721893042a70ef8e18e066.jpg|https://static-01.daraz.pk/p/90dad85be928de6031fe9afd4dd2ec4e.jpg;7;ok
188;jumia;188_jumia;https://www.jumia.ma/adata-se880-ssd-externe-4to-gris-68098580.html;Se880 ssd externe 4to gris;ADATA;Informatique;SSD externes;8122.00;MAD;"• Marque : ADATA, modèle SE880
• Capacité de stockage : 4 To
• Format : SSD externe portable
• Coloris : Gris
• Produit original vendu par Coin Des Prix
• Livraison disponible partout au Maroc";https://ma.jumia.is/unsafe/fit-in/680x680/filters:fill(white)/product/08/589086/1.jpg?4397|https://ma.jumia.is/unsafe/fit-in/680x680/filters:fill(white)/product/08/589086/2.jpg?4397|https://ma.jumia.is/unsafe/fit-in/680x680/filters:fill(white)/product/08/589086/3.jpg?4397|https://ma.jumia.is/unsafe/fit-in/680x680/filters:fill(white)/product/08/589086/4.jpg?4397|https://ma.jumia.is/unsafe/fit-in/680x680/filters:fill(white)/product/08/589086/5.jpg?4397|https://ma.jumia.is/unsafe/fit-in/680x680/filters:fill(white)/product/08/589086/6.jpg?4397|https://ma.jumia.is/unsafe/fit-in/680x680/filters:fill(white)/product/08/589086/7.jpg?4397;7;ok
188;wildberries;188_wildberries;https://www.wildberries.ru/catalog/761241870/detail.aspx;Внешний SSD SE880, 2 ТБ, USB 3.2 Gen2 Type-C, серый;ADATA;Informatique;SSD externes;22807;RUB;;https://basket-35.wbbasket.ru/vol7612/part761241/761241870/images/big/1.webp|https://basket-35.wbbasket.ru/vol7612/part761241/761241870/images/big/2.webp|https://basket-35.wbbasket.ru/vol7612/part761241/761241870/images/big/3.webp|https://basket-35.wbbasket.ru/vol7612/part761241/761241870/images/big/4.webp|https://basket-35.wbbasket.ru/vol7612/part761241/761241870/images/big/5.webp|https://basket-35.wbbasket.ru/vol7612/part761241/761241870/images/big/6.webp|https://basket-35.wbbasket.ru/vol7612/part761241/761241870/images/big/7.webp|https://basket-35.wbbasket.ru/vol7612/part761241/761241870/images/big/8.webp|https://basket-35.wbbasket.ru/vol7612/part761241/761241870/images/big/9.webp|https://basket-35.wbbasket.ru/vol7612/part761241/761241870/images/big/10.webp|https://basket-35.wbbasket.ru/vol7612/part761241/761241870/images/big/11.webp|https://basket-35.wbbasket.ru/vol7612/part761241/761241870/images/big/12.webp;12;ok
188;daraz;188_daraz;https://www.daraz.pk/products/tb-1-se880-usb-32-2x2-c-i477622182-s2240067464.html?c=&channelLpJumpArgs=&clickTrackInfo=query%253AADATA%252BSe880%253Bnid%253A477622182%253Bsrc%253ALazadaMainSrp%253Brn%253Afc0b31a9cd68abd012118bd028896729%253Bregion%253Apk%253Bsku%253A477622182_PK%253Bprice%253A60750%253Bclient%253Adesktop%253Bsupplier_id%253A17844%253Bsession_id%253A%253Bbiz_source%253Ah5_external%253Bslot%253A2%253Butlog_bucket_id%253A470687%253Basc_category_id%253A10002893%253Bitem_id%253A477622182%253Bsku_id%253A2240067464%253Bshop_id%253A102482%253BtemplateInfo%253A&freeshipping=0&fs_ab=1&fuse_fs=&lang=en&location=Sindh&price=6.075E%204&priceCompare=skuId%3A2240067464%3Bsource%3Alazada-search-voucher%3Bsn%3Afc0b31a9cd68abd012118bd028896729%3BoriginPrice%3A6075000%3BdisplayPrice%3A6075000%3BisGray%3Afalse%3BsinglePromotionId%3A-1%3BsingleToolCode%3A-1%3BvoucherPricePlugin%3A0%3Btimestamp%3A1785687690460&ratingscore=&request_id=fc0b31a9cd68abd012118bd028896729&review=&sale=0&search=1&source=search&spm=a2a0e.searchlist.list.2&stock=1;ADATA Elite SE880 1TB External Solid State Drive USB 3.2 Gen 2 x 2 Type-C;No Brand;Informatique;SSD externes;60.750;PKR;;https://static-01.daraz.pk/p/eca51cb97644a0949c2bfe706f8f76f1.jpg|https://static-01.daraz.pk/p/cce7d8002b86a500f0f0d698e0fcf0fc.jpg|https://static-01.daraz.pk/p/95048b74bf87ea47b4e01ad9ae46b88c.jpg|https://static-01.daraz.pk/p/850f83e2b11532ff9de9003877c90bfe.jpg;4;ok
189;wildberries;189_wildberries;https://www.wildberries.ru/catalog/1281269155/detail.aspx;Жесткий диск Transcend Портативный, модель SSD ESD260C;Transcend;Informatique;SSD externes;19667;RUB;;https://basket-45.wbbasket.ru/vol12812/part1281269/1281269155/images/big/1.webp|https://basket-45.wbbasket.ru/vol12812/part1281269/1281269155/images/big/2.webp|https://basket-45.wbbasket.ru/vol12812/part1281269/1281269155/images/big/3.webp;3;ok
189;trendyol;189_trendyol;https://www.trendyol.com/pd/transcend/esd260c-500gb-usb-3-2-gen-2-type-c-harici-ssd-p-645245622;;;Informatique;SSD externes;410.8;AED;;https://cdn.dsmcdn.com/mnresize/300/-/sfweb/images/ae.png|https://cdn.dsmcdn.com/sfweb-checkout/images/basket-icon_1751630173674.png|https://cdn.dsmcdn.com/mobile/international/PaymentLogo/Mastercard3x.png|https://cdn.dsmcdn.com/mobile/international/PaymentLogo/Visa3x.png|https://cdn.dsmcdn.com/mobile/international/PaymentLogo/Applepay3x.png|https://cdn.dsmcdn.com/mobile/international/PaymentLogo/tamara_logo_en.png|https://cdn.dsmcdn.com/mobile/international/PaymentLogo/Tabby_Basket_new.png|https://cdn.dsmcdn.com/mobile/international/PaymentLogo/cod-v4.png;8;ok
189;daraz;189_daraz;https://www.daraz.pk/products/esd260c-1tb-ssd-usb-31-2-c-3d-nand-i455876104-s2159062746.html?c=&channelLpJumpArgs=&clickTrackInfo=query%253ATranscend%252BESD260C%253Bnid%253A455876104%253Bsrc%253ALazadaMainSrp%253Brn%253A9fbd54441b8386aa3c7eea8b6d980018%253Bregion%253Apk%253Bsku%253A455876104_PK%253Bprice%253A105750%253Bclient%253Adesktop%253Bsupplier_id%253A17844%253Bsession_id%253A%253Bbiz_source%253Ah5_external%253Bslot%253A0%253Butlog_bucket_id%253A470687%253Basc_category_id%253A10002893%253Bitem_id%253A455876104%253Bsku_id%253A2159062746%253Bshop_id%253A102482%253BtemplateInfo%253A&freeshipping=0&fs_ab=1&fuse_fs=&lang=en&location=Sindh&price=1.0575E%205&priceCompare=skuId%3A2159062746%3Bsource%3Alazada-search-voucher%3Bsn%3A9fbd54441b8386aa3c7eea8b6d980018%3BoriginPrice%3A10575000%3BdisplayPrice%3A10575000%3BisGray%3Afalse%3BsinglePromotionId%3A-1%3BsingleToolCode%3A-1%3BvoucherPricePlugin%3A0%3Btimestamp%3A1785687893116&ratingscore=&request_id=9fbd54441b8386aa3c7eea8b6d980018&review=&sale=0&search=1&source=search&spm=a2a0e.searchlist.list.0&stock=1;Transcend ESD260C 1TB Portable SSD USB 3.1 Gen 2 Type-C 3D NAND Flash;No Brand;Informatique;SSD externes;105.750;PKR;;https://static-01.daraz.pk/p/0d2071085bdd20a6dcfd7ef015260236.jpg|https://static-01.daraz.pk/p/496c64e7797ba058c20ac4ebd5da911a.jpg|https://static-01.daraz.pk/p/f43f09650b0ec74388758af0a57cdcb4.jpg|https://static-01.daraz.pk/p/82d91293e8861707440a7c92ff9523b7.jpg;4;ok
190;wildberries;190_wildberries;https://www.wildberries.ru/catalog/1266428064/detail.aspx;Жесткий диск SSD внешний TS1TESD270C, 1 TB, USB-C;Transcend;Informatique;SSD externes;19631;RUB;;https://basket-44.wbbasket.ru/vol12664/part1266428/1266428064/images/big/1.webp|https://basket-44.wbbasket.ru/vol12664/part1266428/1266428064/images/big/2.webp|https://basket-44.wbbasket.ru/vol12664/part1266428/1266428064/images/big/3.webp|https://basket-44.wbbasket.ru/vol12664/part1266428/1266428064/images/big/4.webp|https://basket-44.wbbasket.ru/vol12664/part1266428/1266428064/images/big/5.webp;5;ok
190;trendyol;190_trendyol;https://www.trendyol.com/pd/transcend/esd270c-500gb-2-5-usb-3-1-gen2-harici-disk-ssd-p-645247626;;;Informatique;SSD externes;409.73;AED;;https://cdn.dsmcdn.com/mnresize/300/-/sfweb/images/ae.png|https://cdn.dsmcdn.com/sfweb-checkout/images/basket-icon_1751630173674.png|https://cdn.dsmcdn.com/mobile/international/PaymentLogo/Mastercard3x.png|https://cdn.dsmcdn.com/mobile/international/PaymentLogo/Visa3x.png|https://cdn.dsmcdn.com/mobile/international/PaymentLogo/Applepay3x.png|https://cdn.dsmcdn.com/mobile/international/PaymentLogo/tamara_logo_en.png|https://cdn.dsmcdn.com/mobile/international/PaymentLogo/Tabby_Basket_new.png|https://cdn.dsmcdn.com/mobile/international/PaymentLogo/cod-v4.png;8;ok
190;daraz;190_daraz;https://www.daraz.pk/products/esd270c-1tb-usb-31-gen-2-ssd-ts1tesd270c-c-i455866679-s2159102544.html?c=&channelLpJumpArgs=&clickTrackInfo=query%253ATranscend%252BESD270C%253Bnid%253A455866679%253Bsrc%253ALazadaMainSrp%253Brn%253A815b95674a46f4b43954cb05bfdb8f8c%253Bregion%253Apk%253Bsku%253A455866679_PK%253Bprice%253A57750%253Bclient%253Adesktop%253Bsupplier_id%253A17844%253Bsession_id%253A%253Bbiz_source%253Ah5_external%253Bslot%253A5%253Butlog_bucket_id%253A470687%253Basc_category_id%253A10002893%253Bitem_id%253A455866679%253Bsku_id%253A2159102544%253Bshop_id%253A102482%253BtemplateInfo%253A&freeshipping=0&fs_ab=1&fuse_fs=&lang=en&location=Sindh&price=5.775E%204&priceCompare=skuId%3A2159102544%3Bsource%3Alazada-search-voucher%3Bsn%3A815b95674a46f4b43954cb05bfdb8f8c%3BoriginPrice%3A5775000%3BdisplayPrice%3A5775000%3BisGray%3Afalse%3BsinglePromotionId%3A-1%3BsingleToolCode%3A-1%3BvoucherPricePlugin%3A0%3Btimestamp%3A1785688677111&ratingscore=&request_id=815b95674a46f4b43954cb05bfdb8f8c&review=&sale=0&search=1&source=search&spm=a2a0e.searchlist.list.5&stock=1;Transcend ESD270C 1TB USB 3.1 Gen 2 Portable SSD TS1TESD270C Type-C;No Brand;Informatique;SSD externes;57.750;PKR;;https://static-01.daraz.pk/p/40e3166a4d7f6e1116a6c9492006dd35.jpg|https://static-01.daraz.pk/p/d232338494f761d313d25a57c8837194.jpg|https://static-01.daraz.pk/p/8ee64775b0e519d2f5f0064cec374c4e.jpg|https://static-01.daraz.pk/p/1f866c57a2d1691cda801aef3c2bf128.jpg;4;ok
191;jumia;191_jumia;https://www.jumia.ma/lexar-disque-dur-sl300-ssd-portable-externe-usb-3.2-gen-2-2-to-68171108.html;DISQUE DUR SL300 SSD Portable Externe USB 3.2 Gen 2 – 2 To;Lexar;Informatique;SSD externes;3500.00;MAD;* Capacité de stockage : 2 To* Interface USB 3.2 Gen 2 haute vitesse* Vitesse de lecture jusqu’à 1050 Mo/s* Vitesse d’écriture jusqu’à 1000 Mo/s* Résistant aux chutes jusqu’à 2 mètres* Format compact, léger et facile à transporter* Compatible avec Windows, macOS, Linux, Android et iOS* Idéal pour les sauvegardes, le montage vidéo, les photos et les jeux* Technologie SSD fiable, silencieuse et économe en énergie;https://ma.jumia.is/unsafe/fit-in/680x680/filters:fill(white)/product/80/117186/1.jpg?6608|https://ma.jumia.is/unsafe/fit-in/680x680/filters:fill(white)/product/80/117186/2.jpg?6608|https://ma.jumia.is/unsafe/fit-in/680x680/filters:fill(white)/product/80/117186/3.jpg?6608;3;ok
191;wildberries;191_wildberries;https://www.wildberries.ru/catalog/1199796462/detail.aspx;Внешний SSD диск 1TB SL300 Чёрный;lexar;Informatique;SSD externes;21122;RUB;;https://basket-44.wbbasket.ru/vol11997/part1199796/1199796462/images/big/1.webp|https://basket-44.wbbasket.ru/vol11997/part1199796/1199796462/images/big/2.webp|https://basket-44.wbbasket.ru/vol11997/part1199796/1199796462/images/big/3.webp|https://basket-44.wbbasket.ru/vol11997/part1199796/1199796462/images/big/4.webp;4;ok
191;daraz;191_daraz;https://www.daraz.pk/products/sl500-2000-mbs-ssd-1tb-2-i794897611-s3660039865.html?c=&channelLpJumpArgs=&clickTrackInfo=query%253ALexar%252BSL500%252BSSD%252B2%253Bnid%253A794897611%253Bsrc%253ALazadaMainSrp%253Brn%253A3118215563c83d0af5158491c4f65c1c%253Bregion%253Apk%253Bsku%253A794897611_PK%253Bprice%253A36750%253Bclient%253Adesktop%253Bsupplier_id%253A6005012838419%253Bsession_id%253A%253Bbiz_source%253Ah5_external%253Bslot%253A0%253Butlog_bucket_id%253A470687%253Basc_category_id%253A10002893%253Bitem_id%253A794897611%253Bsku_id%253A3660039865%253Bshop_id%253A483828%253BtemplateInfo%253A-1_A3_C%2523&freeshipping=0&fs_ab=1&fuse_fs=&lang=en&location=Sindh&price=3.675E%204&priceCompare=skuId%3A3660039865%3Bsource%3Alazada-search-voucher%3Bsn%3A3118215563c83d0af5158491c4f65c1c%3BoriginPrice%3A3675000%3BdisplayPrice%3A3675000%3BisGray%3Afalse%3BsinglePromotionId%3A-1%3BsingleToolCode%3AmockedSalePrice%3BvoucherPricePlugin%3A0%3Btimestamp%3A1785688435059&ratingscore=&request_id=3118215563c83d0af5158491c4f65c1c&review=&sale=0&search=1&source=search&spm=a2a0e.searchlist.list.0&stock=0;Lexar SL500 2000MB/s Portable SSD 1TB 2-Years Warranty;Lexar;Informatique;SSD externes;36.750;PKR;"Specifications Capacity 1TB Interface USB 3.2 Gen2x2 Transfer Speed Speed up to 2000MB/s read, up to 1800MB/s write1 Operating Temperature 0°~50°C (32°F to 122°F) Storage Temperature -10°C~70°C (-1°F to 158°F) Dimension (LxWxH) Magnetic Set: 89.5mm x 59mm x 13.6mm/3.5” X 2.3” X 0.5”
Portable SSD: 85mm x 54mm x 7.8mm (The thinnest part is 4.8mm) 3.3” X 2.1” X 0.3” (The thinnest part is 0.19 inches) Weight Magnetic Set ：95g
Portable SSD：43g Warranty Magnetic Set ：2-year limited
Portable SSD：2-year limited SPECIFICATIONS Capacity 1TB Interface USB 3.2 Gen2x2 Transfer Speed Speed up to 2000MB/s read, up to 1800MB/s write1 Operating Temperature 0°~50°C (32°F to 122°F) Storage Temperature -10°C~70°C (-1°F to 158°F) Dimension (LxWxH) Magnetic Set: 89.5mm x 59mm x 13.6mm/3.5” X 2.3” X 0.5”
Portable SSD: 85mm x 54mm x 7.8mm (The thinnest part is 4.8mm) 3.3” X 2.1” X 0.3” (The thinnest part is 0.19 inches) Weight Magnetic Set ：95g
Portable SSD：43g Warranty Magnetic Set ：2-year limited
Portable SSD：2-year limited Specifications of Brand Lexar SKU 794897611_PK-3660039865 Storage Drive Type Not Specified Graphics Memory 1TB";https://static-01.daraz.pk/p/93be34f55495a638b3f029f7251d8ea8.jpg|https://static-01.daraz.pk/p/b85b620859df1c9c0b8a0975655002f2.png|https://static-01.daraz.pk/p/c23909a4ad62ca1bc30f421aa7695ae0.png|https://static-01.daraz.pk/p/76d42439d5fb061a6a26eed62585932b.png;4;ok
192;jumia;192_jumia;https://www.jumia.ma/tp-link-archer-c6u-nouveaute-routeur-gigabit-mu-mimo-sans-fil-64221097.html;Archer C6U – Nouveauté –  Routeur Gigabit MU-MIMO sans fil;TP-Link;Informatique;Routeurs Wi-Fi;748.00;MAD;Prend en charge la norme 802.11acConnexions simultanées 2,4 GHz 300 Mbps et 5 GHz 867 Mbps pour 1200 Mbps de bande passante totale disponible4 antennes externes et une antenne interne offrent des connexions sans fil stables et une couverture optimaleGestion de réseau facile à portée de main avec TP-Link TetherMU-MIMO atteint une efficacité 2X en communiquant avec jusqu’à 2 appareils à la foisLa technologie de formation de faisceau offre une couverture sans fil plus largePrend en charge le mode Point d’accès pour créer un nouveau point d’accès Wi-Fi;https://ma.jumia.is/unsafe/fit-in/680x680/filters:fill(white)/product/79/012246/1.jpg?9505|https://ma.jumia.is/unsafe/fit-in/680x680/filters:fill(white)/product/79/012246/2.jpg?9505|https://ma.jumia.is/unsafe/fit-in/680x680/filters:fill(white)/product/79/012246/3.jpg?9505|https://ma.jumia.is/unsafe/fit-in/680x680/filters:fill(white)/product/79/012246/4.jpg?9505;4;ok
192;wildberries;192_wildberries;https://www.wildberries.ru/catalog/397277125/detail.aspx;Роутер Wi-Fi Archer C6, 2.4/5 ГГц;TP-link;Informatique;Routeurs Wi-Fi;3297.25;RUB;;https://basket-23.wbbasket.ru/vol3972/part397277/397277125/images/big/1.webp|https://basket-23.wbbasket.ru/vol3972/part397277/397277125/images/big/2.webp|https://basket-23.wbbasket.ru/vol3972/part397277/397277125/images/big/3.webp|https://basket-23.wbbasket.ru/vol3972/part397277/397277125/images/big/4.webp|https://basket-23.wbbasket.ru/vol3972/part397277/397277125/images/big/5.webp|https://basket-23.wbbasket.ru/vol3972/part397277/397277125/images/big/6.webp|https://basket-23.wbbasket.ru/vol3972/part397277/397277125/images/big/7.webp;7;ok
192;daraz;192_daraz;https://www.daraz.pk/products/tp-c6-ac1200-mu-mimo-i457736645-s2167664416.html?c=&channelLpJumpArgs=&clickTrackInfo=query%253ATP-Link%252BArcher%252BC6%253Bnid%253A457736645%253Bsrc%253ALazadaMainSrp%253Brn%253A7a0284bde0c901fc9f837c4941a17efd%253Bregion%253Apk%253Bsku%253A457736645_PK%253Bprice%253A38250%253Bclient%253Adesktop%253Bsupplier_id%253A17844%253Bsession_id%253A%253Bbiz_source%253Ah5_external%253Bslot%253A4%253Butlog_bucket_id%253A470687%253Basc_category_id%253A128%253Bitem_id%253A457736645%253Bsku_id%253A2167664416%253Bshop_id%253A102482%253BtemplateInfo%253A&freeshipping=0&fs_ab=1&fuse_fs=&lang=en&location=Sindh&price=3.825E%204&priceCompare=skuId%3A2167664416%3Bsource%3Alazada-search-voucher%3Bsn%3A7a0284bde0c901fc9f837c4941a17efd%3BoriginPrice%3A3825000%3BdisplayPrice%3A3825000%3BisGray%3Afalse%3BsinglePromotionId%3A-1%3BsingleToolCode%3A-1%3BvoucherPricePlugin%3A0%3Btimestamp%3A1785689187974&ratingscore=&request_id=7a0284bde0c901fc9f837c4941a17efd&review=&sale=0&search=1&source=search&spm=a2a0e.searchlist.list.4&stock=1;TP-Link Archer C6 AC1200 Wireless MU-MIMO Gigabit Router;No Brand;Informatique;Routeurs Wi-Fi;38.250;PKR;;https://static-01.daraz.pk/p/a96e7cf66a38cc955b5f3ade7239370d.jpg|https://static-01.daraz.pk/p/90f52c73b6b59c50ac7b26cfc05b52c3.jpg|https://static-01.daraz.pk/p/264fb4c19339ca69aea9ee64fa02503c.jpg|https://static-01.daraz.pk/p/96c10ba852a6595acb6a9c6b9bb3ecdd.jpg;4;ok
193;jumia;193_jumia;https://www.jumia.ma/tp-link-point-dacces-wifi-6-ax-1500-mbps-bi-bande-gigabit-archer-ax10-64221092.html;Point d’accès WiFi 6 AX 1500 Mbps Bi-bande Gigabit – Archer AX10;TP-Link;Informatique;Routeurs Wi-Fi;1479.00;MAD;WiFi 6 ultra rapide : bénéficiez d’une vitesse WiFi nouvelle génération allant jusqu’à 1,5 Gbps Processeur triple cœur: réponse instantanée à toutes vos activités réseau avec un processeur triple cœur 1,5 GHz.Couverture plus large – 4 antennes et la technologie de formation de faisceaux focalisent le signal vers des clients individuels pour une couverture plus étendue .Connectez des dizaines de périphériques — Plus de connexions simultanées et un débit moyen plus élevé avec OFDMAPorts Gigabit complets – Tirez pleinement parti des débits haut débit allant jusqu’à 1 Gbps.Configuration facile – Terminez la mise à niveau de votre réseau en quelques minutes avec l’application Tether;https://ma.jumia.is/unsafe/fit-in/680x680/filters:fill(white)/product/29/012246/1.jpg?9505|https://ma.jumia.is/unsafe/fit-in/680x680/filters:fill(white)/product/29/012246/2.jpg?9505|https://ma.jumia.is/unsafe/fit-in/680x680/filters:fill(white)/product/29/012246/3.jpg?9505;3;ok
193;wildberries;193_wildberries;https://www.wildberries.ru/catalog/687643354/detail.aspx;Роутер wi-fi для дома ARCHER AX10;TP-link;Informatique;Routeurs Wi-Fi;6517.22;RUB;;https://basket-33.wbbasket.ru/vol6876/part687643/687643354/images/big/1.webp|https://basket-33.wbbasket.ru/vol6876/part687643/687643354/images/big/2.webp|https://basket-33.wbbasket.ru/vol6876/part687643/687643354/images/big/3.webp|https://basket-33.wbbasket.ru/vol6876/part687643/687643354/images/big/4.webp|https://basket-33.wbbasket.ru/vol6876/part687643/687643354/images/big/5.webp|https://basket-33.wbbasket.ru/vol6876/part687643/687643354/images/big/6.webp|https://basket-33.wbbasket.ru/vol6876/part687643/687643354/images/big/7.webp|https://basket-33.wbbasket.ru/vol6876/part687643/687643354/images/big/8.webp|https://basket-33.wbbasket.ru/vol6876/part687643/687643354/images/big/9.webp|https://basket-33.wbbasket.ru/vol6876/part687643/687643354/images/big/10.webp|https://basket-33.wbbasket.ru/vol6876/part687643/687643354/images/big/11.webp|https://basket-33.wbbasket.ru/vol6876/part687643/687643354/images/big/12.webp|https://basket-33.wbbasket.ru/vol6876/part687643/687643354/images/big/13.webp|https://basket-33.wbbasket.ru/vol6876/part687643/687643354/images/big/14.webp|https://basket-33.wbbasket.ru/vol6876/part687643/687643354/images/big/15.webp|https://basket-33.wbbasket.ru/vol6876/part687643/687643354/images/big/16.webp|https://basket-33.wbbasket.ru/vol6876/part687643/687643354/images/big/17.webp|https://basket-33.wbbasket.ru/vol6876/part687643/687643354/images/big/18.webp|https://basket-33.wbbasket.ru/vol6876/part687643/687643354/images/big/19.webp;19;ok
193;daraz;193_daraz;https://www.daraz.pk/products/tp-ax20-ax1800-wifi-6-i201888219-s1400878234.html?c=&channelLpJumpArgs=&clickTrackInfo=query%253ATP-Link%252BArcher%252BAX10%253Bnid%253A201888219%253Bsrc%253ALazadaMainSrp%253Brn%253Af6a5c503d173bc088d5e11305018ad78%253Bregion%253Apk%253Bsku%253A201888219_PK%253Bprice%253A60750%253Bclient%253Adesktop%253Bsupplier_id%253A17844%253Bsession_id%253A%253Bbiz_source%253Ah5_external%253Bslot%253A7%253Butlog_bucket_id%253A470687%253Basc_category_id%253A128%253Bitem_id%253A201888219%253Bsku_id%253A1400878234%253Bshop_id%253A102482%253BtemplateInfo%253A&freeshipping=0&fs_ab=1&fuse_fs=&lang=en&location=Sindh&price=6.075E%204&priceCompare=skuId%3A1400878234%3Bsource%3Alazada-search-voucher%3Bsn%3Af6a5c503d173bc088d5e11305018ad78%3BoriginPrice%3A6075000%3BdisplayPrice%3A6075000%3BisGray%3Afalse%3BsinglePromotionId%3A-1%3BsingleToolCode%3A-1%3BvoucherPricePlugin%3A0%3Btimestamp%3A1785689535238&ratingscore=5.0&request_id=f6a5c503d173bc088d5e11305018ad78&review=1&sale=3&search=1&source=search&spm=a2a0e.searchlist.list.7&stock=1;Tplink Archer AX20 AX1800 Dual-Band Wi-Fi 6 Gaming Router;No Brand;Informatique;Routeurs Wi-Fi;60.750;PKR;;https://static-01.daraz.pk/p/1cef0dffb0d6206eab423a9bae0d3a0a.jpg|https://youtu.be/bQTc72t64z0|https://static-01.daraz.pk/p/f78879538aab8d387a79e87d3184af22.jpg|https://static-01.daraz.pk/p/2b7e755929766d3b9e5bb6d6ac482ba3.jpg|https://static-01.daraz.pk/p/820d733f771bf396b3faf73b8b4dda91.jpg|https://static-01.daraz.pk/p/f6fd3bb81b907a995f0fb5bbf15068ac.jpg|https://static-01.daraz.pk/p/41b6cc02d282a4c4ea6a3b4409562d39.jpg|https://static-01.daraz.pk/p/b7f6adf96de775fde1209f388cb8d104.jpg|https://static-01.daraz.pk/p/abe7f03c162efb1d5624f3be53b011b4.jpg|https://static-01.daraz.pk/p/7fb31f10171fcbab90b8c414b977d624.jpg|https://static-01.daraz.pk/p/2b0d2fb61f72cf5b7fe76cfea4db651f.jpg;11;ok
194;jumia;194_jumia;https://www.jumia.ma/generic-routeur-tp-link-archer-ax55-ax3000-wi-fi-6-archerax55-67854281.html;Routeur TP LINK Archer AX55 AX3000 Wi-Fi 6-ARCHERAX55 ;;Informatique;Routeurs Wi-Fi;1450.00;MAD;Wi-Fi 6 ultra-rapide (AX3000)Débits jusqu’à 2402 Mbps (5 GHz) et 574 Mbps (2,4 GHz) pour un streaming fluide, des téléchargements rapides et même la vidéo 8K sans latence. Connexion simultanée de plusieurs appareilsGrâce à la technologie OFDMA, le routeur peut gérer plusieurs appareils en même temps sans perte de performance, idéal pour les foyers connectés. Faible latence pour gaming et appels vidéoUne latence réduite garantit une expérience plus réactive pour les jeux en ligne et les visioconférences. Couverture Wi-Fi étendue et stableÉquipé de 4 antennes haute performance et du Beamforming pour une couverture large et un signal puissant dans toute la maison.;https://ma.jumia.is/unsafe/fit-in/680x680/filters:fill(white)/product/18/245876/1.jpg?9686|https://ma.jumia.is/unsafe/fit-in/680x680/filters:fill(white)/product/18/245876/2.jpg?9686|https://ma.jumia.is/unsafe/fit-in/680x680/filters:fill(white)/product/18/245876/3.jpg?9686|https://ma.jumia.is/unsafe/fit-in/680x680/filters:fill(white)/product/18/245876/4.jpg?9686;4;ok
194;wildberries;194_wildberries;https://www.wildberries.ru/catalog/404019275/detail.aspx;Роутер Archer AX55;TP-link;Informatique;Routeurs Wi-Fi;6170;RUB;;https://basket-23.wbbasket.ru/vol4040/part404019/404019275/images/big/1.webp|https://basket-23.wbbasket.ru/vol4040/part404019/404019275/images/big/2.webp|https://basket-23.wbbasket.ru/vol4040/part404019/404019275/images/big/3.webp|https://basket-23.wbbasket.ru/vol4040/part404019/404019275/images/big/4.webp|https://basket-23.wbbasket.ru/vol4040/part404019/404019275/images/big/5.webp|https://basket-23.wbbasket.ru/vol4040/part404019/404019275/images/big/6.webp;6;ok
194;trendyol;194_trendyol;https://www.trendyol.com/tp-link/archer-ax55-3000-mbps-wi-fi-6-router-p-944465005;;;Informatique;Routeurs Wi-Fi;263.52;AED;;https://cdn.dsmcdn.com/mnresize/300/-/sfweb/images/ae.png|https://cdn.dsmcdn.com/sfweb-checkout/images/basket-icon_1751630173674.png|https://cdn.dsmcdn.com/mobile/international/PaymentLogo/Mastercard3x.png|https://cdn.dsmcdn.com/mobile/international/PaymentLogo/Visa3x.png|https://cdn.dsmcdn.com/mobile/international/PaymentLogo/Applepay3x.png|https://cdn.dsmcdn.com/mobile/international/PaymentLogo/tamara_logo_en.png|https://cdn.dsmcdn.com/mobile/international/PaymentLogo/Tabby_Basket_new.png|https://cdn.dsmcdn.com/mobile/international/PaymentLogo/cod-v4.png;8;ok
194;daraz;194_daraz;https://www.daraz.pk/products/tp-ax55-ax3000-wifi-6-wpa3-i472598209-s2230656275.html?c=&channelLpJumpArgs=&clickTrackInfo=query%253ATP-Link%252BArcher%252BAX50%253Bnid%253A472598209%253Bsrc%253ALazadaMainSrp%253Brn%253Aafe33bcb3e594967ad38e3aa18f058cc%253Bregion%253Apk%253Bsku%253A472598209_PK%253Bprice%253A83250%253Bclient%253Adesktop%253Bsupplier_id%253A17844%253Bsession_id%253A%253Bbiz_source%253Ah5_external%253Bslot%253A7%253Butlog_bucket_id%253A470687%253Basc_category_id%253A128%253Bitem_id%253A472598209%253Bsku_id%253A2230656275%253Bshop_id%253A102482%253BtemplateInfo%253A&freeshipping=0&fs_ab=1&fuse_fs=&lang=en&location=Sindh&price=8.325E%204&priceCompare=skuId%3A2230656275%3Bsource%3Alazada-search-voucher%3Bsn%3Aafe33bcb3e594967ad38e3aa18f058cc%3BoriginPrice%3A8325000%3BdisplayPrice%3A8325000%3BisGray%3Afalse%3BsinglePromotionId%3A-1%3BsingleToolCode%3A-1%3BvoucherPricePlugin%3A0%3Btimestamp%3A1785689702703&ratingscore=&request_id=afe33bcb3e594967ad38e3aa18f058cc&review=&sale=0&search=1&source=search&spm=a2a0e.searchlist.list.7&stock=1;TP-Link Archer AX55 AX3000 Dual Band Gigabit Wi-Fi 6 Router OneMesh WPA3;No Brand;Informatique;Routeurs Wi-Fi;83.250;PKR;;https://static-01.daraz.pk/p/214445d09ee6d1078a3b2df629f47328.jpg|https://static-01.daraz.pk/p/27d64103139cc58716324d2e234a4b5e.jpg|https://static-01.daraz.pk/p/230c9a77b48bd966c20501d5cb876356.jpg|https://static-01.daraz.pk/p/8c2574d5aeea5de190643b187bcb9ab5.jpg;4;ok
195;jumia;195_jumia;https://www.jumia.ma/generic-tp-link-archer-ax73-ax5400-bi-bande-gigabit-wi-fi-6-point-dacces-routeur-original-68105318.html;TP-Link Archer AX73 – AX5400 Bi-bande Gigabit Wi-Fi 6 – Point d’accès / Routeur Original ;;Informatique;Routeurs Wi-Fi;2150.00;MAD;Wi-Fi 6 très rapide (AX5400)Débit combiné pouvant atteindre 5 400 Mb/s (574 Mb/s en 2,4 GHz et 4 804 Mb/s en 5 GHz), idéal pour le streaming 4K/8K, les jeux en ligne et les téléchargements rapides.Excellente couverture Wi-FiÉquipé de 6 antennes externes avec la technologie Beamforming, il offre une couverture étendue et un signal plus stable dans toute la maison ou le bureau.Performances optimisées pour plusieurs appareilsLes technologies OFDMA et MU-MIMO permettent de connecter de nombreux appareils simultanément tout en réduisant la latence et en améliorant l'efficacité du réseau.Fonctionnement polyvalentPeut être utilisé en mode Routeur ou en mode Point d'accès (Access Point), ce qui facilite son intégration dans un réseau existant tout en bénéficiant des performances du Wi-Fi 6.;https://ma.jumia.is/unsafe/fit-in/680x680/filters:fill(white)/product/81/350186/1.jpg?1368|https://ma.jumia.is/unsafe/fit-in/680x680/filters:fill(white)/product/81/350186/2.jpg?1368|https://ma.jumia.is/unsafe/fit-in/680x680/filters:fill(white)/product/81/350186/3.jpg?1368;3;ok
195;wildberries;195_wildberries;https://www.wildberries.ru/catalog/488687201/detail.aspx;Маршрутизатор Archer AX73;TP-link;Informatique;Routeurs Wi-Fi;18893;RUB;;https://basket-27.wbbasket.ru/vol4886/part488687/488687201/images/big/1.webp|https://basket-27.wbbasket.ru/vol4886/part488687/488687201/images/big/2.webp|https://basket-27.wbbasket.ru/vol4886/part488687/488687201/images/big/3.webp;3;ok
195;daraz;195_daraz;https://www.daraz.pk/products/6-73-75-5400-6-18-i330893816-s1715964789.html?c=&channelLpJumpArgs=&clickTrackInfo=query%253ATP-Link%252BArcher%252BAX73%253Bnid%253A330893816%253Bsrc%253ALazadaMainSrp%253Brn%253A1d056db455ea498b96556f676a53eb14%253Bregion%253Apk%253Bsku%253A330893816_PK%253Bprice%253A44499%253Bclient%253Adesktop%253Bsupplier_id%253A1129658%253Bsession_id%253A%253Bbiz_source%253Ah5_external%253Bslot%253A0%253Butlog_bucket_id%253A470687%253Basc_category_id%253A128%253Bitem_id%253A330893816%253Bsku_id%253A1715964789%253Bshop_id%253A239297%253BtemplateInfo%253A&freeshipping=0&fs_ab=1&fuse_fs=&lang=en&location=Sindh&price=44499&priceCompare=skuId%3A1715964789%3Bsource%3Alazada-search-voucher%3Bsn%3A1d056db455ea498b96556f676a53eb14%3BoriginPrice%3A4449900%3BdisplayPrice%3A4449900%3BisGray%3Afalse%3BsinglePromotionId%3A-1%3BsingleToolCode%3AmockedSalePrice%3BvoucherPricePlugin%3A0%3Btimestamp%3A1785689864331&ratingscore=4.909090909090909&request_id=1d056db455ea498b96556f676a53eb14&review=22&sale=66&search=1&source=search&spm=a2a0e.searchlist.list.0&stock=1;TP-Link Wi-Fi 6 Router Archer AX73 / AXE75 AX5400 Dual-Band Gigabit Wi-Fi 6 Router - 18 Months Brand Warranty;TP Link;Informatique;Routeurs Wi-Fi;44.499;PKR;;https://static-01.daraz.pk/p/5a232d6bc40db2c467a9ac3319db64f8.jpg|https://www.youtube.com/watch?v=Mz7qgqa5f28|https://static-01.daraz.pk/p/c005180130fcbb0055cd2f0164bf143f.jpg|https://static-01.daraz.pk/p/c7798665be641afe5594888a7ae3113b.jpg|https://static-01.daraz.pk/p/64cb145693ce37f71fa40dd50b1f495c.jpg|https://static-01.daraz.pk/p/93037b4d7558e01fff84e1c0b3673fed.jpg|https://static-01.daraz.pk/p/dda2989eec7b34cc72595222be3cf20b.jpg|https://static-01.daraz.pk/p/52869c7781e4a770d02b66559e184a4a.jpg;8;ok
196;jumia;196_jumia;https://www.jumia.ma/tp-link-routeur-archer-be220-wifi-7-be3600-bi-bande-ax-nouvelle-generation-jusqua-36-gbps-4-antennes-beamforming-4-ports-lan-gigabit-1-port-wan-gigabit-easymesh-homeshield-vpn-client-serveur-compatible-tous-fai-68043414.html;Routeurs Réseau;;Informatique;Routeurs Wi-Fi;655.47;MAD;Achetez des routeurs réseau sur Jumia Maroc pour une connexion internet optimale. Les experts IT recommandent la norme Wi-Fi 6 pour les foyers avec plus de 10 appareils connectés, offrant jusqu'à 40% de vitesse supplémentaire. Pour un appartement standard, un routeur dual-band 1200 Mbps suffit. Placez-le en hauteur et au centre du logement pour une couverture uniforme. Livraison à domicile partout au Maroc.;;0;ok
196;wildberries;196_wildberries;https://www.wildberries.ru/catalog/789125108/detail.aspx;Роутер wi-fi для дома Archer BE230 Wi-Fi 7 BE3600 4 LAN;TP-link;Informatique;Routeurs Wi-Fi;9163;RUB;;https://basket-36.wbbasket.ru/vol7891/part789125/789125108/images/big/1.webp|https://basket-36.wbbasket.ru/vol7891/part789125/789125108/images/big/2.webp|https://basket-36.wbbasket.ru/vol7891/part789125/789125108/images/big/3.webp|https://basket-36.wbbasket.ru/vol7891/part789125/789125108/images/big/4.webp|https://basket-36.wbbasket.ru/vol7891/part789125/789125108/images/big/5.webp|https://basket-36.wbbasket.ru/vol7891/part789125/789125108/images/big/6.webp|https://basket-36.wbbasket.ru/vol7891/part789125/789125108/images/big/7.webp|https://basket-36.wbbasket.ru/vol7891/part789125/789125108/images/big/8.webp|https://basket-36.wbbasket.ru/vol7891/part789125/789125108/images/big/9.webp|https://basket-36.wbbasket.ru/vol7891/part789125/789125108/images/big/10.webp|https://basket-36.wbbasket.ru/vol7891/part789125/789125108/images/big/11.webp|https://basket-36.wbbasket.ru/vol7891/part789125/789125108/images/big/12.webp;12;ok
196;trendyol;196_trendyol;https://www.trendyol.com/tp-link/archer-be230-dual-bant-wi-fi-7-be3600-router-p-884922285;Tp-Link BE3600 Dual-Band Wi-Fi 7 Router;Tp-Link;Informatique;Routeurs Wi-Fi;339.00;AED;;https://cdn.dsmcdn.com/ty1683/prod/QC/20250523/14/394622ca-dffa-3e5f-a91f-bf4055144205/1_org_zoom.jpg|https://cdn.dsmcdn.com/ty1685/prod/QC/20250523/14/a528bb28-88db-3273-807d-848835be79d6/1_org_zoom.jpg|https://cdn.dsmcdn.com/ty1684/prod/QC/20250523/14/dd2ff875-2316-3cf2-8574-931ee82a026e/1_org_zoom.jpg|https://cdn.dsmcdn.com/ty1685/prod/QC/20250523/14/8ba54ff3-efd0-3e36-9991-a8bdcb67bb6b/1_org_zoom.jpg|https://cdn.dsmcdn.com/ty1683/prod/QC/20250523/14/b936bbf4-b390-3228-b61a-096a396d98b3/1_org_zoom.jpg|https://cdn.dsmcdn.com/ty1683/prod/QC/20250523/14/bcb7f672-396e-3923-b960-18f1fc93288a/1_org_zoom.jpg|https://cdn.dsmcdn.com/ty1684/prod/QC/20250523/14/b74cf429-2feb-3be3-a926-0755bf34c10e/1_org_zoom.jpg|https://cdn.dsmcdn.com/ty1685/prod/QC/20250523/14/5614878f-1440-3623-a9d9-b4f54fd19a45/1_org_zoom.jpg;8;ok
196;daraz;196_daraz;https://www.daraz.pk/products/tp-wifi-7-b230-b3600-wifi-7-18-i939136835-s3997431305.html?c=&channelLpJumpArgs=&clickTrackInfo=query%253ATP-Link%252BArcher%252BBE230%253Bnid%253A939136835%253Bsrc%253ALazadaMainSrp%253Brn%253A6508b8b77f4f7ba20cfa32dff9ce11fe%253Bregion%253Apk%253Bsku%253A939136835_PK%253Bprice%253A40699%253Bclient%253Adesktop%253Bsupplier_id%253A1129658%253Bsession_id%253A%253Bbiz_source%253Ah5_external%253Bslot%253A0%253Butlog_bucket_id%253A470687%253Basc_category_id%253A128%253Bitem_id%253A939136835%253Bsku_id%253A3997431305%253Bshop_id%253A239297%253BtemplateInfo%253A&freeshipping=0&fs_ab=1&fuse_fs=&lang=en&location=Sindh&price=40699&priceCompare=skuId%3A3997431305%3Bsource%3Alazada-search-voucher%3Bsn%3A6508b8b77f4f7ba20cfa32dff9ce11fe%3BoriginPrice%3A4069900%3BdisplayPrice%3A4069900%3BisGray%3Afalse%3BsinglePromotionId%3A-1%3BsingleToolCode%3AmockedSalePrice%3BvoucherPricePlugin%3A0%3Btimestamp%3A1785689972722&qSellingPoint=b--tp-link___p--archer%20be230&ratingscore=5.0&request_id=6508b8b77f4f7ba20cfa32dff9ce11fe&review=1&sale=1&search=1&source=search&spm=a2a0e.searchlist.list.0&stock=1;TP-Link Wi-Fi 7 Router Archer BE230 New BE3600 Dual-Band Wi-Fi 7 Router- 18 Months Brand Warranty;TP Link;Informatique;Routeurs Wi-Fi;40.699;PKR;;https://static-01.daraz.pk/p/799a54f7a1bc817e98363dd99f8df33c.jpg|https://static-01.daraz.pk/p/ff303f74c0156e2c7da0aa63f541d722.jpg|https://static-01.daraz.pk/p/cb4e81838f6a33f66233921f3f1de63c.jpg|https://static-01.daraz.pk/p/9d75001ba24a6c3712943d719398417c.jpg|https://static-01.daraz.pk/p/6ea9a3769cda9a410c43b08beeeef801.jpg|https://static-01.daraz.pk/p/84b7d409557d8e3805107cff7286b571.jpg|https://static-01.daraz.pk/p/a3ecd356178fe9c96b2ba48c8c0925cb.jpg|https://static-01.daraz.pk/p/601710a8bae88c90286eeab83786a49d.jpg;8;ok
197;jumia;197_jumia;https://www.jumia.ma/xiaomi-routeur-puissant-points-dacces-sans-fil-4a-2.4ghz-5ghz-acc12004antennes-65013247.html;Routeur Puissant Points d'acces Sans fil 4A 2.4GHz/ 5GHz ACC1200/4antennes;XIAOMI;Informatique;Routeurs Wi-Fi;349.00;MAD;"Débit de données 300 Mbps
Antenne 4 Bouton Bouton de réinitialisation Fréquence 2,4 GHz et 5 GHz
Interface LAN, WAN Norme réseau EEE 802.11a, IEEE 802.11ac, IEEE 802.11b,
IEEE 802.11g, IEEE 802.11n, IEEE 802.3, IEEE 802.3U, IPv6 AC sans fil
Chiffrement WPA-PSK, WPA2-PSK
Autres taux de transmission: 1167 Mbps
Vitesse du port Ethernet: 1000 Mbps
Max. Débit de données LAN: 1000 Mbps Dimension physique
Dimensions 20,10 x 17,40 x 12,20 cm
Poids 0,550g
Couleur blancheModèle: 4A Processeur monocœur Double bande sans fil
Antennes à gain élevé 4
Fréquence: 2,4 GHz et 5 GHz";https://ma.jumia.is/unsafe/fit-in/680x680/filters:fill(white)/product/74/231056/1.jpg?3387|https://ma.jumia.is/unsafe/fit-in/680x680/filters:fill(white)/product/74/231056/2.jpg?3387|https://ma.jumia.is/unsafe/fit-in/680x680/filters:fill(white)/product/74/231056/3.jpg?3387|https://ma.jumia.is/unsafe/fit-in/680x680/filters:fill(white)/product/74/231056/4.jpg?3387|https://ma.jumia.is/unsafe/fit-in/680x680/filters:fill(white)/product/74/231056/5.jpg?3387|https://ma.jumia.is/unsafe/fit-in/680x680/filters:fill(white)/product/74/231056/6.jpg?3387|https://ma.jumia.is/unsafe/fit-in/680x680/filters:fill(white)/product/74/231056/7.jpg?3387|https://ma.jumia.is/unsafe/fit-in/680x680/filters:fill(white)/product/74/231056/8.jpg?3387;8;ok
197;wildberries;197_wildberries;https://www.wildberries.ru/catalog/555533493/detail.aspx;Роутер Wi-Fi Router 4A;Xiaomi;Informatique;Routeurs Wi-Fi;1575;RUB;;https://basket-29.wbbasket.ru/vol5555/part555533/555533493/images/big/1.webp|https://basket-29.wbbasket.ru/vol5555/part555533/555533493/images/big/2.webp|https://basket-29.wbbasket.ru/vol5555/part555533/555533493/images/big/3.webp|https://basket-29.wbbasket.ru/vol5555/part555533/555533493/images/big/4.webp|https://basket-29.wbbasket.ru/vol5555/part555533/555533493/images/big/5.webp|https://basket-29.wbbasket.ru/vol5555/part555533/555533493/images/big/6.webp|https://basket-29.wbbasket.ru/vol5555/part555533/555533493/images/big/7.webp;7;ok
197;trendyol;197_trendyol;https://www.trendyol.com/xiaomi/router-4a-wifi-1200mbps-5ghz-sinyal-aktarici-guclendirici-xiaomi-turkiye-garantili-p-36514864;XiaomiMi Router 4A Wifi 1200Mbps 5Ghz Signal Repeater Booster;Xiaomi;Informatique;Routeurs Wi-Fi;64.63;AED;;https://cdn.dsmcdn.com/mnresize/300/-/sfweb/images/ae.png|https://cdn.dsmcdn.com/mnresize/620/920/ty265/product/media/images/20211209/9/7581044/333594086/1/1_org_zoom.jpg|https://cdn.dsmcdn.com/mnresize/620/920/ty1743/product/media/images/prod/PIM/20251018/23/e45cddb2-7c48-4bc1-aa1c-f750932d7178/1_org_zoom.jpg|https://cdn.dsmcdn.com/mnresize/620/920/ty1743/product/media/images/prod/PIM/20251018/23/359a8078-88fe-4884-a294-78e3c880e832/1_org_zoom.jpg|https://cdn.dsmcdn.com/mnresize/620/920/ty264/product/media/images/20211209/9/7581044/333594086/2/2_org_zoom.jpg|https://cdn.dsmcdn.com/mnresize/620/920/ty1744/product/media/images/prod/PIM/20251018/23/37afaaeb-66d0-482f-a0c0-c72f8561e6df/1_org_zoom.jpg|https://cdn.dsmcdn.com/mnresize/620/920/ty1742/product/media/images/prod/PIM/20251018/23/017894ba-6319-4888-9036-f708347a525e/1_org_zoom.jpg|https://cdn.dsmcdn.com/mobile/international/PaymentLogo/tamara_snippet_en.png|https://cdn.dsmcdn.com/mobile/international/PaymentLogo/Tabby_snippet_new.png|https://cdn.dsmcdn.com/mobile/international/PaymentLogo/cod-v4.png|https://cdn.dsmcdn.com/mnresize/30/30/mobile/reviewrating/kamera-emoji6x.png|https://cdn.dsmcdn.com/ty265/product/media/images/20211209/9/7581044/333594086/1/1_org_zoom.jpg|https://cdn.dsmcdn.com/sfweb-checkout/images/basket-icon_1751630173674.png|https://cdn.dsmcdn.com/mobile/international/PaymentLogo/Mastercard3x.png|https://cdn.dsmcdn.com/mobile/international/PaymentLogo/Visa3x.png|https://cdn.dsmcdn.com/mobile/international/PaymentLogo/Applepay3x.png|https://cdn.dsmcdn.com/mobile/international/PaymentLogo/tamara_logo_en.png|https://cdn.dsmcdn.com/mobile/international/PaymentLogo/Tabby_Basket_new.png;18;ok
197;daraz;197_daraz;https://www.daraz.pk/products/100-mi-4a-mi-4a-mi-wifi-4a-mi-wifi-4a-mi-4a-24ghz-5ghz-wifi-mi-4a-1167mbps-4-wifi-4-i1947464195-s14011214220.html?c=&channelLpJumpArgs=&clickTrackInfo=query%253AXiaomi%252BMi%252BRouter%252B4A%253Bnid%253A1947464195%253Bsrc%253ALazadaMainSrp%253Brn%253A85cfbb4340e91630aeb44f3bc94260ec%253Bregion%253Apk%253Bsku%253A1947464195_PK%253Bprice%253A9499%253Bclient%253Adesktop%253Bsupplier_id%253A1077177%253Bsession_id%253A%253Bbiz_source%253Ah5_external%253Bslot%253A0%253Butlog_bucket_id%253A470687%253Basc_category_id%253A128%253Bitem_id%253A1947464195%253Bsku_id%253A14011214220%253Bshop_id%253A188793%253BtemplateInfo%253A&freeshipping=1&fs_ab=1&fuse_fs=&lang=en&location=Punjab&price=9499&priceCompare=skuId%3A14011214220%3Bsource%3Alazada-search-voucher%3Bsn%3A85cfbb4340e91630aeb44f3bc94260ec%3BoriginPrice%3A949900%3BdisplayPrice%3A949900%3BisGray%3Afalse%3BsinglePromotionId%3A-1%3BsingleToolCode%3AmockedSalePrice%3BvoucherPricePlugin%3A0%3Btimestamp%3A1785690387804&ratingscore=&request_id=85cfbb4340e91630aeb44f3bc94260ec&review=&sale=0&search=1&source=search&spm=a2a0e.searchlist.list.0&stock=1;100% Original Xiaomi Mi Router 4A, Mi Router 4A,Mi WIFI Router 4A, Xiaomi Mi Wifi Router 4A, Original Xiaomi Mi 4A Router 2.4GHz 5GHz WiFi Router, Xiaomi Mi Router 4A Wireless Dual Band 1167Mbps 4 Device Support WiFi Repeater4 Antennas Network Extender;No Brand;Informatique;Routeurs Wi-Fi;9.499;PKR;"The Xiaomi Mi Router 4A is a budget-friendly dual-band AC1200 router featuring 4 high-gain antennas, 64MB RAM, and 1167Mbps total speed (300Mbps on 2.4GHz, 867Mbps on 5GHz). The ""Gigabit Edition"" version offers a faster Dual-Core 880MHz CPU, 128MB RAM, and gigabit ethernet ports. Key Specifications (Standard & Gigabit Versions) Speed: Concurrent 2.4GHz (300Mbps) + 5GHz (867Mbps) = 1167 Mbps total. Antennas: 4 External Omni-directional high-gain antennas. Antenna Gain: 2.4GHz (5dBi) and 5GHz (6dBi). Wireless Protocols: IEEE 802.11ac/n/a (5GHz), IEEE 802.11n/b/g (2.4GHz). RAM/Memory: 64MB DDR2 (Standard); 128MB DDR3 (Gigabit Edition). Processor: MT7628DA (Standard); MT7621A MIPS Dual Core 880MHz (Gigabit Edition). Ports (Standard): 2x LAN (10/100 Mbps), 1x WAN (10/100 Mbps). Ports (Gigabit): 2x LAN (1000 Mbps), 1x WAN (1000 Mbps). Security: WPA-PSK/WPA2-PSK/WPA3 support, parental controls. Management: Mi Wi-Fi App (Android/iOS). Key Differences Gigabit Edition: Ideal for >100 Mbps internet plans, with 1000Mbps ports and stronger, 128MB RAM. Standard Edition: Limited to 100Mbps ports, best for lower-speed internet plans. Mi Router 4A Smarter router, faster Wi-Fi 4 High-performance Antennas For Stronger Signals 2.4G WiFi: 2X2 (Support IEEE 802.11n, 300Mbps max) 64 MB RAM Mi Wi-Fi app (Android and iOS compatible) Parental controls Quality... Type: Smart router, faster Wi-Fi Antennas: 4 high-performance antennas for stronger signals Wi-Fi(2.4G): 2X2 (supports IEEE 802.11n, 300Mbps max) Wi-Fi(5GHz): 2×2 (supports IEEE 802.11ac protocol, maximum possible speed of 867Mbps) RAM: 64MB Mi Wi-Fi app: (Android and iOS compatible) Control: Parental controls Quality of service (QoS) Wi-Fi boost Dimensions 188 mm x 100.5 mm x 175 mm Product color White Processor MT7628DA ROM 16MB Internal memory 64MB 2.4GHz Wi-Fi 2x2 (supports the IEEE 802.11n protocol, maximum possible speed of 300Mbps) 5GHz Wi-Fi 2x2 (supports the IEEE 802.11ac protocol, maximum possible speed of 867Mbps) Product ";https://static-01.daraz.pk/p/3cc0e95a6659d75079a8fbc3c1b36745.jpg|https://static-01.daraz.pk/p/06d281c33f13fbc4e1b1e0c89b54f5a0.jpg|https://static-01.daraz.pk/p/4d918e00a75cade5592ef56727dbd1bb.jpg|https://static-01.daraz.pk/p/8834347a0f3444e78873265eb6f0aa54.jpg|https://static-01.daraz.pk/p/f94b09a94fecd2ebc68a652681355688.jpg|https://static-01.daraz.pk/p/20f6eb1a37ea2ab3b8a64b261817772f.jpg|https://static-01.daraz.pk/p/b1f552508de5472771dc3eaab7870483.jpg|https://static-01.daraz.pk/p/76ec8ec023603bed13f52ce4a793e0a9.jpg|https://static-01.daraz.pk/p/517568b8b58a1980b7fb2f35090e4bd9.jpg|https://static-01.daraz.pk/p/3404b1a11aa0bedfae274233ec3a7717.jpg|https://static-01.daraz.pk/p/e71182192de998f31d4712f4cea9d6c7.jpg|https://static-01.daraz.pk/p/323fda8086195f7cc4a4547415c6d19b.jpg|https://static-01.daraz.pk/p/f7aa11159210f4d03ff051012daa31f9.jpg|https://static-01.daraz.pk/p/f94b09a94fecd2ebc68a652681355688.jpg|https://static-01.daraz.pk/p/9199d1a8da0c9076349e1763a556ac8a.jpg|https://static-01.daraz.pk/p/a545f132a12bcad000fe728514d1edb6.jpg;16;ok
198;jumia;198_jumia;https://www.jumia.ma/xiaomi-router-ax3200-wi-fi-6-double-bande-24-ghz-et-5-ghz-65308342.html;Router AX3200 Wi-Fi 6 - double bande 2,4 GHz et 5 GHz;XIAOMI;Informatique;Routeurs Wi-Fi;829.00;MAD;Processeur: Processeur MediaTek Filogic800 double cœur A53 1,35 GHzMémoire: 256 MoWi-Fi 2,4 GHz: 4 × 4 (prend en charge le protocole IEEE 802.11n, le débit maximum théorique est de 800 Mbps)Wi-Fi 5 GHz: 4 × 4 (prend en charge le protocole IEEE 802.11ax, le débit maximum théorique est de 2 402 Mbps)Antennes: Antennes omnidirectionnelles externesNombre total de ports: Port WAN adaptatif 10/100/1 000 Mbps (Auto MDI/MDIX) ×1 Ports LAN adaptatifs 10/100/1 000 Mbps (Auto MDI/MDIX) ×3Voyant LED: 2 lumières, y compris. Indicateur système × 1, indicateur Internet × 1Bouton de réinitialisation du système: ×1Bouton de réseau maillé: ×1Port d'entrée d'alimentation: ×1Normes de protocole: IEEE 802.11a/b/g/n/ac/ax, IEEE 802.3/3u/3abBi-bande: 2,4 GHz, 5 GHzSystème opérateur: MiWiFi ROM, un système d'exploitation de routeur intelligent basé sur OpenWRTCryptage Wi-Fi: Cryptage WPA-PSK/WPA2-PSK/WPA3-SAEApplications de gestion: Prend en charge Web, Android, iOS;https://ma.jumia.is/unsafe/fit-in/680x680/filters:fill(white)/product/24/380356/1.jpg?4583|https://ma.jumia.is/unsafe/fit-in/680x680/filters:fill(white)/product/24/380356/2.jpg?4583;2;ok
198;wildberries;198_wildberries;https://www.wildberries.ru/catalog/991196976/detail.aspx;Wi-Fi роутер Xiaomi Router AX3200 global;Xiaomi;Informatique;Routeurs Wi-Fi;3740;RUB;;https://basket-41.wbbasket.ru/vol9911/part991196/991196976/images/big/1.webp|https://basket-41.wbbasket.ru/vol9911/part991196/991196976/images/big/2.webp|https://basket-41.wbbasket.ru/vol9911/part991196/991196976/images/big/3.webp|https://basket-41.wbbasket.ru/vol9911/part991196/991196976/images/big/4.webp|https://basket-41.wbbasket.ru/vol9911/part991196/991196976/images/big/5.webp|https://basket-41.wbbasket.ru/vol9911/part991196/991196976/images/big/6.webp|https://basket-41.wbbasket.ru/vol9911/part991196/991196976/images/big/7.webp|https://basket-41.wbbasket.ru/vol9911/part991196/991196976/images/big/8.webp|https://basket-41.wbbasket.ru/vol9911/part991196/991196976/images/big/9.webp;9;ok
199;jumia;199_jumia;https://www.jumia.ma/tenda-routeur-wifi-point-dacces-double-bande-intelligente-ac5-smart-dual-band-wifi-router-avec-4-antennes-5dbi-65838937.html;Routeur WIFI Point d’accès double bande intelligente AC5 Smart Dual-Band WiFi Router Avec 4 Antennes 5dBi;tenda;Informatique;Routeurs Wi-Fi;449.00;MAD;Double bande Wi-Fi extrêmement rapides des taux de transfert de jusqu'à 1167 Mbit/s (2,4 GHz : 300 Mbit/s + 5 GHz 867 Mbit/s)Moteur puissant de 1 GHz CPU pour des performances époustouflantes avec MU MIMO et à la technologie de beamforming +, pour plus de portée des appareils Wi-Fi 802. 11 ac et une performance maximaleLa couverture du réseau maximale sans angles morts. Couverture de la maison complète grâce à 4 x externe haute performance antennes3 x 10/100 Mbit/s Ports LAN, 1 x 10/100 WAN Port réseau domestique pour une meilleure stable et rapideIntelligent Management Application par Tenda, intelligente de calendrier pour l'activation et la désactivation du réseau.;https://ma.jumia.is/unsafe/fit-in/680x680/filters:fill(white)/product/73/983856/1.jpg?2546|https://ma.jumia.is/unsafe/fit-in/680x680/filters:fill(white)/product/73/983856/2.jpg?2546|https://ma.jumia.is/unsafe/fit-in/680x680/filters:fill(white)/product/73/983856/3.jpg?2546|https://ma.jumia.is/unsafe/fit-in/680x680/filters:fill(white)/product/73/983856/4.jpg?2546|https://ma.jumia.is/unsafe/fit-in/680x680/filters:fill(white)/product/73/983856/5.jpg?2546;5;ok
199;wildberries;199_wildberries;https://www.wildberries.ru/catalog/313192021/detail.aspx;Роутер AC1200 AC5 V3.0 двухдиапазонный;Tenda;Informatique;Routeurs Wi-Fi;1834;RUB;;https://basket-19.wbbasket.ru/vol3131/part313192/313192021/images/big/1.webp|https://basket-19.wbbasket.ru/vol3131/part313192/313192021/images/big/2.webp|https://basket-19.wbbasket.ru/vol3131/part313192/313192021/images/big/3.webp|https://basket-19.wbbasket.ru/vol3131/part313192/313192021/images/big/4.webp|https://basket-19.wbbasket.ru/vol3131/part313192/313192021/images/big/5.webp|https://basket-19.wbbasket.ru/vol3131/part313192/313192021/images/big/6.webp;6;ok
199;trendyol;199_trendyol;https://www.trendyol.com/tenda/ac5-v3-1200-mbps-dual-4port-wifi-router-beyaz-p-64845660;;;Informatique;Routeurs Wi-Fi;80.46;AED;;https://cdn.dsmcdn.com/mnresize/300/-/sfweb/images/ae.png|https://cdn.dsmcdn.com/sfweb-checkout/images/basket-icon_1751630173674.png|https://cdn.dsmcdn.com/mobile/international/PaymentLogo/Mastercard3x.png|https://cdn.dsmcdn.com/mobile/international/PaymentLogo/Visa3x.png|https://cdn.dsmcdn.com/mobile/international/PaymentLogo/Applepay3x.png|https://cdn.dsmcdn.com/mobile/international/PaymentLogo/tamara_logo_en.png|https://cdn.dsmcdn.com/mobile/international/PaymentLogo/Tabby_Basket_new.png|https://cdn.dsmcdn.com/mobile/international/PaymentLogo/cod-v4.png;8;ok
199;daraz;199_daraz;https://www.daraz.pk/products/ac5-ac1200-867mbps-5ghz-300mbps-24ghz-46dbi-mu-mimo-6-1-i1963839704-s14041837811.html?c=&channelLpJumpArgs=&clickTrackInfo=query%253ATenda%252BAC5%253Bnid%253A1963839704%253Bsrc%253ALazadaMainSrp%253Brn%253Ac567a3cde6704bf5c95b1181dd17e581%253Bregion%253Apk%253Bsku%253A1963839704_PK%253Bprice%253A8500%253Bclient%253Adesktop%253Bsupplier_id%253A6005011791433%253Bsession_id%253A%253Bbiz_source%253Ah5_external%253Bslot%253A0%253Butlog_bucket_id%253A470687%253Basc_category_id%253A128%253Bitem_id%253A1963839704%253Bsku_id%253A14041837811%253Bshop_id%253A370947%253BtemplateInfo%253A&freeshipping=0&fs_ab=1&fuse_fs=&lang=en&location=Punjab&price=8.5E%203&priceCompare=skuId%3A14041837811%3Bsource%3Alazada-search-voucher%3Bsn%3Ac567a3cde6704bf5c95b1181dd17e581%3BoriginPrice%3A850000%3BdisplayPrice%3A850000%3BisGray%3Afalse%3BsinglePromotionId%3A-1%3BsingleToolCode%3AmockedSalePrice%3BvoucherPricePlugin%3A0%3Btimestamp%3A1785690874855&ratingscore=&request_id=c567a3cde6704bf5c95b1181dd17e581&review=&sale=2&search=1&source=search&spm=a2a0e.searchlist.list.0&stock=1;Tenda AC5 AC1200 Dual Band WiFi Router | 867Mbps 5GHz + 300Mbps 2.4GHz | 4×6dBi High Gain Antennas | MU-MIMO | IPv6 | Tenda WiFi App | Official Tenda Pakistan | 1 Year Official Warranty;TendaPakistan;Informatique;Routeurs Wi-Fi;8.500;PKR;;https://static-01.daraz.pk/p/e4faa7f64ee4c0bddf7e254aaaa0a77c.png|https://static-01.daraz.pk/p/9b9547c0616148830871ec859a95b310.jpg|https://static-01.daraz.pk/p/6f9c6eedea459082685802cb9ffef53a.png|https://static-01.daraz.pk/p/9c9e35996ccf51b6fa1c21def50463cc.png|https://static-01.daraz.pk/p/6d535bf334c3f6291c4781a3592e3b91.jpg;5;ok
200;jumia;200_jumia;https://www.jumia.ma/tenda-ac6-routeur-wifi-sans-fil-intelligent-a-double-bande-61366186.html;AC6 Routeur WiFi sans Fil Intelligent à Double Bande;tenda;Informatique;Routeurs Wi-Fi;420.00;MAD;Vitesse excellente : taux de vitesse wifi jusqu'à 1,2 Gbit/s(867Mbps à 5GHz et 300Mbps à 2,4GHz) et la prochaine génération Wi-Fi 802.11 AC (3 fois plus rapide que la vitesse sans fil de N).Technologie avancé : la 900MHz CPU de Broadcom et la technologie de Beamforming+ offrent une vitesse plus rapide, une compatibilité meilleure et une stabilité supérieure.Smart : AC6 routeur supporte la technologie d'économie d'énergie intelligente, la gestion à distance app, crée une consommation de puissance faible et offre une vie écologique et smart pour toute votre famille.Installation facile : interface de configuration super simple vous permet d'accéder à Internet en 30 secondes.Contenu du paquet : Tenda AC6 Smart routeur WiFi, adaptateur secteur, guide;https://ma.jumia.is/unsafe/fit-in/680x680/filters:fill(white)/product/68/166316/1.jpg?6504|https://ma.jumia.is/unsafe/fit-in/680x680/filters:fill(white)/product/68/166316/2.jpg?6504|https://ma.jumia.is/unsafe/fit-in/680x680/filters:fill(white)/product/68/166316/3.jpg?6504|https://ma.jumia.is/unsafe/fit-in/680x680/filters:fill(white)/product/68/166316/4.jpg?6504;4;ok
200;wildberries;200_wildberries;https://www.wildberries.ru/catalog/265678043/detail.aspx;Двухдиапазонный WiFi роутер AC1200 AC6;Tenda;Informatique;Routeurs Wi-Fi;1873;RUB;;https://basket-17.wbbasket.ru/vol2656/part265678/265678043/images/big/1.webp|https://basket-17.wbbasket.ru/vol2656/part265678/265678043/images/big/2.webp|https://basket-17.wbbasket.ru/vol2656/part265678/265678043/images/big/3.webp|https://basket-17.wbbasket.ru/vol2656/part265678/265678043/images/big/4.webp|https://basket-17.wbbasket.ru/vol2656/part265678/265678043/images/big/5.webp|https://basket-17.wbbasket.ru/vol2656/part265678/265678043/images/big/6.webp;6;ok
200;daraz;200_daraz;https://www.daraz.pk/products/ac6-ac1200-wifi-i250210262-s1467999176.html?c=&channelLpJumpArgs=&clickTrackInfo=query%253ATenda%252BAC6%253Bnid%253A250210262%253Bsrc%253ALazadaMainSrp%253Brn%253A10d523745db26cefa01535a4a55c349c%253Bregion%253Apk%253Bsku%253A250210262_PK%253Bprice%253A8599%253Bclient%253Adesktop%253Bsupplier_id%253A1023166%253Bsession_id%253A%253Bbiz_source%253Ah5_external%253Bslot%253A1%253Butlog_bucket_id%253A470687%253Basc_category_id%253A128%253Bitem_id%253A250210262%253Bsku_id%253A1467999176%253Bshop_id%253A134785%253BtemplateInfo%253A&freeshipping=0&fs_ab=1&fuse_fs=&lang=en&location=Punjab&price=8599&priceCompare=skuId%3A1467999176%3Bsource%3Alazada-search-voucher%3Bsn%3A10d523745db26cefa01535a4a55c349c%3BoriginPrice%3A859900%3BdisplayPrice%3A859900%3BisGray%3Afalse%3BsinglePromotionId%3A-1%3BsingleToolCode%3A-1%3BvoucherPricePlugin%3A0%3Btimestamp%3A1785691128153&qSellingPoint=b--tenda___p--ac6&ratingscore=&request_id=10d523745db26cefa01535a4a55c349c&review=&sale=0&search=1&source=search&spm=a2a0e.searchlist.list.1&stock=1;TENDA AC6 AC1200 SMART DUAL-BAND WIFI ROUTER;Brand:;Informatique;Routeurs Wi-Fi;8.599;PKR;;https://static-01.daraz.pk/p/dcd0dcf54ed13984952622f2b9925662.jpg;1;ok
201;jumia;201_jumia;https://www.jumia.ma/tenda-ac8-routeur-4-antennes-6dbi-smart-wifi-gigabit-ac-1200mbps-bi-bande-5-24-g-63313802.html;AC8 Routeur 4 Antennes 6dBi Smart WiFi Gigabit AC 1200Mbps, Bi Bande 5 -2,4 G;tenda;Informatique;Routeurs Wi-Fi;769.00;MAD;Tenda AC8 Routeur Smart WiFi Gigabit AC 1200Mbps, Bi Bande 5 -2,4 G // 4 Antennes 6dBi AC8 Routeur WiFi Gigabit AC 1200Mbps, Dual Bande 867 Mbps en 5 GHz et 300 Mbps en 2,4 GHz, 4 Ports Gigabit 4x 6dBi Antennes, Smart WiFi, Configuration Facile, 1 GHz CPU, Prise en charge IPv6: Access Point Mode Ethernet Tenda  AC8 Double bande 802.11ac 5 GHz Usages recommandés pour les Jeux Online Parfait pour  Internet et atteint des vitesses de foudre de 1200 Mbps. 300 Mbps sur 2,4 GHz et 867 Mbps sur 5 GHz. Port Gigabit: Tous conçus avec des ports gigabit, prennent en charge jusqu'à 1000 Mbps d'accès à la bande passante,  Smart WiFi Dual bande fournissent un accès de 1167 Mbps, utilisent pleinement la fibre gigabit. 5G Notre système d'optimisation dynamique vous attribuer automatiquement la fréquence de signal la plus rapide. 4 antennes de 6 dBi offrant des vitesses élevées sur de longues distances et une couverture wifi sans fil partout.;https://ma.jumia.is/unsafe/fit-in/680x680/filters:fill(white)/product/20/831336/1.jpg?5084|https://ma.jumia.is/unsafe/fit-in/680x680/filters:fill(white)/product/20/831336/2.jpg?5084|https://ma.jumia.is/unsafe/fit-in/680x680/filters:fill(white)/product/20/831336/3.jpg?5084|https://ma.jumia.is/unsafe/fit-in/680x680/filters:fill(white)/product/20/831336/4.jpg?5084|https://ma.jumia.is/unsafe/fit-in/680x680/filters:fill(white)/product/20/831336/5.jpg?5084|https://ma.jumia.is/unsafe/fit-in/680x680/filters:fill(white)/product/20/831336/6.jpg?5084|https://ma.jumia.is/unsafe/fit-in/680x680/filters:fill(white)/product/20/831336/7.jpg?5084|https://ma.jumia.is/unsafe/fit-in/680x680/filters:fill(white)/product/20/831336/8.jpg?5084;8;ok
201;wildberries;201_wildberries;https://www.wildberries.ru/catalog/313157698/detail.aspx;Роутер AC1200 AC8 двухдиапазонный;Tenda;Informatique;Routeurs Wi-Fi;2279;RUB;;https://basket-19.wbbasket.ru/vol3131/part313157/313157698/images/big/1.webp|https://basket-19.wbbasket.ru/vol3131/part313157/313157698/images/big/2.webp|https://basket-19.wbbasket.ru/vol3131/part313157/313157698/images/big/3.webp|https://basket-19.wbbasket.ru/vol3131/part313157/313157698/images/big/4.webp|https://basket-19.wbbasket.ru/vol3131/part313157/313157698/images/big/5.webp|https://basket-19.wbbasket.ru/vol3131/part313157/313157698/images/big/6.webp;6;ok
201;trendyol;201_trendyol;https://www.trendyol.com/tenda/ac8-4port-1200mbps-gigabit-access-point-router-p-861354922;;;Informatique;Routeurs Wi-Fi;125.8;AED;;https://cdn.dsmcdn.com/mnresize/300/-/sfweb/images/ae.png|https://cdn.dsmcdn.com/sfweb-checkout/images/basket-icon_1751630173674.png|https://cdn.dsmcdn.com/mobile/international/PaymentLogo/Mastercard3x.png|https://cdn.dsmcdn.com/mobile/international/PaymentLogo/Visa3x.png|https://cdn.dsmcdn.com/mobile/international/PaymentLogo/Applepay3x.png|https://cdn.dsmcdn.com/mobile/international/PaymentLogo/tamara_logo_en.png|https://cdn.dsmcdn.com/mobile/international/PaymentLogo/Tabby_Basket_new.png|https://cdn.dsmcdn.com/mobile/international/PaymentLogo/cod-v4.png;8;ok
201;daraz;201_daraz;https://www.daraz.pk/products/ac8-ac1200-4-i250209636-s1468004057.html?c=&channelLpJumpArgs=&clickTrackInfo=query%253ATenda%252BAC8%253Bnid%253A250209636%253Bsrc%253ALazadaMainSrp%253Brn%253Ad60c1e1c5b741dc78cc094c88daf18b8%253Bregion%253Apk%253Bsku%253A250209636_PK%253Bprice%253A9499%253Bclient%253Adesktop%253Bsupplier_id%253A1023166%253Bsession_id%253A%253Bbiz_source%253Ah5_external%253Bslot%253A0%253Butlog_bucket_id%253A470687%253Basc_category_id%253A128%253Bitem_id%253A250209636%253Bsku_id%253A1468004057%253Bshop_id%253A134785%253BtemplateInfo%253A&freeshipping=0&fs_ab=1&fuse_fs=&lang=en&location=Punjab&price=9499&priceCompare=skuId%3A1468004057%3Bsource%3Alazada-search-voucher%3Bsn%3Ad60c1e1c5b741dc78cc094c88daf18b8%3BoriginPrice%3A949900%3BdisplayPrice%3A949900%3BisGray%3Afalse%3BsinglePromotionId%3A-1%3BsingleToolCode%3A-1%3BvoucherPricePlugin%3A0%3Btimestamp%3A1785691288314&ratingscore=&request_id=d60c1e1c5b741dc78cc094c88daf18b8&review=&sale=0&search=1&source=search&spm=a2a0e.searchlist.list.0&stock=1;Tenda Ac8 Ac1200 Dual-band Gigabit Wireless Router 4 Antenna;Brand:;Informatique;Routeurs Wi-Fi;9.499;PKR;;https://static-01.daraz.pk/p/9e8bdffab19479dcc86105b4af427762.jpg;1;ok
202;jumia;202_jumia;https://www.jumia.ma/tenda-routeur-ac10-ac1200-smart-dual-band-gigabit-wifi-65670185.html;Routeur AC10 AC1200 Smart Dual-Band Gigabit WiFi ;tenda;Informatique;Routeurs Wi-Fi;580.00;MAD;"Caractéristique spéciale: Sans Fil,StableClasse de bande de fréquence: Double bandeNorme de communication sans fil: 802.11acAppareils compatibles: Ordinateur personnel, Ordinateur portable, Caméra de surveillance, Tablette, SmartphoneFréquence: 5 GHzUsages recommandés pour le produit: MaisonComposants inclus: Tenda AC10; Câbles inclus: LAN (RJ-45); Adaptateur secteur; Guide d'installation rapideTechnologie de connectivité: Ethernet";https://ma.jumia.is/unsafe/fit-in/680x680/filters:fill(white)/product/58/107656/1.jpg?4645|https://ma.jumia.is/unsafe/fit-in/680x680/filters:fill(white)/product/58/107656/2.jpg?4645|https://ma.jumia.is/unsafe/fit-in/680x680/filters:fill(white)/product/58/107656/3.jpg?4645|https://ma.jumia.is/unsafe/fit-in/680x680/filters:fill(white)/product/58/107656/4.jpg?4645;4;ok
202;wildberries;202_wildberries;https://www.wildberries.ru/catalog/1084740567/detail.aspx;Роутер AC1200 AC10 двухдиапазонный;Tenda;Informatique;Routeurs Wi-Fi;2557;RUB;;https://basket-42.wbbasket.ru/vol10847/part1084740/1084740567/images/big/1.webp|https://basket-42.wbbasket.ru/vol10847/part1084740/1084740567/images/big/2.webp|https://basket-42.wbbasket.ru/vol10847/part1084740/1084740567/images/big/3.webp|https://basket-42.wbbasket.ru/vol10847/part1084740/1084740567/images/big/4.webp|https://basket-42.wbbasket.ru/vol10847/part1084740/1084740567/images/big/5.webp|https://basket-42.wbbasket.ru/vol10847/part1084740/1084740567/images/big/6.webp;6;ok
203;wildberries;203_wildberries;https://www.wildberries.ru/catalog/858407105/detail.aspx;Mercusys AC10 AC1200 Двухдиапазонный Wi-Fi роутер;Mercusys;Informatique;Routeurs Wi-Fi;2718;RUB;;https://basket-38.wbbasket.ru/vol8584/part858407/858407105/images/big/1.webp|https://basket-38.wbbasket.ru/vol8584/part858407/858407105/images/big/2.webp|https://basket-38.wbbasket.ru/vol8584/part858407/858407105/images/big/3.webp|https://basket-38.wbbasket.ru/vol8584/part858407/858407105/images/big/4.webp|https://basket-38.wbbasket.ru/vol8584/part858407/858407105/images/big/5.webp|https://basket-38.wbbasket.ru/vol8584/part858407/858407105/images/big/6.webp|https://basket-38.wbbasket.ru/vol8584/part858407/858407105/images/big/7.webp|https://basket-38.wbbasket.ru/vol8584/part858407/858407105/images/big/8.webp|https://basket-38.wbbasket.ru/vol8584/part858407/858407105/images/big/9.webp|https://basket-38.wbbasket.ru/vol8584/part858407/858407105/images/big/10.webp|https://basket-38.wbbasket.ru/vol8584/part858407/858407105/images/big/11.webp;11;ok
203;daraz;203_daraz;https://www.daraz.pk/products/wifi-ac10-ac1200-18-i276547491-s1493241787.html?c=&channelLpJumpArgs=&clickTrackInfo=query%253AMercusys%252BAC10%253Bnid%253A276547491%253Bsrc%253ALazadaMainSrp%253Brn%253A2b075b2b0c35040728a3ca6b1cb5dc5e%253Bregion%253Apk%253Bsku%253A276547491_PK%253Bprice%253A6899%253Bclient%253Adesktop%253Bsupplier_id%253A6005018634482%253Bsession_id%253A%253Bbiz_source%253Ah5_external%253Bslot%253A0%253Butlog_bucket_id%253A470687%253Basc_category_id%253A128%253Bitem_id%253A276547491%253Bsku_id%253A1493241787%253Bshop_id%253A803361%253BtemplateInfo%253A&freeshipping=0&fs_ab=1&fuse_fs=&lang=en&location=Sindh&price=6899&priceCompare=skuId%3A1493241787%3Bsource%3Alazada-search-voucher%3Bsn%3A2b075b2b0c35040728a3ca6b1cb5dc5e%3BoriginPrice%3A689900%3BdisplayPrice%3A689900%3BisGray%3Afalse%3BsinglePromotionId%3A-1%3BsingleToolCode%3AmockedSalePrice%3BvoucherPricePlugin%3A0%3Btimestamp%3A1785692150829&ratingscore=4.666666666666667&request_id=2b075b2b0c35040728a3ca6b1cb5dc5e&review=6&sale=17&search=1&source=search&spm=a2a0e.searchlist.list.0&stock=1;Mercusys Wi-Fi Router AC10 Dual Band AC1200 Wireless Router - 18 Months Brand Warranty;Mercusys;Informatique;Routeurs Wi-Fi;6.799;PKR;;https://static-01.daraz.pk/p/9c32dd4bea14303b2c8acd1d984cf1db.png|https://www.youtube.com/watch?v=YdFzlP8EPno|https://static-01.daraz.pk/p/e3426f5fdca7c4b8230ab5335bb9bd5a.jpg|https://static-01.daraz.pk/p/1d5bc62b9a70080f01918c62f80b8e54.png|https://static-01.daraz.pk/p/9ecc2dafe9a3a98ad839132f1388ecf7.jpg|https://static-01.daraz.pk/p/ba6f4080bde4c66c1a12deabe79ef634.jpg|https://static-01.daraz.pk/p/4f6380358395567fdcdd0d4803e1eb41.jpg|https://static-01.daraz.pk/p/e123c144eb9a8a584be1910bef8c80b7.jpg;8;ok
204;wildberries;204_wildberries;https://www.wildberries.ru/catalog/1146891680/detail.aspx;Маршрутизатор Mercusys AC12G, AC1200, гигабит;Mercusys;Informatique;Routeurs Wi-Fi;6480;RUB;;https://basket-43.wbbasket.ru/vol11468/part1146891/1146891680/images/big/1.webp|https://basket-43.wbbasket.ru/vol11468/part1146891/1146891680/images/big/2.webp|https://basket-43.wbbasket.ru/vol11468/part1146891/1146891680/images/big/3.webp|https://basket-43.wbbasket.ru/vol11468/part1146891/1146891680/images/big/4.webp|https://basket-43.wbbasket.ru/vol11468/part1146891/1146891680/images/big/5.webp|https://basket-43.wbbasket.ru/vol11468/part1146891/1146891680/images/big/6.webp;6;ok
204;trendyol;204_trendyol;https://www.trendyol.com/tenda/ac8-4port-1200mbps-gigabit-access-point-router-p-861354922;;;Informatique;Routeurs Wi-Fi;135.23;AED;;https://cdn.dsmcdn.com/mnresize/300/-/sfweb/images/ae.png|https://cdn.dsmcdn.com/sfweb-checkout/images/basket-icon_1751630173674.png|https://cdn.dsmcdn.com/mobile/international/PaymentLogo/Mastercard3x.png|https://cdn.dsmcdn.com/mobile/international/PaymentLogo/Visa3x.png|https://cdn.dsmcdn.com/mobile/international/PaymentLogo/Applepay3x.png|https://cdn.dsmcdn.com/mobile/international/PaymentLogo/tamara_logo_en.png|https://cdn.dsmcdn.com/mobile/international/PaymentLogo/Tabby_Basket_new.png|https://cdn.dsmcdn.com/mobile/international/PaymentLogo/cod-v4.png;8;ok
204;daraz;204_daraz;https://www.daraz.pk/products/ahmed-technologies-mercusys-ac12g-router-dual-band-wifi-speeds-of-up-to-400-mbps-on-the-24-ghz-band-and-867-mbps-on-the-5-ghz-band-i549604919-s2558979001.html?c=&channelLpJumpArgs=&clickTrackInfo=query%253AMercusys%252BAC12G%253Bnid%253A549604919%253Bsrc%253ALazadaMainSrp%253Brn%253A925c974da287058726ac82afd8961581%253Bregion%253Apk%253Bsku%253A549604919_PK%253Bprice%253A16000%253Bclient%253Adesktop%253Bsupplier_id%253A1025947%253Bsession_id%253A%253Bbiz_source%253Ah5_external%253Bslot%253A0%253Butlog_bucket_id%253A470687%253Basc_category_id%253A10498%253Bitem_id%253A549604919%253Bsku_id%253A2558979001%253Bshop_id%253A137662%253BtemplateInfo%253A&freeshipping=0&fs_ab=1&fuse_fs=&lang=en&location=Khyber%20Pakhtunkhwa&price=1.6E%204&priceCompare=skuId%3A2558979001%3Bsource%3Alazada-search-voucher%3Bsn%3A925c974da287058726ac82afd8961581%3BoriginPrice%3A1600000%3BdisplayPrice%3A1600000%3BisGray%3Afalse%3BsinglePromotionId%3A-1%3BsingleToolCode%3A-1%3BvoucherPricePlugin%3A0%3Btimestamp%3A1785692271768&ratingscore=&request_id=925c974da287058726ac82afd8961581&review=&sale=0&search=1&source=search&spm=a2a0e.searchlist.list.0&stock=1;Ahmed Technologies MERCUSYS AC12G | ROUTER Dual Band WiFi – Speeds of up to 400 Mbps on the 2.4 GHz band and 867 Mbps on the 5 GHz band;No Brand;Informatique;Routeurs Wi-Fi;16.000;PKR;;https://static-01.daraz.pk/p/5580481bbee19fed7366721c6a51d51b.jpg|https://static-01.daraz.pk/p/a741c96a71cd71806978d4e66142a078.jpg|https://static-01.daraz.pk/p/75aa79d7472ba3baf5e46230538f510c.jpg|https://static-01.daraz.pk/p/557aa05b92b369962b69d86e0a0bbdb6.jpg;4;ok
205;jumia;205_jumia;https://www.jumia.ma/mercusys-mr30g-routeur-sans-fil-gigabit-ethernet-bi-bande-24-ghz-5-ghz-65937784.html;MR30G routeur sans fil Gigabit Ethernet Bi-bande (2,4 GHz / 5 GHz) ;Mercusys;Informatique;Routeurs Wi-Fi;420.00;MAD;Routeur NoirBi-bande (2,4 GHz / 5 GHz) Wi-Fi 5 (802.11ac) 1167 Mbit/s Gigabit EthernetEthernet WAN Nombre de port ethernet LAN (RJ-45): 3Gestion basée sur le web MIMO (entrées multiples, sorties multiples) Technologie MU- MIMO (entrées multiples, sorties multiples);https://ma.jumia.is/unsafe/fit-in/680x680/filters:fill(white)/product/48/773956/1.jpg?7325|https://ma.jumia.is/unsafe/fit-in/680x680/filters:fill(white)/product/48/773956/2.jpg?7325;2;ok
205;wildberries;205_wildberries;https://www.wildberries.ru/catalog/853300917/detail.aspx;Роутер Wi-Fi MR30G;Mercusys;Informatique;Routeurs Wi-Fi;1849.69;RUB;;https://basket-38.wbbasket.ru/vol8533/part853300/853300917/images/big/1.webp|https://basket-38.wbbasket.ru/vol8533/part853300/853300917/images/big/2.webp|https://basket-38.wbbasket.ru/vol8533/part853300/853300917/images/big/3.webp|https://basket-38.wbbasket.ru/vol8533/part853300/853300917/images/big/4.webp|https://basket-38.wbbasket.ru/vol8533/part853300/853300917/images/big/5.webp;5;ok
205;trendyol;205_trendyol;https://www.trendyol.com/mercusys/mr30g-ac1200-mbps-kablosuz-cift-bantli-gigabit-router-p-350205077;MercusysMr30G Ac1200 Mbps Wireless Dual Band Gigabit Router;;Informatique;Routeurs Wi-Fi;77.14;AED;;https://cdn.dsmcdn.com/mnresize/300/-/sfweb/images/ae.png|https://cdn.dsmcdn.com/mnresize/620/920/ty1531/product/media/images/prod/QC/20240909/10/8241b51c-414f-35a6-ba97-0a18ca8f6c96/1_org_zoom.jpg|https://cdn.dsmcdn.com/mnresize/620/920/ty1531/product/media/images/prod/QC/20240909/10/7f1ba2d3-fd3a-346e-a572-eae6c0452415/1_org_zoom.jpg|https://cdn.dsmcdn.com/mnresize/620/920/ty1531/product/media/images/prod/QC/20240909/10/5234e319-983d-397d-8d0e-2e816957ecf0/1_org_zoom.jpg|https://cdn.dsmcdn.com/mnresize/620/920/ty1531/product/media/images/prod/QC/20240909/10/644f9f1d-ccc7-3bac-ab13-15d84f7a6d41/1_org_zoom.jpg|https://cdn.dsmcdn.com/mnresize/620/920/ty1532/product/media/images/prod/QC/20240909/10/e4ec0d70-5e09-3afe-b70b-a2139286d4d3/1_org_zoom.jpg|https://cdn.dsmcdn.com/mobile/international/PaymentLogo/tamara_snippet_en.png|https://cdn.dsmcdn.com/mobile/international/PaymentLogo/Tabby_snippet_new.png|https://cdn.dsmcdn.com/mobile/international/PaymentLogo/cod-v4.png|https://cdn.dsmcdn.com/ty1531/product/media/images/prod/QC/20240909/10/8241b51c-414f-35a6-ba97-0a18ca8f6c96/1_org_zoom.jpg|https://cdn.dsmcdn.com/sfweb-checkout/images/basket-icon_1751630173674.png|https://cdn.dsmcdn.com/mobile/international/PaymentLogo/Mastercard3x.png|https://cdn.dsmcdn.com/mobile/international/PaymentLogo/Visa3x.png|https://cdn.dsmcdn.com/mobile/international/PaymentLogo/Applepay3x.png|https://cdn.dsmcdn.com/mobile/international/PaymentLogo/tamara_logo_en.png|https://cdn.dsmcdn.com/mobile/international/PaymentLogo/Tabby_Basket_new.png;16;ok
205;daraz;205_daraz;https://www.daraz.pk/products/mr30g-ac1200-1-i1962433698-s14035647367.html?c=&channelLpJumpArgs=&clickTrackInfo=query%253AMercusys%252BMR30G%253Bnid%253A1962433698%253Bsrc%253ALazadaMainSrp%253Brn%253A0212bd45119b8060b2c955f9ab621310%253Bregion%253Apk%253Bsku%253A1962433698_PK%253Bprice%253A10650%253Bclient%253Adesktop%253Bsupplier_id%253A1037592%253Bsession_id%253A%253Bbiz_source%253Ah5_external%253Bslot%253A2%253Butlog_bucket_id%253A470687%253Basc_category_id%253A128%253Bitem_id%253A1962433698%253Bsku_id%253A14035647367%253Bshop_id%253A149400%253BtemplateInfo%253A&freeshipping=0&fs_ab=1&fuse_fs=&lang=en&location=Punjab&price=1.065E%204&priceCompare=skuId%3A14035647367%3Bsource%3Alazada-search-voucher%3Bsn%3A0212bd45119b8060b2c955f9ab621310%3BoriginPrice%3A1065000%3BdisplayPrice%3A1065000%3BisGray%3Afalse%3BsinglePromotionId%3A-1%3BsingleToolCode%3AmockedSalePrice%3BvoucherPricePlugin%3A0%3Btimestamp%3A1785692402254&ratingscore=&request_id=0212bd45119b8060b2c955f9ab621310&review=&sale=0&search=1&source=search&spm=a2a0e.searchlist.list.2&stock=1;Mercusys Wi-Fi Router MR30G Dual Band Gigabit AC1200 Wireless Dual Band Gigabit Router   - 1 year Brand Warranty;No Brand;Informatique;Routeurs Wi-Fi;10.650;PKR;;https://static-01.daraz.pk/p/8b0d0b0959afde04f2fe0c1006032581.jpg|https://static-01.daraz.pk/p/d74f13db3b8e528a3417a48df8a5e5e0.jpg|https://static-01.daraz.pk/p/d74f13db3b8e528a3417a48df8a5e5e0.jpg|https://static-01.daraz.pk/p/48f5b2ffa1e57c0119ca2a35c4eb73af.jpg;4;ok
206;wildberries;206_wildberries;https://www.wildberries.ru/catalog/211043946/detail.aspx;Wi-Fi Роутер MR50G гигабитный AC1900, 3xRJ45 1Гбит/с, Mesh;Mercusys;Informatique;Routeurs Wi-Fi;4.46;RUB;;https://basket-14.wbbasket.ru/vol2110/part211043/211043946/images/big/1.webp|https://basket-14.wbbasket.ru/vol2110/part211043/211043946/images/big/2.webp|https://basket-14.wbbasket.ru/vol2110/part211043/211043946/images/big/3.webp|https://basket-14.wbbasket.ru/vol2110/part211043/211043946/images/big/4.webp|https://basket-14.wbbasket.ru/vol2110/part211043/211043946/images/big/5.webp|https://basket-14.wbbasket.ru/vol2110/part211043/211043946/images/big/6.webp|https://basket-14.wbbasket.ru/vol2110/part211043/211043946/images/big/7.webp|https://basket-14.wbbasket.ru/vol2110/part211043/211043946/images/big/8.webp|https://basket-14.wbbasket.ru/vol2110/part211043/211043946/images/big/9.webp|https://basket-14.wbbasket.ru/vol2110/part211043/211043946/images/big/10.webp;10;ok
206;daraz;206_daraz;https://www.daraz.pk/products/wifi-6-mr60x-ax1500-wifi6-18-i564260549-s2613537387.html?c=&channelLpJumpArgs=&clickTrackInfo=query%253AMercusys%252BMR50G%253Bnid%253A564260549%253Bsrc%253ALazadaMainSrp%253Brn%253A26538d6ff696243c2da9f89d88d8fe5a%253Bregion%253Apk%253Bsku%253A564260549_PK%253Bprice%253A14099%253Bclient%253Adesktop%253Bsupplier_id%253A6005018634482%253Bsession_id%253A%253Bbiz_source%253Ah5_external%253Bslot%253A0%253Butlog_bucket_id%253A470687%253Basc_category_id%253A128%253Bitem_id%253A564260549%253Bsku_id%253A2613537387%253Bshop_id%253A803361%253BtemplateInfo%253A&freeshipping=0&fs_ab=1&fuse_fs=&lang=en&location=Sindh&price=14099&priceCompare=skuId%3A2613537387%3Bsource%3Alazada-search-voucher%3Bsn%3A26538d6ff696243c2da9f89d88d8fe5a%3BoriginPrice%3A1409900%3BdisplayPrice%3A1409900%3BisGray%3Afalse%3BsinglePromotionId%3A-1%3BsingleToolCode%3AmockedSalePrice%3BvoucherPricePlugin%3A0%3Btimestamp%3A1785692489575&ratingscore=5.0&request_id=26538d6ff696243c2da9f89d88d8fe5a&review=1&sale=3&search=1&source=search&spm=a2a0e.searchlist.list.0&stock=1;Mercusys Wi-Fi 6 Router MR60X AX1500 WiFi 6 Router - 18 Months Brand Warranty;Mercusys;Informatique;Routeurs Wi-Fi;14.099;PKR;;https://static-01.daraz.pk/p/212826a05142394fb6ce1fb137f99b24.jpg|https://youtu.be/Hnm25_9KM-Q|https://static-01.daraz.pk/p/e3426f5fdca7c4b8230ab5335bb9bd5a.jpg|https://static-01.daraz.pk/p/524c909152f0f7911f916af23f187a95.jpg|https://static-01.daraz.pk/p/aee0736731387f7aee993622cc68299d.jpg|https://static-01.daraz.pk/p/adbf465b3c61c7da6c6fa5c0de7e6112.jpg|https://static-01.daraz.pk/p/9f9405f5b49f2b1b1fa5da93392c38b9.jpg;7;ok
207;wildberries;207_wildberries;https://www.wildberries.ru/catalog/978282155/detail.aspx;Wi-Fi роутер двухдиапазонный Mercusys MR70X, AX1800, черный (MR70X);Mercusys;Informatique;Routeurs Wi-Fi;7705;RUB;;https://basket-41.wbbasket.ru/vol9782/part978282/978282155/images/big/1.webp|https://basket-41.wbbasket.ru/vol9782/part978282/978282155/images/big/2.webp|https://basket-41.wbbasket.ru/vol9782/part978282/978282155/images/big/3.webp|https://basket-41.wbbasket.ru/vol9782/part978282/978282155/images/big/4.webp|https://basket-41.wbbasket.ru/vol9782/part978282/978282155/images/big/5.webp|https://basket-41.wbbasket.ru/vol9782/part978282/978282155/images/big/6.webp|https://basket-41.wbbasket.ru/vol9782/part978282/978282155/images/big/7.webp|https://basket-41.wbbasket.ru/vol9782/part978282/978282155/images/big/8.webp|https://basket-41.wbbasket.ru/vol9782/part978282/978282155/images/big/9.webp|https://basket-41.wbbasket.ru/vol9782/part978282/978282155/images/big/10.webp|https://basket-41.wbbasket.ru/vol9782/part978282/978282155/images/big/11.webp|https://basket-41.wbbasket.ru/vol9782/part978282/978282155/images/big/12.webp|https://basket-41.wbbasket.ru/vol9782/part978282/978282155/images/big/13.webp|https://basket-41.wbbasket.ru/vol9782/part978282/978282155/images/big/14.webp|https://basket-41.wbbasket.ru/vol9782/part978282/978282155/images/big/15.webp|https://basket-41.wbbasket.ru/vol9782/part978282/978282155/images/big/16.webp|https://basket-41.wbbasket.ru/vol9782/part978282/978282155/images/big/17.webp|https://basket-41.wbbasket.ru/vol9782/part978282/978282155/images/big/18.webp|https://basket-41.wbbasket.ru/vol9782/part978282/978282155/images/big/19.webp|https://basket-41.wbbasket.ru/vol9782/part978282/978282155/images/big/20.webp|https://basket-41.wbbasket.ru/vol9782/part978282/978282155/images/big/21.webp|https://basket-41.wbbasket.ru/vol9782/part978282/978282155/images/big/22.webp|https://basket-41.wbbasket.ru/vol9782/part978282/978282155/images/big/23.webp;23;ok
207;daraz;207_daraz;https://www.daraz.pk/products/wifi-6-mr70x-ax1800-wifi6-18-i277887045-s1498945147.html?c=&channelLpJumpArgs=&clickTrackInfo=query%253AMercusys%252BMR70X%253Bnid%253A277887045%253Bsrc%253ALazadaMainSrp%253Brn%253A1fbcf0690a1e00b2ebcd71da8b356bf2%253Bregion%253Apk%253Bsku%253A277887045_PK%253Bprice%253A18299%253Bclient%253Adesktop%253Bsupplier_id%253A6005018634482%253Bsession_id%253A%253Bbiz_source%253Ah5_external%253Bslot%253A0%253Butlog_bucket_id%253A470687%253Basc_category_id%253A128%253Bitem_id%253A277887045%253Bsku_id%253A1498945147%253Bshop_id%253A803361%253BtemplateInfo%253A&freeshipping=0&fs_ab=1&fuse_fs=&lang=en&location=Sindh&price=18299&priceCompare=skuId%3A1498945147%3Bsource%3Alazada-search-voucher%3Bsn%3A1fbcf0690a1e00b2ebcd71da8b356bf2%3BoriginPrice%3A1829900%3BdisplayPrice%3A1829900%3BisGray%3Afalse%3BsinglePromotionId%3A-1%3BsingleToolCode%3AmockedSalePrice%3BvoucherPricePlugin%3A0%3Btimestamp%3A1785692547861&ratingscore=5.0&request_id=1fbcf0690a1e00b2ebcd71da8b356bf2&review=3&sale=3&search=1&source=search&spm=a2a0e.searchlist.list.0&stock=1;Mercusys Wi-Fi 6 Router MR70X Dual Band Gigabit Router AX1800 WiFi 6 Router - 18 Months Brand Warranty;Mercusys;Informatique;Routeurs Wi-Fi;18.299;PKR;;https://static-01.daraz.pk/p/fd9fadcc09c941b8dd087bbee5c40524.png|https://www.youtube.com/watch?v=yGWf-fleZCQ|https://static-01.daraz.pk/p/e3426f5fdca7c4b8230ab5335bb9bd5a.jpg|https://static-01.daraz.pk/p/e761f671e4457ffddb6c619b9a0985e0.jpg|https://static-01.daraz.pk/p/f0d41955f0a28ec59ee9c571da0cc872.jpg|https://static-01.daraz.pk/p/e720418ef1123613bc3a14bf638447f2.jpg|https://static-01.daraz.pk/p/fc69ea311b6a205b796d0f17519e91fb.jpg|https://static-01.daraz.pk/p/19136391bfa9397fb4c8bcca90ce296b.jpg;8;ok
208;jumia;208_jumia;https://www.jumia.ma/huawei-wifi-ax3-wifi-6-routeur-haute-vitesse-point-dacces-filaire-sans-fil-66222188.html;WiFi AX3 WiFi 6 – Routeur Haute Vitesse | Point d’Accès Filaire & Sans Fil;Huawei;Informatique;Routeurs Wi-Fi;450.00;MAD;Vitesse ultra-rapide : Le HUAWEI AX3 prend en charge des vitesses théoriques allant jusqu'à 3000 Mbps grâce à la bande passante de 160 MHz et à la technologie 1024-QAM. Cela permet une connexion rapide et fluide pour toutes vos activités en ligne, y compris le streaming 4K et les jeux en ligne.Couverture améliorée : Le AX3 bénéficie de la technologie HUAWEI Wi-Fi 6+, qui améliore la portée du signal. Les signaux peuvent traverser des murs et des objets solides, garantissant une bonne réception même dans des zones éloignées du routeur, comme à l'étage supérieur.Connexion simultanée de plusieurs appareils : Grâce à la technologie OFDMA, l'AX3 peut connecter simultanément plusieurs appareils sans compromettre les performances. Il peut gérer jusqu'à 4 appareils sur la bande 2.4 GHz et 16 appareils sur la bande 5 GHz, avec un total de 128 appareils possibles.Compatibilité avec les appareils HUAWEI : Les téléphones, tablettes et ordinateurs portables haut de gamme HUAWEI, compatibles avec la bande passante de 160 MHz, peuvent profiter d'une augmentation de vitesse de 60 % par rapport aux anciens modèles de Wi-Fi 5.Connexion stable : L'AX3 offre une connexion stable grâce à sa technologie de bande passante dynamique étroite de 2 MHz, qui réduit les interférences et garantit une bande passante continue et fiable.Facilité d'installation et de gestion : L'installation du HUAWEI AX3 est simple, et il est facilement gérable via l'application HUAWEI AI Life, ce qui permet de personnaliser les paramètres et de surveiller les performances de votre réseau.;https://ma.jumia.is/unsafe/fit-in/680x680/filters:fill(white)/product/88/122266/1.jpg?7625|https://ma.jumia.is/unsafe/fit-in/680x680/filters:fill(white)/product/88/122266/2.jpg?7625|https://ma.jumia.is/unsafe/fit-in/680x680/filters:fill(white)/product/88/122266/3.jpg?7625|https://ma.jumia.is/unsafe/fit-in/680x680/filters:fill(white)/product/88/122266/4.jpg?7625;4;ok
208;wildberries;208_wildberries;https://www.wildberries.ru/catalog/606492387/detail.aspx;Wi-Fi роутер AX3 WS7100;Huawei;Informatique;Routeurs Wi-Fi;3374;RUB;;https://basket-30.wbbasket.ru/vol6064/part606492/606492387/images/big/1.webp|https://basket-30.wbbasket.ru/vol6064/part606492/606492387/images/big/2.webp|https://basket-30.wbbasket.ru/vol6064/part606492/606492387/images/big/3.webp|https://basket-30.wbbasket.ru/vol6064/part606492/606492387/images/big/4.webp|https://basket-30.wbbasket.ru/vol6064/part606492/606492387/images/big/5.webp|https://basket-30.wbbasket.ru/vol6064/part606492/606492387/images/big/6.webp|https://basket-30.wbbasket.ru/vol6064/part606492/606492387/images/big/7.webp|https://basket-30.wbbasket.ru/vol6064/part606492/606492387/images/big/8.webp|https://basket-30.wbbasket.ru/vol6064/part606492/606492387/images/big/9.webp|https://basket-30.wbbasket.ru/vol6064/part606492/606492387/images/big/10.webp;10;ok
209;jumia;209_jumia;https://www.jumia.ma/imprimante-laser-monochrome-laserjet-m111w-7md68a-hp-mpg1537694.html;Imprimante Laser Monochrome LaserJet M111w (7MD68A);Hp;Informatique;Imprimantes;1660.00;MAD;"Vitesse d'impression noir: 20 pages par minute (norme ISO)Qualité d'impression noire: Jusqu'à 600 x 600 pppVolume de pages mensuel recommandé: 100 à 1000 (HP recommande un nombre de pages imprimées mensuelles dans la fourchette indiquée afin d'optimiser les performances du dispositif, en fonction de facteurs incluant les intervalles de remplacement des consommables et la durée de vie du dispositif durant la période de garantie étendue.)Impression recto/verso: NonFonctionne avec: 1 (noir)Connectivité: 1 port USB 2.0 haut débit ; WI-FI avec Bluetooth® à faible consommation énergétique";https://ma.jumia.is/unsafe/fit-in/680x680/filters:fill(white)/product/20/474276/1.jpg?8052|https://ma.jumia.is/unsafe/fit-in/680x680/filters:fill(white)/product/20/474276/2.jpg?8052|https://ma.jumia.is/unsafe/fit-in/680x680/filters:fill(white)/product/20/474276/3.jpg?8052;3;ok
209;wildberries;209_wildberries;https://www.wildberries.ru/catalog/347443293/detail.aspx;Принтер лазерный LaserJet M111w (7MD68A) А4 ч/б USB, Wi-Fi;HP;Informatique;Imprimantes;12988;RUB;;https://basket-20.wbbasket.ru/vol3474/part347443/347443293/images/big/1.webp|https://basket-20.wbbasket.ru/vol3474/part347443/347443293/images/big/2.webp|https://basket-20.wbbasket.ru/vol3474/part347443/347443293/images/big/3.webp|https://basket-20.wbbasket.ru/vol3474/part347443/347443293/images/big/4.webp|https://basket-20.wbbasket.ru/vol3474/part347443/347443293/images/big/5.webp|https://basket-20.wbbasket.ru/vol3474/part347443/347443293/images/big/6.webp;6;ok
209;trendyol;209_trendyol;https://www.trendyol.com/hp/7md68a-m111w-mono-wifi-lazer-yazici-p-763690761;HPLaserjet M111w Printer - Compact Size, Black And White, Printer For Small Offices;HP;Informatique;Imprimantes;499.00;AED;;https://cdn.dsmcdn.com/mnresize/300/-/sfweb/images/ae.png|https://cdn.dsmcdn.com/mnresize/620/920/ty1711/prod/QC_PREP/20250715/12/d3650df9-d175-3f20-b1f8-b0d70eab2d5e/1_org_zoom.jpg|https://cdn.dsmcdn.com/mnresize/30/30/mobile/reviewrating/kamera-emoji6x.png|https://cdn.dsmcdn.com/mnresize/30/30/mobile/pdp/Additional/orange-heart_1f9e1.png|https://cdn.dsmcdn.com/mobile/international/PaymentLogo/tamara_snippet_en.png|https://cdn.dsmcdn.com/mobile/international/PaymentLogo/Tabby_snippet_new.png|https://cdn.dsmcdn.com/mnresize/300/-/sfint/production/flags/ae.png|https://cdn.dsmcdn.com/indexing-sticker-stamp/mars/05c4fe58-ce44-4a49-9eb8-e82d5933239b.png|https://cdn.dsmcdn.com/ty1711/prod/QC_PREP/20250715/12/d3650df9-d175-3f20-b1f8-b0d70eab2d5e/1_org_zoom.jpg|https://cdn.dsmcdn.com/sfweb-checkout/images/basket-icon_1751630173674.png|https://cdn.dsmcdn.com/mobile/international/PaymentLogo/Mastercard3x.png|https://cdn.dsmcdn.com/mobile/international/PaymentLogo/Visa3x.png|https://cdn.dsmcdn.com/mobile/international/PaymentLogo/Applepay3x.png|https://cdn.dsmcdn.com/mobile/international/PaymentLogo/tamara_logo_en.png|https://cdn.dsmcdn.com/mobile/international/PaymentLogo/Tabby_Basket_new.png|https://cdn.dsmcdn.com/mobile/international/PaymentLogo/cod-v4.png;16;ok
209;daraz;209_daraz;https://www.daraz.pk/products/hp-111w-printer-laserjet-wireless-original-small-size-printer-new-box-packed-1-year-warranty-i112436647-s1263982636.html?c=&channelLpJumpArgs=&clickTrackInfo=query%253AHP%252BLaserJet%252BM111w%253Bnid%253A112436647%253Bsrc%253ALazadaMainSrp%253Brn%253A16b708a6bf1899e66026c4cee867d917%253Bregion%253Apk%253Bsku%253A112436647_PK%253Bprice%253A42999%253Bclient%253Adesktop%253Bsupplier_id%253A23094%253Bsession_id%253A%253Bbiz_source%253Ah5_external%253Bslot%253A8%253Butlog_bucket_id%253A470687%253Basc_category_id%253A5662%253Bitem_id%253A112436647%253Bsku_id%253A1263982636%253Bshop_id%253A107615%253BtemplateInfo%253A&freeshipping=0&fs_ab=1&fuse_fs=&lang=en&location=Sindh&price=42999&priceCompare=skuId%3A1263982636%3Bsource%3Alazada-search-voucher%3Bsn%3A16b708a6bf1899e66026c4cee867d917%3BoriginPrice%3A4299900%3BdisplayPrice%3A4299900%3BisGray%3Afalse%3BsinglePromotionId%3A-1%3BsingleToolCode%3AmockedSalePrice%3BvoucherPricePlugin%3A0%3Btimestamp%3A1785693993541&ratingscore=5.0&request_id=16b708a6bf1899e66026c4cee867d917&review=40&sale=128&search=1&source=search&spm=a2a0e.searchlist.list.8&stock=1;HP 111w Printer Laserjet Wireless Original Small Size Printer New Box Packed - 1 Year Warranty;No Brand;Informatique;Imprimantes;42.999;PKR;;https://static-01.daraz.pk/p/2854c66dd9848121d6b9a55c19fda54e.jpg|https://static-01.daraz.pk/p/3a2a465279943e5c3844b604e5aa484c.jpg|https://static-01.daraz.pk/p/afbb1e1f122dd82d7f663d7b03067053.jpg|https://static-01.daraz.pk/p/3a2a465279943e5c3844b604e5aa484c.jpg|https://static-01.daraz.pk/p/afbb1e1f122dd82d7f663d7b03067053.jpg|https://static-01.daraz.pk/p/bff272b78407094d0ecb536c3debc02e.jpg;6;ok
210;jumia;210_jumia;https://www.jumia.ma/hp-imprimante-smart-tank-580-multifonction-a-reservoirs-rechargeables-1f3y2a-65459386.html;Imprimante Smart Tank 580 multifonction à réservoirs rechargeables (1F3Y2A);Hp;Informatique;Imprimantes;1789.00;MAD;"HP Smart Tank 580Impression, copie, numérisation3 x HP GT53XL Bouteilles d’encre noire authentique de 135 ml (1VV24A); HP GT52 Bouteille d’encre cyan authentique de 50 ml (6ZE03A); HP GT52 Bouteille d’encre magenta authentique de 50 ml (6ZE04A); HP GT52 Bouteille d’encre jaune authentique de 50 ml (6ZE05A);Vitesse d’impression noir: 22 pages/min (12 pages/min en norme ISO)Vitesse d’impression couleur: 16 pages/min (5 pages/min en norme ISO)Qualité d’impression noire: Jusqu’à 1 200 x 1 200 ppp rendusQualité d’impression couleur: Jusqu’à 4 800 x 1 200 ppp optimisés en couleurs (pour l’impression depuis un ordinateur et 1 200 ppp en entrée)Volume de pages mensuel recommandé: 400 à 800Impression recto/verso: Manuel (avec prise en charge des pilotes)Fonctionne avec: 4 (1 bouteille d’encre noire, jeu de 3 bouteilles d’encre de couleur)Connectivité: 1 port USB 2.0 haut débit (périphérique); 1 port Bluetooth Low Energy; 1 Wi-Fi 802.11b/g/n; 1 port Wi-Fi Direct";https://ma.jumia.is/unsafe/fit-in/680x680/filters:fill(white)/product/68/395456/1.jpg?1363|https://ma.jumia.is/unsafe/fit-in/680x680/filters:fill(white)/product/68/395456/2.jpg?1363|https://ma.jumia.is/unsafe/fit-in/680x680/filters:fill(white)/product/68/395456/3.jpg?1363;3;ok
210;wildberries;210_wildberries;https://www.wildberries.ru/catalog/274437047/detail.aspx;МФУ струйный Smart Tank 580 A4 WiFi;HP;Informatique;Imprimantes;23906;RUB;;https://basket-17.wbbasket.ru/vol2744/part274437/274437047/images/big/1.webp|https://basket-17.wbbasket.ru/vol2744/part274437/274437047/images/big/2.webp|https://basket-17.wbbasket.ru/vol2744/part274437/274437047/images/big/3.webp|https://basket-17.wbbasket.ru/vol2744/part274437/274437047/images/big/4.webp|https://basket-17.wbbasket.ru/vol2744/part274437/274437047/images/big/5.webp|https://basket-17.wbbasket.ru/vol2744/part274437/274437047/images/big/6.webp|https://basket-17.wbbasket.ru/vol2744/part274437/274437047/images/big/7.webp|https://basket-17.wbbasket.ru/vol2744/part274437/274437047/images/big/8.webp|https://basket-17.wbbasket.ru/vol2744/part274437/274437047/images/big/9.webp;9;ok
210;trendyol;210_trendyol;https://www.trendyol.com/hp/smart-tank-585-all-in-one-printer-wifi-baski-fotokopi-tarama-wireless-1f3y4a-p-800901812;HP Smart Tank 585 All-in-One Printer (1F3Y4A) Blue;HP;Informatique;Imprimantes;699.00;AED;;https://cdn.dsmcdn.com/ty1714/prod/QC_PREP/20250722/11/2798b824-2e03-3267-b487-9c6f4bf1ba8d/1_org_zoom.jpg|https://cdn.dsmcdn.com/ty1714/prod/QC_PREP/20250722/11/02a7fb50-1f72-3024-8276-97823b901e61/1_org_zoom.jpg|https://cdn.dsmcdn.com/ty1713/prod/QC_PREP/20250722/11/8931948d-9883-3df2-b023-fa2992876b03/1_org_zoom.jpg|https://cdn.dsmcdn.com/ty1715/prod/QC_PREP/20250722/11/0325537d-4a7d-3e04-bed0-41e13b945e93/1_org_zoom.jpg|https://cdn.dsmcdn.com/ty1713/prod/QC_PREP/20250722/11/18b6977b-10be-35e7-8827-7fbc89825fdc/1_org_zoom.jpg|https://cdn.dsmcdn.com/ty1713/prod/QC_PREP/20250722/11/9b50b355-e7f7-37d0-8f65-9b8530711e82/1_org_zoom.jpg|https://cdn.dsmcdn.com/ty1714/prod/QC_PREP/20250722/11/5064836f-7a69-3979-9aca-b0eed5f3e10c/1_org_zoom.jpg|https://cdn.dsmcdn.com/ty1714/prod/QC_PREP/20250722/11/95788cdb-794a-31e0-aba5-6032e3c1b148/1_org_zoom.jpg;8;ok
210;daraz;210_daraz;https://www.daraz.pk/products/hp-smart-tank-585-printer-all-in-one-printcopyscanwireless-1-year-brand-warranty-i119308204-s2252942040.html?c=&channelLpJumpArgs=&clickTrackInfo=query%253AHP%252BSmart%252BTank%252B580%253Bnid%253A119308204%253Bsrc%253ALazadaMainSrp%253Brn%253A8586ec4ffe12b883148bba7b424db774%253Bregion%253Apk%253Bsku%253A119308204_PK%253Bprice%253A51499%253Bclient%253Adesktop%253Bsupplier_id%253A23094%253Bsession_id%253A%253Bbiz_source%253Ah5_external%253Bslot%253A0%253Butlog_bucket_id%253A470687%253Basc_category_id%253A5664%253Bitem_id%253A119308204%253Bsku_id%253A2252942040%253Bshop_id%253A107615%253BtemplateInfo%253A&freeshipping=0&fs_ab=1&fuse_fs=&lang=en&location=Sindh&price=51499&priceCompare=skuId%3A2252942040%3Bsource%3Alazada-search-voucher%3Bsn%3A8586ec4ffe12b883148bba7b424db774%3BoriginPrice%3A5149900%3BdisplayPrice%3A5149900%3BisGray%3Afalse%3BsinglePromotionId%3A-1%3BsingleToolCode%3AmockedSalePrice%3BvoucherPricePlugin%3A0%3Btimestamp%3A1785694235876&qSellingPoint=b--hp&ratingscore=5.0&request_id=8586ec4ffe12b883148bba7b424db774&review=20&sale=77&search=1&source=search&spm=a2a0e.searchlist.list.0&stock=1;HP Smart Tank 585 Printer All-in-One (Print,Copy,Scan,Wireless) 1 Year Brand Warranty;No Brand;Informatique;Imprimantes;51.499;PKR;;https://static-01.daraz.pk/p/fdd26f0753c680033d97a99108da68ba.png|https://static-01.daraz.pk/p/0d751c6720402b00c18ff7ff93b28c45.jpg|https://static-01.daraz.pk/p/d94b9715f921173649f50f7062acca52.png|https://static-01.daraz.pk/p/6af67f7595e42ad8704aa2c1612c4a69.png|https://static-01.daraz.pk/p/0d751c6720402b00c18ff7ff93b28c45.jpg|https://static-01.daraz.pk/p/6af67f7595e42ad8704aa2c1612c4a69.png|https://static-01.daraz.pk/p/d94b9715f921173649f50f7062acca52.png;7;ok
211;jumia;211_jumia;https://www.jumia.ma/hp-imprimante-multifonction-a-reservoirs-rechargeables-smart-tank-670-6uu48a-65139162.html;Imprimante multifonction à réservoirs rechargeables Smart Tank 670 (6UU48A);Hp;Informatique;Imprimantes;3720.00;MAD;"HP Smart Tank 670Impression, numérisation, copie, sans fil3 bouteilles d’encre noire HP GT53XL authentique de 135 ml; Bouteille d’encre cyan HP GT52 authentique; Bouteille d’encre magenta HP GT52 authentique; Bouteille d’encre jaune HP GT52 authentique; Cordon d’alimentation; Tête d’impression couleur noire HP; Tête d’impression tricolore HPVitesse d’impression noir: 22 pages/min (12 pages/min en norme ISO)Vitesse d’impression couleur: 21 pages/min (7 pages/min en norme ISO)Qualité d’impression noire: Jusqu’à 1 200 x 1 200 ppp rendusQualité d’impression couleur: Jusqu’à 4800 x 1200 ppp optimisés en couleurs pour l’impression depuis un ordinateur et 1200 ppp en entréeVolume de pages mensuel recommandé: 400 à 800Impression recto/verso: AutomatiqueFonctionne avec: 4 (noire, cyan, magenta, jaune)Connectivité: Port USB 2.0 haut débit; Wi-Fi; Bluetooth LE";https://ma.jumia.is/unsafe/fit-in/680x680/filters:fill(white)/product/26/193156/1.jpg?0015;1;ok
211;wildberries;211_wildberries;https://www.wildberries.ru/catalog/939667755/detail.aspx;Многофункциональное устройство Smart Tank 670 (6UU48A);HP;Informatique;Imprimantes;16381.58;RUB;;https://basket-40.wbbasket.ru/vol9396/part939667/939667755/images/big/1.webp|https://basket-40.wbbasket.ru/vol9396/part939667/939667755/images/big/2.webp|https://basket-40.wbbasket.ru/vol9396/part939667/939667755/images/big/3.webp|https://basket-40.wbbasket.ru/vol9396/part939667/939667755/images/big/4.webp|https://basket-40.wbbasket.ru/vol9396/part939667/939667755/images/big/5.webp|https://basket-40.wbbasket.ru/vol9396/part939667/939667755/images/big/6.webp;6;ok
211;daraz;211_daraz;https://www.daraz.pk/products/hp-670-i430663690-s2054093676.html?c=&channelLpJumpArgs=&clickTrackInfo=query%253AHP%252BSmart%252BTank%252B670%253Bnid%253A430663690%253Bsrc%253ALazadaMainSrp%253Brn%253A1d88b289bcb1ac045da5b95921b1c326%253Bregion%253Apk%253Bsku%253A430663690_PK%253Bprice%253A85800%253Bclient%253Adesktop%253Bsupplier_id%253A19641%253Bsession_id%253A%253Bbiz_source%253Ah5_external%253Bslot%253A0%253Butlog_bucket_id%253A470687%253Basc_category_id%253A5664%253Bitem_id%253A430663690%253Bsku_id%253A2054093676%253Bshop_id%253A104229%253BtemplateInfo%253A&freeshipping=0&fs_ab=1&fuse_fs=&lang=en&location=Islamabad&price=8.58E%204&priceCompare=skuId%3A2054093676%3Bsource%3Alazada-search-voucher%3Bsn%3A1d88b289bcb1ac045da5b95921b1c326%3BoriginPrice%3A8580000%3BdisplayPrice%3A8580000%3BisGray%3Afalse%3BsinglePromotionId%3A-1%3BsingleToolCode%3AmockedSalePrice%3BvoucherPricePlugin%3A0%3Btimestamp%3A1785694338873&ratingscore=5.0&request_id=1d88b289bcb1ac045da5b95921b1c326&review=3&sale=8&search=1&source=search&spm=a2a0e.searchlist.list.0&stock=1;HP Smart Tank 670 All-in-One Wireless Printer with Auto Duplex, Scanner, Copier, High Capacity Ink Tank;HP;Informatique;Imprimantes;85.800;PKR;"Introducing the versatile and efficient HP Thermal Inkjet Printer, SKU 6UU48A, engineered for seamless performance in modern homes and offices. With its sleek design and multifunctional capabilities, this printer is your ultimate productivity companion. Experience the convenience of wireless connectivity with 2.4/5G dual-band Wi-Fi, Wi-Fi Direct, and BLE technology, ensuring hassle-free printing from anywhere in your space. Enjoy the freedom of mobile printing from your smartphone or tablet with ease. This printer doesn't just print; it revolutionizes your workflow with its Scan and Copy functions, making it a complete solution for your document management needs. Say goodbye to manual duplexing with its automatic duplex printing feature, saving you time and resources. Achieve professional-quality prints with vibrant colors and sharp details, thanks to HP's advanced print technology. With print speeds of up to 12 ppm (black) and 7 ppm (color), you can breeze through your printing tasks effortlessly. Concerned about energy consumption? Fear not! This printer is designed to be energy-efficient, consuming just 0.10 Watts in Off Mode and 2.00 Watts in Sleep Mode, helping you save on electricity bills while reducing your carbon footprint. Whether you're printing documents or photos, the HP Thermal Inkjet Printer delivers exceptional results every time. Don't wait long for your prints either, with the first page out in as fast as 15 seconds for black and 18 seconds for color. With a recommended monthly page volume of 400 to 800, this printer is perfect for both personal and small office use. Upgrade your printing experience today with the HP Thermal Inkjet Printer and unleash your creativity without limits. Introducing the versatile and efficient HP Thermal Inkjet Printer, SKU 6UU48A, engineered for seamless performance in modern homes and offices. With its sleek design and multifunctional capabilities, this printer is your ultimate productivity companion. Experience the c";https://static-01.daraz.pk/p/7dc8aacdbb8091b3f36fdab88a301683.jpg|https://static-01.daraz.pk/p/63aa9f269d879ac202a953b96ea7ae7b.jpg|https://static-01.daraz.pk/p/77196b75aeb31f6215addcca49780dec.jpg|https://static-01.daraz.pk/p/00328b4b1135f7df456608cffbef95db.jpg|https://static-01.daraz.pk/p/6e87ca03d43488a9582f826376debc5b.jpg|https://static-01.daraz.pk/p/6e87ca03d43488a9582f826376debc5b.jpg|https://static-01.daraz.pk/p/00328b4b1135f7df456608cffbef95db.jpg|https://static-01.daraz.pk/p/77196b75aeb31f6215addcca49780dec.jpg|https://static-01.daraz.pk/p/b320ba7a893296cab6018b590475a6e2.jpg|https://static-01.daraz.pk/p/5d3c1da383901c94313c6977cfdd4b68.jpg;10;ok
212;jumia;212_jumia;https://www.jumia.ma/canon-imprimante-pixma-g3410-multifonction-a-reservoirs-rechargeables-2315c009ab-67247486.html;Imprimante PIXMA G3410 multifonction à réservoirs rechargeables (2315C009AB);Canon;Informatique;Imprimantes;1649.00;MAD;Impression, copie et scanGI-490 GI-490 GI-490 GI-490Vitesse d'impression noir: 16,4 pages/min (8,8 images/min) en norme ISOVitesse d'impression couleur: 12,8 pages/min (5 images/min) en norme ISOQualité d'impression noire: Jusqu'à 4800 × 1200 DPI (ppp)Qualité d'impression couleur: Jusqu'à 4800 × 1200 DPI (ppp)Impression recto/verso: ManuelleFonctionne avec: 4 Cartouches (noir, cyan, magenta, jaune)Connectivité: Hi-Speed USB (B Port) Wi-Fi: IEEE802.11 b/g/n Wi-Fi Security: WPA-PSK, WPA2-PSK, WEP, Administration password;https://ma.jumia.is/unsafe/fit-in/680x680/filters:fill(white)/product/68/474276/1.jpg?9197|https://ma.jumia.is/unsafe/fit-in/680x680/filters:fill(white)/product/68/474276/2.jpg?9197|https://ma.jumia.is/unsafe/fit-in/680x680/filters:fill(white)/product/68/474276/3.jpg?9197;3;ok
212;wildberries;212_wildberries;https://www.wildberries.ru/catalog/248276807/detail.aspx;МФУ Принтер Принтер цветной МФУ Принтер Pixma G3410 c wi-fi;CANON;Informatique;Imprimantes;18369;RUB;;https://basket-16.wbbasket.ru/vol2482/part248276/248276807/images/big/1.webp|https://basket-16.wbbasket.ru/vol2482/part248276/248276807/images/big/2.webp|https://basket-16.wbbasket.ru/vol2482/part248276/248276807/images/big/3.webp|https://basket-16.wbbasket.ru/vol2482/part248276/248276807/images/big/4.webp|https://basket-16.wbbasket.ru/vol2482/part248276/248276807/images/big/5.webp|https://basket-16.wbbasket.ru/vol2482/part248276/248276807/images/big/6.webp;6;ok
212;trendyol;212_trendyol;https://www.trendyol.com/canon/pixma-g3410-tankli-cok-fonksiyonlu-wifi-yazici-bitmeyen-kartus-sistemi-p-3510309;;;Informatique;Imprimantes;457.3;AED;;https://cdn.dsmcdn.com/mnresize/300/-/sfweb/images/ae.png|https://cdn.dsmcdn.com/sfweb-checkout/images/basket-icon_1751630173674.png|https://cdn.dsmcdn.com/mobile/international/PaymentLogo/Mastercard3x.png|https://cdn.dsmcdn.com/mobile/international/PaymentLogo/Visa3x.png|https://cdn.dsmcdn.com/mobile/international/PaymentLogo/Applepay3x.png|https://cdn.dsmcdn.com/mobile/international/PaymentLogo/tamara_logo_en.png|https://cdn.dsmcdn.com/mobile/international/PaymentLogo/Tabby_Basket_new.png|https://cdn.dsmcdn.com/mobile/international/PaymentLogo/cod-v4.png;8;ok
212;daraz;212_daraz;https://www.daraz.pk/products/g2010-i1949570380-s14012842173.html?c=&channelLpJumpArgs=&clickTrackInfo=query%253ACanon%252BPIXMA%252BG3410%253Bnid%253A1949570380%253Bsrc%253ALazadaMainSrp%253Brn%253A9d1b20f7b91a3920c230f27a3a6a0f29%253Bregion%253Apk%253Bsku%253A1949570380_PK%253Bprice%253A50000%253Bclient%253Adesktop%253Bsupplier_id%253A6005503072091%253Bsession_id%253A%253Bbiz_source%253Ah5_external%253Bslot%253A1%253Butlog_bucket_id%253A470687%253Basc_category_id%253A5664%253Bitem_id%253A1949570380%253Bsku_id%253A14012842173%253Bshop_id%253A2358907%253BtemplateInfo%253A&freeshipping=0&fs_ab=1&fuse_fs=&lang=en&location=Sindh&price=5E%204&priceCompare=skuId%3A14012842173%3Bsource%3Alazada-search-voucher%3Bsn%3A9d1b20f7b91a3920c230f27a3a6a0f29%3BoriginPrice%3A5000000%3BdisplayPrice%3A5000000%3BisGray%3Afalse%3BsinglePromotionId%3A-1%3BsingleToolCode%3AmockedSalePrice%3BvoucherPricePlugin%3A0%3Btimestamp%3A1785694514641&ratingscore=&request_id=9d1b20f7b91a3920c230f27a3a6a0f29&review=&sale=1&search=1&source=search&spm=a2a0e.searchlist.list.1&stock=1;Canon PIXMA MegaTank G2010 All-in-One Ink Tank Colour Printer (Extra Ink Set);No Brand;Informatique;Imprimantes;50.000;PKR;CANON PIXMA MEGATANK G2010 ALL-IN-ONE PHOTO PRINTER (WITH 2 CANON INK SET) Specifications of Brand No Brand SKU 1949570380_PK-14012842173 Max Print Resolution Color 4800 x 1200 Graphics Memory 64MB Double Sided Printing No Maximum Print Resolution 4800 x 1200 DPI Input Tray Capacity (papers) 51-100 Sheet Paper Handling A4 210mm X 297mm Portable No Warranty Policy EN No DEAD or DAMAGE Warranty Return Policy return will be not possible if tank is filled What’s in the box 1 PRINTER + 2 PRINT HEADS + 2 INK SETS + 1 USB CABLE + 1 POWER CABLE + CD MANUAL;https://static-01.daraz.pk/p/acc6d5732ce10688511a62326093c067.jpg|https://static-01.daraz.pk/p/0666cddb099d68623cee6c96f8b45bd5.jpg|https://static-01.daraz.pk/p/1228811c15f995f1b7fd901bee6ffce5.jpg|https://static-01.daraz.pk/p/2e51537db5ec3c8d663b0bde5ecc2c8a.jpg;4;ok
213;jumia;213_jumia;https://www.jumia.ma/epson-epson-imprimante-professionnel-ecotank-l3210-mfp-3en1-couleur-a4-66985284.html;Epson-Imprimante professionnel EcoTank L3210 MFP 3en1 Couleur A4;Epson;Informatique;Imprimantes;1640.00;MAD;"Impression, Numérisation, CopieLivrée avec encre noire jusqu'à 8100 pages et 6500 pages en couleur (2 bouteilles d'encre noire de 65ml; 3 Bouteilles d’encre couleurs individuelles de 65ml)Vitesse d'impression noir: 10 pages/min en norme ISOVitesse d'impression couleur: 5 pages/min Couleur en norme ISOQualité d'impression noire: 5.760 x 1.440 DPI (ppp)Qualité d'impression couleur: 5.760 x 1.440 DPI (ppp)Impression recto/verso: ManuelleFonctionne avec: 4 bouteilles d’encre individuelles de 65 ml (N,C,J,M)Connectivité: USB";https://ma.jumia.is/unsafe/fit-in/680x680/filters:fill(white)/product/48/258966/1.jpg?9564|https://ma.jumia.is/unsafe/fit-in/680x680/filters:fill(white)/product/48/258966/2.jpg?9564|https://ma.jumia.is/unsafe/fit-in/680x680/filters:fill(white)/product/48/258966/3.jpg?9564|https://ma.jumia.is/unsafe/fit-in/680x680/filters:fill(white)/product/48/258966/4.jpg?9564|https://ma.jumia.is/unsafe/fit-in/680x680/filters:fill(white)/product/48/258966/5.jpg?9564;5;ok
213;wildberries;213_wildberries;https://www.wildberries.ru/catalog/1290011888/detail.aspx;"МФУ струйное ""3-в-1"" EcoTank 3210 цветное, с СНПЧ без Wi-Fi";Epson;Informatique;Imprimantes;16152;RUB;;https://basket-45.wbbasket.ru/vol12900/part1290011/1290011888/images/big/1.webp|https://basket-45.wbbasket.ru/vol12900/part1290011/1290011888/images/big/2.webp|https://basket-45.wbbasket.ru/vol12900/part1290011/1290011888/images/big/3.webp|https://basket-45.wbbasket.ru/vol12900/part1290011/1290011888/images/big/4.webp|https://basket-45.wbbasket.ru/vol12900/part1290011/1290011888/images/big/5.webp|https://basket-45.wbbasket.ru/vol12900/part1290011/1290011888/images/big/6.webp|https://basket-45.wbbasket.ru/vol12900/part1290011/1290011888/images/big/7.webp|https://basket-45.wbbasket.ru/vol12900/part1290011/1290011888/images/big/8.webp;8;ok
213;daraz;213_daraz;https://www.daraz.pk/products/l3210-a4-i479188723-s2248909333.html?c=&channelLpJumpArgs=&clickTrackInfo=query%253AEpson%252BEcoTank%252BL3210%253Bnid%253A479188723%253Bsrc%253ALazadaMainSrp%253Brn%253A0a0e9c737e063f22c392cec8d8b83fb9%253Bregion%253Apk%253Bsku%253A479188723_PK%253Bprice%253A69903.36%253Bclient%253Adesktop%253Bsupplier_id%253A6005178320024%253Bsession_id%253A%253Bbiz_source%253Ah5_external%253Bslot%253A0%253Butlog_bucket_id%253A470687%253Basc_category_id%253A5664%253Bitem_id%253A479188723%253Bsku_id%253A2248909333%253Bshop_id%253A1628587%253BtemplateInfo%253A&freeshipping=1&fs_ab=1&fuse_fs=&lang=en&location=Punjab&price=69903.36&priceCompare=skuId%3A2248909333%3Bsource%3Alazada-search-voucher%3Bsn%3A0a0e9c737e063f22c392cec8d8b83fb9%3BoriginPrice%3A6990300%3BdisplayPrice%3A6990300%3BisGray%3Afalse%3BsinglePromotionId%3A50000079021001%3BsingleToolCode%3ApromPrice%3BvoucherPricePlugin%3A0%3Btimestamp%3A1785694890725&ratingscore=&request_id=0a0e9c737e063f22c392cec8d8b83fb9&review=&sale=0&search=1&source=search&spm=a2a0e.searchlist.list.0&stock=1;Epson EcoTank L3210 A4 All-in-One Ink Tank Printer Certified Reconditioned by Asian Traders with Returned warranty;No Brand;Informatique;Imprimantes;69.903;PKR;Product details of Epson EcoTank L3210 A4 All-in-One Ink Tank Printer Certified Reconditioned by Asian Traders with Returned warranty BrandAsian TradersConnectivity TechnologyUSBPrinting TechnologyInk tankSpecial FeatureAuto-Duplex, Refillable Ink TankColourBlackModel NameEpsonPrinter OutputColourMaximum Print Speed (Colour)17 ppmMax Print speed Monochrome26 ppmOperating SystemWindows 10 About this item All-in-One Printer (Print, Scan, Copy) Economical and Eco-Friendly Heat Free technology. Low maintenance cost with Remarkable Quality and Speed. Space-saving Design, Spill-free Refilling Low cost per page Print resolution - 5760 x 1440 Page Size Supported: A4, A5, A6, B5, C6, DL Ideal usage - Home and Small offices. Operating System: Windows XP / XP Professional / Vista / 7 / 8 / 8.1 / 10Windows Server 2003 / 2008 / 2012 / 2016 / 2019Mac OS X 10.6.8 or later. Specifications of Brand No Brand SKU 479188723_PK-2248909333 Portable Yes Maximum Print Resolution 1200 x 1200 DPI Max Print Resolution Color 1200x1200 Graphics Memory 234 Input Tray Capacity (papers) 201 Sheet and up Paper Handling A4 210mm X 297mm Double Sided Printing No;https://static-01.daraz.pk/p/85cf107fd9b88ca24e3f8d3672e14ff6.jpg|https://static-01.daraz.pk/p/fee8b014568e9e49ffed361a6235c5f8.jpg|https://static-01.daraz.pk/p/eeef75eae1229ebdebc939b4b956cfa3.jpg|https://static-01.daraz.pk/p/0e3d13200d16b8e571668e3c4d08621c.jpg|https://static-01.daraz.pk/p/87c2a616864752a44e460945b18d5ca7.jpg|https://static-01.daraz.pk/p/6b0db6bcb985f94053a87d551149c95c.jpg|https://static-01.daraz.pk/p/2b8608cda923914af4b5a64afc568c2c.jpg|https://static-01.daraz.pk/p/fee8b014568e9e49ffed361a6235c5f8.jpg|https://static-01.daraz.pk/p/eeef75eae1229ebdebc939b4b956cfa3.jpg|https://static-01.daraz.pk/p/6b0db6bcb985f94053a87d551149c95c.jpg|https://static-01.daraz.pk/p/87c2a616864752a44e460945b18d5ca7.jpg;11;ok
214;jumia;214_jumia;https://www.jumia.ma/epson-ecotank-l5290-imprimante-pro-multifonction-a-reservoirs-rechargeables-c11cj65405-67312801.html;EcoTank L5290 Imprimante pro multifonction à réservoirs rechargeables (C11CJ65405);Epson;Informatique;Imprimantes;3795.00;MAD;Impression, copie, numérisation, faxLivrée avec encre noire jusqu'à 8100 pages et 6500 pages en couleurVitesse d'impression noir: 33 pages/min (10 pages/min en norme ISO)Vitesse d'impression couleur: 15 pages/min (5 pages/min en norme ISO)Qualité d'impression noire: 5.760 x 1.440 DPI (ppp)Qualité d'impression couleur: 5.760 x 1.440 DPI (ppp)Impression recto/verso: ManuelleFonctionne avec: 4 Réservoirs (Noir, Cyan, Jaune, Magenta)Connectivité: Wi-Fi, USB, Ethernet, Wi-Fi Direct;https://ma.jumia.is/unsafe/fit-in/680x680/filters:fill(white)/product/10/821376/1.jpg?1290|https://ma.jumia.is/unsafe/fit-in/680x680/filters:fill(white)/product/10/821376/2.jpg?1290|https://ma.jumia.is/unsafe/fit-in/680x680/filters:fill(white)/product/10/821376/3.jpg?1290|https://ma.jumia.is/unsafe/fit-in/680x680/filters:fill(white)/product/10/821376/4.jpg?1290|https://ma.jumia.is/unsafe/fit-in/680x680/filters:fill(white)/product/10/821376/5.jpg?1290;5;ok
214;wildberries;214_wildberries;https://www.wildberries.ru/catalog/1289999035/detail.aspx;МФУ струйный EcoTank L5290 A4 Net WiFi черный (003);Epson;Informatique;Imprimantes;27760;RUB;;https://basket-45.wbbasket.ru/vol12899/part1289999/1289999035/images/big/1.webp|https://basket-45.wbbasket.ru/vol12899/part1289999/1289999035/images/big/2.webp|https://basket-45.wbbasket.ru/vol12899/part1289999/1289999035/images/big/3.webp|https://basket-45.wbbasket.ru/vol12899/part1289999/1289999035/images/big/4.webp|https://basket-45.wbbasket.ru/vol12899/part1289999/1289999035/images/big/5.webp|https://basket-45.wbbasket.ru/vol12899/part1289999/1289999035/images/big/6.webp|https://basket-45.wbbasket.ru/vol12899/part1289999/1289999035/images/big/7.webp|https://basket-45.wbbasket.ru/vol12899/part1289999/1289999035/images/big/8.webp;8;ok
214;daraz;214_daraz;https://www.trendyol.com/pd/epson/ecotank-l5290-mfp-tankli-cok-fonksiyonlu-yazici-kablosuz-tarayici-fotokopi-ve-faks-ozellik-p-937445091;Welcome to Trendyol;;Informatique;Imprimantes;96598.68;PKR;;;0;ok
215;jumia;215_jumia;https://www.jumia.ma/epson-imprimante-ecotank-l6270-pro-a-reservoirs-rechargeables-c11cj61404-65153010.html;Imprimante EcoTank L6270 pro à réservoirs rechargeables (C11CJ61404);Epson;Informatique;Imprimantes;4390.00;MAD;Model : L6270 Couleur MFP 3en1 ( Print, scan, copy)Réf.: C11CJ61404 Format de papier : A4, A5, A6. Papier photo, Papier ordinaire,Avec chargeur de document automatique.Impression Recto/verso : oui automatique. Vitesses d'impression Couleur : 20 pages/Minute.Vitesses d'impression mono :33 pages/Min.Connectivité : USB, Wifi Wifi direct, Ethernet Réseau.Résolution : 5760 x 1440 DPI.livrée avec Encre Noir : 8100 pages et 6500 Couleur;https://ma.jumia.is/unsafe/fit-in/680x680/filters:fill(white)/product/01/035156/1.jpg?3331|https://ma.jumia.is/unsafe/fit-in/680x680/filters:fill(white)/product/01/035156/2.jpg?3331|https://ma.jumia.is/unsafe/fit-in/680x680/filters:fill(white)/product/01/035156/3.jpg?3331|https://ma.jumia.is/unsafe/fit-in/680x680/filters:fill(white)/product/01/035156/4.jpg?3331|https://ma.jumia.is/unsafe/fit-in/680x680/filters:fill(white)/product/01/035156/5.jpg?3331|https://ma.jumia.is/unsafe/fit-in/680x680/filters:fill(white)/product/01/035156/6.jpg?3331|https://ma.jumia.is/unsafe/fit-in/680x680/filters:fill(white)/product/01/035156/7.jpg?3331|https://ma.jumia.is/unsafe/fit-in/680x680/filters:fill(white)/product/01/035156/8.jpg?3331;8;ok
215;wildberries;215_wildberries;https://www.wildberries.ru/catalog/188089049/detail.aspx;МФУ струйное Epson EcoTank L6270 (C11CJ61403) 101/001;Epson;Informatique;Imprimantes;38632.0;RUB;;https://basket-12.wbbasket.ru/vol1880/part188089/188089049/images/big/1.webp|https://basket-12.wbbasket.ru/vol1880/part188089/188089049/images/big/2.webp|https://basket-12.wbbasket.ru/vol1880/part188089/188089049/images/big/3.webp|https://basket-12.wbbasket.ru/vol1880/part188089/188089049/images/big/4.webp|https://basket-12.wbbasket.ru/vol1880/part188089/188089049/images/big/5.webp|https://basket-12.wbbasket.ru/vol1880/part188089/188089049/images/big/6.webp;6;ok
216;jumia;216_jumia;https://www.jumia.ma/epson-imprimante-ecotank-l6490-a4-a-reservoir-a-reservoirs-rechargeables-67360502.html;IMPRIMANTE ECOTANK L6490 A4 à réservoir À RÉSERVOIRS RECHARGEABLES;Epson;Informatique;Imprimantes;5400.00;MAD;"Epson EcoTank L6490 Imprimante multifonction à réservoirs rechargeables (C11CJ88404)Impression, numérisation, copie et fax A4Livrée avec encre noire jusqu’à 13300 pages et 5200 pages en couleur (2 bouteilles d’encre noire de 127ml; 3 Bouteilles d’encre couleurs individuelles de 70ml)Vitesse d’impression noir: 37 pages/min (17 pages/min en norme ISO)Vitesse d’impression couleur: 23 pages/min (9,5 pages/min norme ISO)Qualité d’impression noire: 4.800 x 1.200 DPI (ppp)Qualité d’impression couleur: 4.800 x 1.200 DPI (ppp)Volume de pages mensuel recommandé: 1.600 pages par moisImpression recto/verso: AutomatiqueFonctionne avec: 4 réservoirs (Noir, Cyan, Jaune, Magenta)Connectivité: Wi-Fi, USB, Ethernet, Wi-Fi Direct";https://ma.jumia.is/unsafe/fit-in/680x680/filters:fill(white)/product/20/506376/1.jpg?9603;1;ok
216;wildberries;216_wildberries;https://www.wildberries.ru/catalog/250155948/detail.aspx;МФУ L6490 цветной принтер копир сканер СНПЧ Wi-Fi дуплекс;Epson;Informatique;Imprimantes;29662;RUB;;https://basket-16.wbbasket.ru/vol2501/part250155/250155948/images/big/1.webp|https://basket-16.wbbasket.ru/vol2501/part250155/250155948/images/big/2.webp|https://basket-16.wbbasket.ru/vol2501/part250155/250155948/images/big/3.webp|https://basket-16.wbbasket.ru/vol2501/part250155/250155948/images/big/4.webp|https://basket-16.wbbasket.ru/vol2501/part250155/250155948/images/big/5.webp|https://basket-16.wbbasket.ru/vol2501/part250155/250155948/images/big/6.webp;6;ok
216;trendyol;216_trendyol;https://www.trendyol.com/epson/a4-renkli-l6490-cok-fonksiyonlu-dublex-tankli-yazici-fax-usb-2-0-ethernet-kablosuz-p-648444914;;;Informatique;Imprimantes;1609.42;AED;;https://cdn.dsmcdn.com/mnresize/300/-/sfweb/images/ae.png|https://cdn.dsmcdn.com/sfweb-checkout/images/basket-icon_1751630173674.png|https://cdn.dsmcdn.com/mobile/international/PaymentLogo/Mastercard3x.png|https://cdn.dsmcdn.com/mobile/international/PaymentLogo/Visa3x.png|https://cdn.dsmcdn.com/mobile/international/PaymentLogo/Applepay3x.png|https://cdn.dsmcdn.com/mobile/international/PaymentLogo/tamara_logo_en.png|https://cdn.dsmcdn.com/mobile/international/PaymentLogo/Tabby_Basket_new.png|https://cdn.dsmcdn.com/mobile/international/PaymentLogo/cod-v4.png;8;ok
217;jumia;217_jumia;https://www.jumia.ma/imprimante-laser-wi-fi-p2500w-22ppm-a4-usb-2.0-pantum-mpg959407.html;Imprimante laser Wi-Fi - P2500w / 22ppm / (A4) / USB 2.0;Pantum;Informatique;Imprimantes;1349.00;MAD;Pantum P2500W. Technologie d'impression : LaserNombre de cartouches d'impression : 1Cycle de service (Maximum): 15000 pages par moisRésolution maximale: 1200 x 1200 DPI. Taille de papier de série A ISO maximum: A4. Vitesse d'impression (noir)qualité normaleA4/US Letter): 23 ppmCapacité d'entrée standard: 150 feuillesCapacité de sortie standard: 100 feuillesCouleur du produit: Noir;https://ma.jumia.is/unsafe/fit-in/680x680/filters:fill(white)/product/96/282904/1.jpg?0150|https://ma.jumia.is/unsafe/fit-in/680x680/filters:fill(white)/product/96/282904/2.jpg?0150|https://ma.jumia.is/unsafe/fit-in/680x680/filters:fill(white)/product/96/282904/3.jpg?0150|https://ma.jumia.is/unsafe/fit-in/680x680/filters:fill(white)/product/96/282904/4.jpg?0150;4;ok
217;wildberries;217_wildberries;https://www.wildberries.ru/catalog/271756256/detail.aspx;Принтер для офиса P2500W | A4 | ЧБ | 22 стр мин | Wi-Fi;Pantum;Informatique;Imprimantes;13764;RUB;;https://basket-17.wbbasket.ru/vol2717/part271756/271756256/images/big/1.webp|https://basket-17.wbbasket.ru/vol2717/part271756/271756256/images/big/2.webp|https://basket-17.wbbasket.ru/vol2717/part271756/271756256/images/big/3.webp|https://basket-17.wbbasket.ru/vol2717/part271756/271756256/images/big/4.webp|https://basket-17.wbbasket.ru/vol2717/part271756/271756256/images/big/5.webp|https://basket-17.wbbasket.ru/vol2717/part271756/271756256/images/big/6.webp|https://basket-17.wbbasket.ru/vol2717/part271756/271756256/images/big/7.webp|https://basket-17.wbbasket.ru/vol2717/part271756/271756256/images/big/8.webp|https://basket-17.wbbasket.ru/vol2717/part271756/271756256/images/big/9.webp|https://basket-17.wbbasket.ru/vol2717/part271756/271756256/images/big/10.webp|https://basket-17.wbbasket.ru/vol2717/part271756/271756256/images/big/11.webp|https://basket-17.wbbasket.ru/vol2717/part271756/271756256/images/big/12.webp|https://basket-17.wbbasket.ru/vol2717/part271756/271756256/images/big/13.webp|https://basket-17.wbbasket.ru/vol2717/part271756/271756256/images/big/14.webp|https://basket-17.wbbasket.ru/vol2717/part271756/271756256/images/big/15.webp|https://basket-17.wbbasket.ru/vol2717/part271756/271756256/images/big/16.webp|https://basket-17.wbbasket.ru/vol2717/part271756/271756256/images/big/17.webp|https://basket-17.wbbasket.ru/vol2717/part271756/271756256/images/big/18.webp|https://basket-17.wbbasket.ru/vol2717/part271756/271756256/images/big/19.webp;19;ok
217;trendyol;217_trendyol;https://www.trendyol.com/pantum/p2500w-wifi-mono-lazer-yazici-p-34723906;;;Informatique;Imprimantes;356.5;AED;;https://cdn.dsmcdn.com/mnresize/300/-/sfweb/images/ae.png|https://cdn.dsmcdn.com/sfweb-checkout/images/basket-icon_1751630173674.png|https://cdn.dsmcdn.com/mobile/international/PaymentLogo/Mastercard3x.png|https://cdn.dsmcdn.com/mobile/international/PaymentLogo/Visa3x.png|https://cdn.dsmcdn.com/mobile/international/PaymentLogo/Applepay3x.png|https://cdn.dsmcdn.com/mobile/international/PaymentLogo/tamara_logo_en.png|https://cdn.dsmcdn.com/mobile/international/PaymentLogo/Tabby_Basket_new.png|https://cdn.dsmcdn.com/mobile/international/PaymentLogo/cod-v4.png;8;ok
217;daraz;217_daraz;https://www.daraz.pk/products/2500-i947114764-s4010927262.html?c=&channelLpJumpArgs=&clickTrackInfo=query%253APantum%252BP2500W%253Bnid%253A947114764%253Bsrc%253ALazadaMainSrp%253Brn%253A75ec84fbebed3af6e05de8b348e7b431%253Bregion%253Apk%253Bsku%253A947114764_PK%253Bprice%253A30999%253Bclient%253Adesktop%253Bsupplier_id%253A6005060538841%253Bsession_id%253A%253Bbiz_source%253Ah5_external%253Bslot%253A0%253Butlog_bucket_id%253A470687%253Basc_category_id%253A5662%253Bitem_id%253A947114764%253Bsku_id%253A4010927262%253Bshop_id%253A1328415%253BtemplateInfo%253A&freeshipping=0&fs_ab=1&fuse_fs=&lang=en&location=Sindh&price=30999&priceCompare=skuId%3A4010927262%3Bsource%3Alazada-search-voucher%3Bsn%3A75ec84fbebed3af6e05de8b348e7b431%3BoriginPrice%3A3099900%3BdisplayPrice%3A3099900%3BisGray%3Afalse%3BsinglePromotionId%3A-1%3BsingleToolCode%3AmockedSalePrice%3BvoucherPricePlugin%3A0%3Btimestamp%3A1785696211894&ratingscore=&request_id=75ec84fbebed3af6e05de8b348e7b431&review=&sale=0&search=1&source=search&spm=a2a0e.searchlist.list.0&stock=1;Pantum P2500W Wireless Laser Printer for Home Office Monochrome Wi-Fi;No Brand;Informatique;Imprimantes;30.999;PKR;;https://pk-live-21.slatic.net/kf/Scb5507990b9b4b4abc1bb469898461b2s.jpg|https://pk-live-21.slatic.net/kf/Sedbc47551e384972b67bab57bcf579faf.jpg|https://pk-live-21.slatic.net/kf/Sdd93dcd31f2d49ea88123f7611434e15q.jpg|https://pk-live-21.slatic.net/kf/Sa2ebbdf9ac004b59a67026926d0eeb92M.jpg|https://pk-live-21.slatic.net/kf/S098d8b2ace8b48bd8f109c66c5c423f6c.jpg|https://pk-live-21.slatic.net/kf/S0a5ada05618f4a3599e95a7ee1dc3a39e.jpg|https://pk-live-21.slatic.net/kf/S8cfc35d050174b4b93c843a03d4a44b3c.jpg;7;ok
218;jumia;218_jumia;https://www.jumia.ma/xiaomi-mi-smart-projector-2-white-48689609.html;Mi Smart Projector 2 (White);XIAOMI;Electronique;Mini projecteurs;6299.00;MAD;"Couleur ; WhiteVidéoprojecteur Full HD Marque ; Xiaomi";https://ma.jumia.is/unsafe/fit-in/680x680/filters:fill(white)/product/90/698684/1.jpg?5344|https://ma.jumia.is/unsafe/fit-in/680x680/filters:fill(white)/product/90/698684/2.jpg?5346;2;ok
218;wildberries;218_wildberries;https://www.wildberries.ru/catalog/412866846/detail.aspx;Умный проектор Mi Smart Projector L1 кинотеатр Full HD;Xiaomi;Electronique;Mini projecteurs;23057;RUB;;https://basket-23.wbbasket.ru/vol4128/part412866/412866846/images/big/1.webp|https://basket-23.wbbasket.ru/vol4128/part412866/412866846/images/big/2.webp|https://basket-23.wbbasket.ru/vol4128/part412866/412866846/images/big/3.webp|https://basket-23.wbbasket.ru/vol4128/part412866/412866846/images/big/4.webp|https://basket-23.wbbasket.ru/vol4128/part412866/412866846/images/big/5.webp|https://basket-23.wbbasket.ru/vol4128/part412866/412866846/images/big/6.webp|https://basket-23.wbbasket.ru/vol4128/part412866/412866846/images/big/7.webp|https://basket-23.wbbasket.ru/vol4128/part412866/412866846/images/big/14.webp|https://basket-23.wbbasket.ru/vol4128/part412866/412866846/images/big/16.webp|https://basket-23.wbbasket.ru/vol4128/part412866/412866846/images/big/17.webp|https://basket-23.wbbasket.ru/vol4128/part412866/412866846/images/big/18.webp|https://basket-23.wbbasket.ru/vol4128/part412866/412866846/images/big/19.webp|https://basket-23.wbbasket.ru/vol4128/part412866/412866846/images/big/20.webp|https://basket-23.wbbasket.ru/vol4128/part412866/412866846/images/big/21.webp|https://basket-23.wbbasket.ru/vol4128/part412866/412866846/images/big/22.webp|https://basket-23.wbbasket.ru/vol4128/part412866/412866846/images/big/23.webp|https://basket-23.wbbasket.ru/vol4128/part412866/412866846/images/big/24.webp|https://basket-23.wbbasket.ru/vol4128/part412866/412866846/images/big/25.webp|https://basket-23.wbbasket.ru/vol4128/part412866/412866846/images/big/26.webp|https://basket-23.wbbasket.ru/vol4128/part412866/412866846/images/big/27.webp|https://basket-23.wbbasket.ru/vol4128/part412866/412866846/images/big/28.webp|https://basket-23.wbbasket.ru/vol4128/part412866/412866846/images/big/29.webp|https://basket-23.wbbasket.ru/vol4128/part412866/412866846/images/big/30.webp;23;ok
218;daraz;218_daraz;https://www.daraz.pk/products/l1-i887008583-s3917060407.html?c=&channelLpJumpArgs=&clickTrackInfo=query%253AXiaomi%252BMi%252BSmart%252BProjector%252B2%253Bnid%253A887008583%253Bsrc%253ALazadaMainSrp%253Brn%253A3823537ac8129e245be0b96ad481d07b%253Bregion%253Apk%253Bsku%253A887008583_PK%253Bprice%253A118599%253Bclient%253Adesktop%253Bsupplier_id%253A6005033613383%253Bsession_id%253A%253Bbiz_source%253Ah5_external%253Bslot%253A0%253Butlog_bucket_id%253A470687%253Basc_category_id%253A194%253Bitem_id%253A887008583%253Bsku_id%253A3917060407%253Bshop_id%253A970413%253BtemplateInfo%253A&freeshipping=0&fs_ab=1&fuse_fs=&lang=en&location=Punjab&price=118599&priceCompare=skuId%3A3917060407%3Bsource%3Alazada-search-voucher%3Bsn%3A3823537ac8129e245be0b96ad481d07b%3BoriginPrice%3A11859900%3BdisplayPrice%3A11859900%3BisGray%3Afalse%3BsinglePromotionId%3A-1%3BsingleToolCode%3AmockedSalePrice%3BvoucherPricePlugin%3A0%3Btimestamp%3A1785850368001&ratingscore=&request_id=3823537ac8129e245be0b96ad481d07b&review=&sale=0&search=1&source=search&spm=a2a0e.searchlist.list.0&stock=1;Xiaomi Smart Projector L1;No Brand;Electronique;Mini projecteurs;118.599;PKR;;https://pk-live-21.slatic.net/kf/Sd6d1f89a98da43b4a26ab29a4ffa0416Z.jpg|https://pk-live-21.slatic.net/kf/Sd0dad5fc91b74a428c7350d852f5835fw.jpg|https://pk-live-21.slatic.net/kf/S30148568ef204774becf60c474a0e56aN.jpg|https://pk-live-21.slatic.net/kf/Sa2be660f2997410b90bbb168b939f8e8N.jpg;4;ok
219;jumia;219_jumia;https://www.jumia.ma/xiaomi-smart-projector-l1-pro-67420390.html;Smart Projector L1 Pro;XIAOMI;Electronique;Mini projecteurs;2799.00;MAD;"Compatibilit&eacute; Smart TV : Google TV
	Communications sans fil : Bluetooth / Wi-Fi
	Taille de l&#39;image : 40&quot;～120&quot; (recommand&eacute;e : 60&quot;-100&quot;)
	D&eacute;finition : Full HD (1080p)";https://ma.jumia.is/unsafe/fit-in/680x680/filters:fill(white)/product/09/302476/1.jpg?6594|https://ma.jumia.is/unsafe/fit-in/680x680/filters:fill(white)/product/09/302476/2.jpg?6734|https://ma.jumia.is/unsafe/fit-in/680x680/filters:fill(white)/product/09/302476/3.jpg?6817;3;ok
219;wildberries;219_wildberries;https://www.wildberries.ru/catalog/449549254/detail.aspx;Проектор Smart Projector L1 Pro EU;Xiaomi;Electronique;Mini projecteurs;39834;RUB;;https://basket-25.wbbasket.ru/vol4495/part449549/449549254/images/big/1.webp|https://basket-25.wbbasket.ru/vol4495/part449549/449549254/images/big/2.webp|https://basket-25.wbbasket.ru/vol4495/part449549/449549254/images/big/3.webp|https://basket-25.wbbasket.ru/vol4495/part449549/449549254/images/big/4.webp;4;ok
219;trendyol;219_trendyol;https://www.trendyol.com/xiaomi/smart-projector-l1-pro-projeksiyon-p-887508191;;;Electronique;Mini projecteurs;1344.25;AED;;https://cdn.dsmcdn.com/mnresize/300/-/sfweb/images/ae.png|https://cdn.dsmcdn.com/sfweb-checkout/images/basket-icon_1751630173674.png|https://cdn.dsmcdn.com/mobile/international/PaymentLogo/Mastercard3x.png|https://cdn.dsmcdn.com/mobile/international/PaymentLogo/Visa3x.png|https://cdn.dsmcdn.com/mobile/international/PaymentLogo/Applepay3x.png|https://cdn.dsmcdn.com/mobile/international/PaymentLogo/tamara_logo_en.png|https://cdn.dsmcdn.com/mobile/international/PaymentLogo/Tabby_Basket_new.png|https://cdn.dsmcdn.com/mobile/international/PaymentLogo/cod-v4.png;8;ok
220;jumia;220_jumia;https://www.jumia.ma/generic-mini-projecteur-portable-ultra-hd-compatible-android-11-et-netflix-wifi-68170710.html;Mini Projecteur Portable ultra HD Compatible Android 11 et Netflix WiFi;;Electronique;Mini projecteurs;649.00;MAD;???? Technologie LED Source : consommation d’énergie réduite et durée de vie prolongée.???? Ultra HD + HDR (High Dynamic Range) : meilleure clarté, contraste et couleurs plus réalistes.???? Lentille à revêtement haute luminosité (Highlight Coating Lens) : pour une image plus lumineuse et nette.;https://ma.jumia.is/unsafe/fit-in/680x680/filters:fill(white)/product/01/707186/1.jpg?8223|https://ma.jumia.is/unsafe/fit-in/680x680/filters:fill(white)/product/01/707186/2.jpg?8223|https://ma.jumia.is/unsafe/fit-in/680x680/filters:fill(white)/product/01/707186/3.jpg?8223|https://ma.jumia.is/unsafe/fit-in/680x680/filters:fill(white)/product/01/707186/4.jpg?8223;4;ok
220;wildberries;220_wildberries;https://www.wildberries.ru/catalog/1162025823/detail.aspx;проектор с экраном аир;;Electronique;Mini projecteurs;3203;RUB;;https://basket-43.wbbasket.ru/vol11620/part1162025/1162025823/images/big/1.webp|https://basket-43.wbbasket.ru/vol11620/part1162025/1162025823/images/big/2.webp|https://basket-43.wbbasket.ru/vol11620/part1162025/1162025823/images/big/3.webp|https://basket-43.wbbasket.ru/vol11620/part1162025/1162025823/images/big/4.webp|https://basket-43.wbbasket.ru/vol11620/part1162025/1162025823/images/big/5.webp|https://basket-43.wbbasket.ru/vol11620/part1162025/1162025823/images/big/6.webp|https://basket-43.wbbasket.ru/vol11620/part1162025/1162025823/images/big/7.webp|https://basket-43.wbbasket.ru/vol11620/part1162025/1162025823/images/big/8.webp|https://basket-43.wbbasket.ru/vol11620/part1162025/1162025823/images/big/9.webp|https://basket-43.wbbasket.ru/vol11620/part1162025/1162025823/images/big/10.webp|https://basket-43.wbbasket.ru/vol11620/part1162025/1162025823/images/big/11.webp|https://basket-43.wbbasket.ru/vol11620/part1162025/1162025823/images/big/12.webp|https://basket-43.wbbasket.ru/vol11620/part1162025/1162025823/images/big/13.webp|https://basket-43.wbbasket.ru/vol11620/part1162025/1162025823/images/big/14.webp|https://basket-43.wbbasket.ru/vol11620/part1162025/1162025823/images/big/15.webp|https://basket-43.wbbasket.ru/vol11620/part1162025/1162025823/images/big/16.webp|https://basket-43.wbbasket.ru/vol11620/part1162025/1162025823/images/big/17.webp;17;ok
220;daraz;220_daraz;https://www.daraz.pk/products/hy320-hy320-4k-11-300ansi-720p-6-bt52-hy300-i536042084-s2515368712.html?c=&channelLpJumpArgs=&clickTrackInfo=query%253AMini%252BProjecteur%253Bnid%253A536042084%253Bsrc%253ALazadaMainSrp%253Brn%253A51a01f29a8005a06f5fbd1e808fa63b1%253Bregion%253Apk%253Bsku%253A536042084_PK%253Bprice%253A22250%253Bclient%253Adesktop%253Bsupplier_id%253A6005244544243%253Bsession_id%253A%253Bbiz_source%253Ah5_external%253Bslot%253A32%253Butlog_bucket_id%253A470687%253Basc_category_id%253A194%253Bitem_id%253A536042084%253Bsku_id%253A2515368712%253Bshop_id%253A1813988%253BtemplateInfo%253A&freeshipping=1&fs_ab=1&fuse_fs=&lang=en&location=Punjab&price=2.225E%204&priceCompare=skuId%3A2515368712%3Bsource%3Alazada-search-voucher%3Bsn%3A51a01f29a8005a06f5fbd1e808fa63b1%3BoriginPrice%3A2225000%3BdisplayPrice%3A2225000%3BisGray%3Afalse%3BsinglePromotionId%3A-1%3BsingleToolCode%3A-1%3BvoucherPricePlugin%3A0%3Btimestamp%3A1785851022301&ratingscore=5.0&request_id=51a01f29a8005a06f5fbd1e808fa63b1&review=5&sale=12&search=1&source=search&spm=a2a0e.searchlist.list.32&stock=1;HY320 mini portable android projector HY320 Mini Projector 4K Android 11 300ANSI Native 720P Dual Wifi6 BT5.2 Cinema Outdoor Portable Projetor home theater projector system home cenima Upgraded HY300;No Brand;Electronique;Mini projecteurs;22.250;PKR;;https://pk-live-21.slatic.net/kf/S7f4918a215094474b375c39cb625b6edh.jpg|https://pk-live-21.slatic.net/kf/S538b8ae40093482ebb53dcd12bdb40e07.jpg|https://pk-live-21.slatic.net/kf/Se545784357a4415bb46e8195208a2f4fu.jpg|https://pk-live-21.slatic.net/kf/S20c6579b38cf414e9b47833163de844fJ.jpg|https://pk-live-21.slatic.net/kf/Sb9c546a4d5864cdc9f2902a1c468a918M.jpg|https://pk-live-21.slatic.net/kf/S73e8b4706de64b8c9415b2114d658647y.jpg;6;ok
221;jumia;221_jumia;https://www.jumia.ma/generic-projecteur-intelligent-hy320-mini-67768464.html;Projecteur Intelligent HY320 Mini;;Electronique;Mini projecteurs;929.00;MAD;Système Android 14 intégré pour un accès direct aux applicationsInterface fluide et intuitive, facile à utiliserQualité d’image optimisée avec correction du trapèze (keystone)Plusieurs modes de projection (frontale, sur table, etc.)Connectivité Wi-Fi pour accéder à Internet facilementFonction Bluetooth pour connecter des appareils sans filRéglages audio intégrés pour un meilleur confort d’écouteFormat compact et portable, idéal en déplacementInstallation simple et rapideParfait pour le divertissement et les présentations professionnelles;https://ma.jumia.is/unsafe/fit-in/680x680/filters:fill(white)/product/46/486776/1.jpg?7294|https://ma.jumia.is/unsafe/fit-in/680x680/filters:fill(white)/product/46/486776/2.jpg?7295|https://ma.jumia.is/unsafe/fit-in/680x680/filters:fill(white)/product/46/486776/3.jpg?7295|https://ma.jumia.is/unsafe/fit-in/680x680/filters:fill(white)/product/46/486776/4.jpg?7295|https://ma.jumia.is/unsafe/fit-in/680x680/filters:fill(white)/product/46/486776/5.jpg?7295|https://ma.jumia.is/unsafe/fit-in/680x680/filters:fill(white)/product/46/486776/6.jpg?7295|https://ma.jumia.is/unsafe/fit-in/680x680/filters:fill(white)/product/46/486776/7.jpg?7295|https://ma.jumia.is/unsafe/fit-in/680x680/filters:fill(white)/product/46/486776/8.jpg?7295;8;ok
221;wildberries;221_wildberries;https://www.wildberries.ru/catalog/507869828/detail.aspx;Проектор для фильмов HY320 Mini 2GB;Enspire;Electronique;Mini projecteurs;4824;RUB;;https://basket-27.wbbasket.ru/vol5078/part507869/507869828/images/big/1.webp|https://basket-27.wbbasket.ru/vol5078/part507869/507869828/images/big/2.webp|https://basket-27.wbbasket.ru/vol5078/part507869/507869828/images/big/3.webp|https://basket-27.wbbasket.ru/vol5078/part507869/507869828/images/big/4.webp|https://basket-27.wbbasket.ru/vol5078/part507869/507869828/images/big/5.webp|https://basket-27.wbbasket.ru/vol5078/part507869/507869828/images/big/6.webp|https://basket-27.wbbasket.ru/vol5078/part507869/507869828/images/big/7.webp|https://basket-27.wbbasket.ru/vol5078/part507869/507869828/images/big/8.webp|https://basket-27.wbbasket.ru/vol5078/part507869/507869828/images/big/9.webp|https://basket-27.wbbasket.ru/vol5078/part507869/507869828/images/big/10.webp|https://basket-27.wbbasket.ru/vol5078/part507869/507869828/images/big/11.webp;11;ok
222;jumia;222_jumia;https://www.jumia.ma/xiaomi-mi-tv-box-s-3eme-generation-4k-32gb-wifi-6-google-tv-3eme-generation-modele-2025-67296873.html;MI TV Box S (3ème génération) - 4K 32GB WiFi 6 Google TV - 3ème génération Modèle 2025;XIAOMI;Electronique;Box Android TV;719.00;MAD;✅ 4K UHD + Dolby Vision✅ Son Dolby Atmos immersif✅ Wi-Fi 6 ultra-rapide✅ Google TV + Chromecast✅ Compacte & facile à installer;https://ma.jumia.is/unsafe/fit-in/680x680/filters:fill(white)/product/37/869276/1.jpg?4395|https://ma.jumia.is/unsafe/fit-in/680x680/filters:fill(white)/product/37/869276/2.jpg?4395|https://ma.jumia.is/unsafe/fit-in/680x680/filters:fill(white)/product/37/869276/3.jpg?4395|https://ma.jumia.is/unsafe/fit-in/680x680/filters:fill(white)/product/37/869276/4.jpg?4395|https://ma.jumia.is/unsafe/fit-in/680x680/filters:fill(white)/product/37/869276/5.jpg?4395|https://ma.jumia.is/unsafe/fit-in/680x680/filters:fill(white)/product/37/869276/6.jpg?4395|https://ma.jumia.is/unsafe/fit-in/680x680/filters:fill(white)/product/37/869276/7.jpg?4395|https://ma.jumia.is/unsafe/fit-in/680x680/filters:fill(white)/product/37/869276/8.jpg?4395;8;ok
222;wildberries;222_wildberries;https://www.wildberries.ru/catalog/578789718/detail.aspx;Медиаплеер TV Box 3rd Gen RU-версия 4К HDMI 2.1 Google TV;Xiaomi;Electronique;Box Android TV;6593;RUB;;https://basket-29.wbbasket.ru/vol5787/part578789/578789718/images/big/1.webp|https://basket-29.wbbasket.ru/vol5787/part578789/578789718/images/big/2.webp|https://basket-29.wbbasket.ru/vol5787/part578789/578789718/images/big/3.webp|https://basket-29.wbbasket.ru/vol5787/part578789/578789718/images/big/4.webp|https://basket-29.wbbasket.ru/vol5787/part578789/578789718/images/big/5.webp|https://basket-29.wbbasket.ru/vol5787/part578789/578789718/images/big/6.webp;6;ok
222;daraz;222_daraz;https://www.daraz.pk/products/s-4k-hd-i107858682-s1256676601.html?c=&channelLpJumpArgs=&clickTrackInfo=query%253AXiaomi%252BMi%252BBox%252BS%253Bnid%253A107858682%253Bsrc%253ALazadaMainSrp%253Brn%253A1458230bd1313f3fd4e59b85de4ef2a4%253Bregion%253Apk%253Bsku%253A107858682_PK%253Bprice%253A53250%253Bclient%253Adesktop%253Bsupplier_id%253A17844%253Bsession_id%253A%253Bbiz_source%253Ah5_external%253Bslot%253A11%253Butlog_bucket_id%253A470687%253Basc_category_id%253A9810%253Bitem_id%253A107858682%253Bsku_id%253A1256676601%253Bshop_id%253A102482%253BtemplateInfo%253A&freeshipping=0&fs_ab=1&fuse_fs=&lang=en&location=Sindh&price=5.325E%204&priceCompare=skuId%3A1256676601%3Bsource%3Alazada-search-voucher%3Bsn%3A1458230bd1313f3fd4e59b85de4ef2a4%3BoriginPrice%3A5325000%3BdisplayPrice%3A5325000%3BisGray%3Afalse%3BsinglePromotionId%3A-1%3BsingleToolCode%3A-1%3BvoucherPricePlugin%3A0%3Btimestamp%3A1785851628642&qSellingPoint=p--mi%20box%20s___b--xiaomi&ratingscore=&request_id=1458230bd1313f3fd4e59b85de4ef2a4&review=&sale=0&search=1&source=search&spm=a2a0e.searchlist.list.11&stock=1;Xiaomi Box S - 4K Ultra HD Streaming Media Player - Google Assistant  Chromecast Built-in;No Brand;Electronique;Box Android TV;53.250;PKR;;https://static-01.daraz.pk/p/1ebd8c9ba792896d39573006e98eab50.jpg|https://static-01.daraz.pk/p/a1fe5884cfb21cd880a111e5f424bd04.jpg|https://static-01.daraz.pk/p/47f700432740eed6957d33007bf1c1da.jpg|https://static-01.daraz.pk/p/dca421c1a9e9cba921dcc26d9fe4ddf1.jpg|https://static-01.daraz.pk/p/ca1b9a48f62d79b1ef13f554427862ef.jpg;5;ok
223;jumia;223_jumia;https://www.jumia.ma/xiaomi-mi-tv-box-s-2nd-gen-4k-plus-abonnement-ip-quad-core-28gb-google-tv-66539758.html;MI TV Box S (2nd Gen) 4K plus abonnement IP Quad-Core 2/8GB Google TV;XIAOMI;Electronique;Box Android TV;899.00;MAD;Résolution de sortie : 4K (3840 x 2160)Abonnement Smart Tv 12 mois CPU : Quad-Core Cortex-A55GPU : ARM Mali G31 MP2RAM : 2GoStockage : 8GoWi-Fi : 2.4GHz/ 5GHzBluetooth: 5.2 Système d'exploitation : Google TVVideo decoder : Up to 4K 60FPS, Supports Dolby Audio® and DTS-HD, Supports Dolby Vision®, Supports HDR10+Support language : GlobalGarantie 1 an;https://ma.jumia.is/unsafe/fit-in/680x680/filters:fill(white)/product/85/793566/1.jpg?4205|https://ma.jumia.is/unsafe/fit-in/680x680/filters:fill(white)/product/85/793566/2.jpg?4205|https://ma.jumia.is/unsafe/fit-in/680x680/filters:fill(white)/product/85/793566/3.jpg?4205|https://ma.jumia.is/unsafe/fit-in/680x680/filters:fill(white)/product/85/793566/4.jpg?4205;4;ok
223;wildberries;223_wildberries;https://www.wildberries.ru/catalog/1264318705/detail.aspx;ТВ-приставка Mi TV Box S (2-е поколение) Global;;Electronique;Box Android TV;4976;RUB;;https://basket-44.wbbasket.ru/vol12643/part1264318/1264318705/images/big/1.webp|https://basket-44.wbbasket.ru/vol12643/part1264318/1264318705/images/big/2.webp|https://basket-44.wbbasket.ru/vol12643/part1264318/1264318705/images/big/3.webp|https://basket-44.wbbasket.ru/vol12643/part1264318/1264318705/images/big/4.webp|https://basket-44.wbbasket.ru/vol12643/part1264318/1264318705/images/big/5.webp|https://basket-44.wbbasket.ru/vol12643/part1264318/1264318705/images/big/6.webp|https://basket-44.wbbasket.ru/vol12643/part1264318/1264318705/images/big/7.webp|https://basket-44.wbbasket.ru/vol12643/part1264318/1264318705/images/big/8.webp|https://basket-44.wbbasket.ru/vol12643/part1264318/1264318705/images/big/9.webp|https://basket-44.wbbasket.ru/vol12643/part1264318/1264318705/images/big/10.webp|https://basket-44.wbbasket.ru/vol12643/part1264318/1264318705/images/big/11.webp;11;ok
223;daraz;223_daraz;https://www.daraz.pk/products/tv-mi-s-2nd-i416978729-s1978696889.html?c=&channelLpJumpArgs=&clickTrackInfo=query%253AXiaomi%252BTV%252BBox%252BS%252B%2525282nd%252BGen%252529%253Bnid%253A416978729%253Bsrc%253ALazadaMainSrp%253Brn%253A96e86315a6ab2e7e3a73815a39d22ddf%253Bregion%253Apk%253Bsku%253A416978729_PK%253Bprice%253A19500%253Bclient%253Adesktop%253Bsupplier_id%253A6005015538063%253Bsession_id%253A%253Bbiz_source%253Ah5_external%253Bslot%253A0%253Butlog_bucket_id%253A470687%253Basc_category_id%253A9781%253Bitem_id%253A416978729%253Bsku_id%253A1978696889%253Bshop_id%253A734123%253BtemplateInfo%253A&freeshipping=0&fs_ab=1&fuse_fs=&lang=en&location=Sindh&price=1.95E%204&priceCompare=skuId%3A1978696889%3Bsource%3Alazada-search-voucher%3Bsn%3A96e86315a6ab2e7e3a73815a39d22ddf%3BoriginPrice%3A1950000%3BdisplayPrice%3A1950000%3BisGray%3Afalse%3BsinglePromotionId%3A-1%3BsingleToolCode%3A-1%3BvoucherPricePlugin%3A0%3Btimestamp%3A1785851817790&ratingscore=&request_id=96e86315a6ab2e7e3a73815a39d22ddf&review=&sale=1&search=1&source=search&spm=a2a0e.searchlist.list.0&stock=1;Xiaomi Mi TV Box S (2nd Gen);No Brand;Electronique;Box Android TV;19.500;PKR;;https://static-01.daraz.pk/p/ec7df186c8928c2bb1146706f6f4fb02.jpg|https://static-01.daraz.pk/p/b7abfa2459743fd7dab232c9a392cec5.jpg;2;ok
224;jumia;224_jumia;https://www.jumia.ma/generic-google-chromecast-digital-hd-media-streamer-dongle-hdmi-67565298.html;Google Chromecast Digital HD Media Streamer dongle hdmi;;Electronique;Box Android TV;179.00;MAD;Accédez à des émissions de télévision, des films, de la musique, des jeux et plus encore à partir de vos appareils sans filDiffusez tout ce que vous pouvez voir sur votre appareil sur votre écran de télévision, des sites Web aux images en passant par les jeuxPrend en charge les appareils avec les systèmes d'exploitation suivants (ou plus): Android 4.1, iOS 7.0, Mac OS X 10.7, Windows 7Prise en charge du Wi-Fi 802.11ac (2,4 GHz / 5 GHz) et système d'antenne adaptatif intégré pour une expérience à faible mémoire tampon et haute résolutionLe mode Invité permet à d'autres de contrôler Chromecast sans accéder à votre réseau Wi-Fi. Idéal pour les jeux multijoueurs où chacun peut utiliser son propre appareil comme contrôleurTaille compacte de 51,9 mm x 51,9 mm x 13,49 mm et poids de seulement 39,1 g (hors câbles et accessoires)Nécessite un téléviseur avec un port HDMI, un réseau Wi-Fi et un ou plusieurs appareils compatibles Wi-FiChromecast comprend un port HDMI et micro-USB;https://ma.jumia.is/unsafe/fit-in/680x680/filters:fill(white)/product/89/256576/1.jpg?8117|https://ma.jumia.is/unsafe/fit-in/680x680/filters:fill(white)/product/89/256576/2.jpg?8117|https://ma.jumia.is/unsafe/fit-in/680x680/filters:fill(white)/product/89/256576/3.jpg?8117|https://ma.jumia.is/unsafe/fit-in/680x680/filters:fill(white)/product/89/256576/4.jpg?8117|https://ma.jumia.is/unsafe/fit-in/680x680/filters:fill(white)/product/89/256576/5.jpg?8117;5;ok
224;daraz;224_daraz;https://www.daraz.pk/products/hdmi-tv-hd-1080p-wifi-i945793445-s4008448211.html?c=&channelLpJumpArgs=&clickTrackInfo=query%253AGoogle%252BChromecast%252Bwith%252BGoogle%252BTV%252B%252528HD%252529%253Bnid%253A945793445%253Bsrc%253ALazadaMainSrp%253Brn%253Ab043e237cfb7a94840add21b31e6a1c1%253Bregion%253Apk%253Bsku%253A945793445_PK%253Bprice%253A3999%253Bclient%253Adesktop%253Bsupplier_id%253A6005051742374%253Bsession_id%253A%253Bbiz_source%253Ah5_external%253Bslot%253A3%253Butlog_bucket_id%253A470687%253Basc_category_id%253A9810%253Bitem_id%253A945793445%253Bsku_id%253A4008448211%253Bshop_id%253A1227868%253BtemplateInfo%253A&freeshipping=1&fs_ab=1&fuse_fs=&lang=en&location=Sindh&price=3999&priceCompare=skuId%3A4008448211%3Bsource%3Alazada-search-voucher%3Bsn%3Ab043e237cfb7a94840add21b31e6a1c1%3BoriginPrice%3A399900%3BdisplayPrice%3A399900%3BisGray%3Afalse%3BsinglePromotionId%3A-1%3BsingleToolCode%3AmockedSalePrice%3BvoucherPricePlugin%3A0%3Btimestamp%3A1785851943169&ratingscore=&request_id=b043e237cfb7a94840add21b31e6a1c1&review=0&sale=8&search=1&source=search&spm=a2a0e.searchlist.list.3&stock=1;Google Chromecast | Wireless HDMI Display Dongle | Smart TV Cast Device | Full HD 1080P Screen | Compatible Wifi Display Receiver;Daraz Like New;Electronique;Box Android TV;3.999;PKR;;https://static-01.daraz.pk/p/e81a62a043a22f9e88d650d54bd28ae7.jpg|https://static-01.daraz.pk/p/3b7253c4dc0c588a71ae983ff1f1e2ed.jpg|https://static-01.daraz.pk/p/9ba0c31959ca5fb594e87614525497f3.jpg;3;ok
225;jumia;225_jumia;https://www.jumia.ma/nike-dunk-low-retro-se-panda-64936897.html;#NOM?;Nike;Mode & Sport;Chaussures;3135.00;MAD;Premium leather in the upper has the perfect sheen and breaks in beautifully.The modern foam midsole offers lightweight, responsive cushioning.A padded, low-cut collar adds a sleek look that feels comfortable.Bold color blocking throws it back to the original colorway inspiration: school team colors.The rubber outsole with classic hoops pivot circle adds durability, traction, and heritage style.;https://ma.jumia.is/unsafe/fit-in/680x680/filters:fill(white)/product/79/863946/1.jpg?2747|https://ma.jumia.is/unsafe/fit-in/680x680/filters:fill(white)/product/79/863946/2.jpg?2747|https://ma.jumia.is/unsafe/fit-in/680x680/filters:fill(white)/product/79/863946/3.jpg?2747|https://ma.jumia.is/unsafe/fit-in/680x680/filters:fill(white)/product/79/863946/4.jpg?2747|https://ma.jumia.is/unsafe/fit-in/680x680/filters:fill(white)/product/79/863946/5.jpg?2747|https://ma.jumia.is/unsafe/fit-in/680x680/filters:fill(white)/product/79/863946/6.jpg?2747|https://ma.jumia.is/unsafe/fit-in/680x680/filters:fill(white)/product/79/863946/7.jpg?2747|https://ma.jumia.is/unsafe/fit-in/680x680/filters:fill(white)/product/79/863946/8.jpg?2747;8;ok
225;wildberries;225_wildberries;https://www.wildberries.ru/catalog/1276407538/detail.aspx;Кроссовки Dunk Low Retro SE;Nike;Mode & Sport;Chaussures;16390;RUB;;https://basket-45.wbbasket.ru/vol12764/part1276407/1276407538/images/big/1.webp|https://basket-45.wbbasket.ru/vol12764/part1276407/1276407538/images/big/2.webp|https://basket-45.wbbasket.ru/vol12764/part1276407/1276407538/images/big/3.webp|https://basket-45.wbbasket.ru/vol12764/part1276407/1276407538/images/big/4.webp;4;ok
225;trendyol;225_trendyol;https://www.trendyol.ae/nike/dunk-low-panda-white-black-p-774811513;NikeDunk low panda white black;Nike;Mode & Sport;Chaussures;917.04;AED;;https://cdn.dsmcdn.com/mnresize/300/-/sfweb/images/ae.png|https://cdn.dsmcdn.com/mnresize/620/920/ty1024/product/media/images/prod/SPM/PIM/20231027/17/5c664063-5541-3a6f-ba29-03d567006726/1_org_zoom.jpg|https://cdn.dsmcdn.com/mnresize/620/920/ty1024/product/media/images/prod/SPM/PIM/20231027/17/38bdbbef-474f-32c5-978b-5c688e755ffb/1_org_zoom.jpg|https://cdn.dsmcdn.com/mnresize/620/920/ty1025/product/media/images/prod/SPM/PIM/20231027/17/f0584f06-fba7-34dd-94bc-63fa4d026b78/1_org_zoom.jpg|https://cdn.dsmcdn.com/mobile/international/PaymentLogo/tamara_snippet_en.png|https://cdn.dsmcdn.com/mobile/international/PaymentLogo/Tabby_snippet_new.png|https://cdn.dsmcdn.com/mobile/international/PaymentLogo/cod-v4.png|https://cdn.dsmcdn.com/ty1024/product/media/images/prod/SPM/PIM/20231027/17/5c664063-5541-3a6f-ba29-03d567006726/1_org_zoom.jpg|https://cdn.dsmcdn.com/sfweb-checkout/images/basket-icon_1751630173674.png|https://cdn.dsmcdn.com/mobile/international/PaymentLogo/Mastercard3x.png|https://cdn.dsmcdn.com/mobile/international/PaymentLogo/Visa3x.png|https://cdn.dsmcdn.com/mobile/international/PaymentLogo/Applepay3x.png|https://cdn.dsmcdn.com/mobile/international/PaymentLogo/tamara_logo_en.png|https://cdn.dsmcdn.com/mobile/international/PaymentLogo/Tabby_Basket_new.png;14;ok
226;jumia;226_jumia;https://www.jumia.ma/nike-blazer-mid-77-suede-black-photon-dust-65241493.html;- Blazer Mid 77 - Suede Black Photon Dust;Nike;Mode & Sport;Chaussures;1919.00;MAD;Daim luxueux - Col rembourré - Semelle coussinée - Construction vulcanisée - Traction en chevrons;https://ma.jumia.is/unsafe/fit-in/680x680/filters:fill(white)/product/39/414256/1.jpg?1995|https://ma.jumia.is/unsafe/fit-in/680x680/filters:fill(white)/product/39/414256/2.jpg?1995|https://ma.jumia.is/unsafe/fit-in/680x680/filters:fill(white)/product/39/414256/3.jpg?1995|https://ma.jumia.is/unsafe/fit-in/680x680/filters:fill(white)/product/39/414256/4.jpg?1995|https://ma.jumia.is/unsafe/fit-in/680x680/filters:fill(white)/product/39/414256/5.jpg?1995|https://ma.jumia.is/unsafe/fit-in/680x680/filters:fill(white)/product/39/414256/6.jpg?1995|https://ma.jumia.is/unsafe/fit-in/680x680/filters:fill(white)/product/39/414256/7.jpg?1995|https://ma.jumia.is/unsafe/fit-in/680x680/filters:fill(white)/product/39/414256/8.jpg?1995;8;ok
226;wildberries;226_wildberries;https://www.wildberries.ru/catalog/972574778/detail.aspx;Кеды Blazer Mid;Nike;Mode & Sport;Chaussures;3668;RUB;;https://basket-41.wbbasket.ru/vol9725/part972574/972574778/images/big/1.webp|https://basket-41.wbbasket.ru/vol9725/part972574/972574778/images/big/2.webp|https://basket-41.wbbasket.ru/vol9725/part972574/972574778/images/big/3.webp|https://basket-41.wbbasket.ru/vol9725/part972574/972574778/images/big/4.webp|https://basket-41.wbbasket.ru/vol9725/part972574/972574778/images/big/5.webp|https://basket-41.wbbasket.ru/vol9725/part972574/972574778/images/big/6.webp|https://basket-41.wbbasket.ru/vol9725/part972574/972574778/images/big/7.webp|https://basket-41.wbbasket.ru/vol9725/part972574/972574778/images/big/8.webp|https://basket-41.wbbasket.ru/vol9725/part972574/972574778/images/big/9.webp|https://basket-41.wbbasket.ru/vol9725/part972574/972574778/images/big/10.webp;10;ok
226;trendyol;226_trendyol;https://www.trendyol.ae/nike/blazer-mid-77-next-nature-white-sneaker-p-197172830;NikeBlazer Mid'77 Next Nature White Sneaker;Nike;Mode & Sport;Chaussures;191.64;AED;;https://cdn.dsmcdn.com/mnresize/300/-/sfweb/images/ae.png|https://cdn.dsmcdn.com/mnresize/620/920/ty256/product/media/images/20211127/20/191354/323963520/1/1_org_zoom.jpg|https://cdn.dsmcdn.com/mnresize/620/920/ty256/product/media/images/20211127/20/191354/323963520/2/2_org_zoom.jpg|https://cdn.dsmcdn.com/mnresize/620/920/ty255/product/media/images/20211127/20/191354/323963520/3/3_org_zoom.jpg|https://cdn.dsmcdn.com/mnresize/620/920/ty256/product/media/images/20211127/20/191354/323963520/4/4_org_zoom.jpg|https://cdn.dsmcdn.com/mnresize/620/920/ty1717/prod/IMAGE_TRANSLATION/20250701/04/d6857e4c-5aaa-45a4-860d-a03e584ea608/1_org_zoom.jpg|https://cdn.dsmcdn.com/mobile/international/PaymentLogo/tamara_snippet_en.png|https://cdn.dsmcdn.com/mobile/international/PaymentLogo/Tabby_snippet_new.png|https://cdn.dsmcdn.com/mobile/international/PaymentLogo/cod-v4.png|https://cdn.dsmcdn.com/mnresize/420/620/ty1574/prod/QC/20240929/00/b195d228-5ce8-311f-a214-099571963971/1_org_zoom.jpg|https://cdn.dsmcdn.com/mnresize/120/-/indexing-sticker-stamp/mars/b914d950-8ea4-4e12-8bfc-b38b304196cb.png|https://cdn.dsmcdn.com/indexing-sticker-stamp/stage/4b0d7ef1-8e8f-4c8f-b1c7-637e432ea2b4.png|https://cdn.dsmcdn.com/mnresize/420/620/ty1392/product/media/images/prod/PIM/20240630/11/999b8471-8f58-4e63-b5d2-88a170fc315a/1_org_zoom.jpg|https://cdn.dsmcdn.com/mnresize/140/-/indexing-sticker-stamp/mars/1f058037-de42-4e5a-b199-4d28b58f6f0d.png|https://cdn.dsmcdn.com/mnresize/420/620/ty1675/prod/QC/20250508/14/40014748-0f44-356b-9169-5583382289ed/1_org_zoom.jpg|https://cdn.dsmcdn.com/mnresize/420/620/ty1745/product/media/images/prod/PIM/20250910/16/e5c52265-8591-4730-a3d1-0fb6a81d8ae5/1_org_zoom.jpg|https://cdn.dsmcdn.com/mnresize/420/620/ty1715/prod/QC_PREP/20250719/10/b3d41be2-970a-3d13-9e08-9cb976391546/1_org_zoom.jpg|https://cdn.dsmcdn.com/mnresize/120/-/indexing-sticker-stamp/mars/4eb12f65-00d2-4ebb-88bb-9706aff17df5.png|https://cdn.dsmcdn.com/mnresize/420/620/ty10000/product/media/images/prod/PIM/20251025/15/3a6f4290-428d-4799-aec4-4e8f1f10146f/1_org_zoom.jpg|https://cdn.dsmcdn.com/mnresize/420/620/ty1895/prod/QC_PREP/20260711/01/7907d051-c46a-331c-978e-a6abe234159f/1_org_zoom.jpg|https://cdn.dsmcdn.com/mnresize/120/-/indexing-sticker-stamp/mars/67acbcdf-add7-478e-abfb-87827775147f.png|https://cdn.dsmcdn.com/mnresize/420/620/ty1838/prod/QC_ENRICHMENT/20260314/10/aef85351-8662-3fe0-af59-04790ce7a901/1_org_zoom.jpg|https://cdn.dsmcdn.com/mnresize/120/-/indexing-sticker-stamp/moon/6f623b5c-02c7-411f-bb27-2a069d9a2631.png|https://cdn.dsmcdn.com/mnresize/120/-/indexing-sticker-stamp/mars/0c70bc40-0119-486c-a858-994a6bf78fb1.png|https://cdn.dsmcdn.com/mnresize/420/620/ty1812/prod/QC_ENRICHMENT/20260116/21/01f5d8f3-0478-32dd-842d-4a01bf061725/1_org_zoom.jpg|https://cdn.dsmcdn.com/mnresize/420/620/ty1840/prod/QC_ENRICHMENT/20260316/15/4447c0d4-f2c3-30a2-9ddc-c3c27de150d1/1_org_zoom.jpg|https://cdn.dsmcdn.com/mnresize/420/620/ty1000399/product/media/images/prod/PIM/20260520/19/9e3d500c-deac-4bb7-bc77-f2a2bb8a062a/1_org_zoom.jpg|https://cdn.dsmcdn.com/mnresize/420/620/ty1686/prod/QC_PREP/20250602/20/481b9a78-e32d-34a3-9016-26e08c923be5/1_org_zoom.jpg|https://cdn.dsmcdn.com/mnresize/420/620/ty1842/prod/QC_ENRICHMENT/20260322/17/9728bbff-5329-3ff2-83df-f283ac7b4063/1_org_zoom.jpg|https://cdn.dsmcdn.com/mnresize/420/620/ty1857/prod/QC_PREP/20260422/18/3f0e0bfa-cb6a-30aa-bc49-f90d548530e8/1_org_zoom.jpg|https://cdn.dsmcdn.com/mnresize/420/620/ty1595/prod/QC/20241031/11/8d30e9bb-cb4e-3408-87f7-252defba7969/1_org_zoom.jpg|https://cdn.dsmcdn.com/mnresize/420/620/ty1637/prod/QC/20250216/05/321b1469-a85f-38ae-b0bd-27ca208f0a1f/1_org_zoom.jpg|https://cdn.dsmcdn.com/ty256/product/media/images/20211127/20/191354/323963520/1/1_org_zoom.jpg|https://cdn.dsmcdn.com/sfweb-checkout/images/basket-icon_1751630173674.png|https://cdn.dsmcdn.com/mobile/international/PaymentLogo/Mastercard3x.png|https://cdn.dsmcdn.com/mobile/international/PaymentLogo/Visa3x.png|https://cdn.dsmcdn.com/mobile/international/PaymentLogo/Applepay3x.png|https://cdn.dsmcdn.com/mobile/international/PaymentLogo/tamara_logo_en.png|https://cdn.dsmcdn.com/mobile/international/PaymentLogo/Tabby_Basket_new.png;39;ok
227;jumia;227_jumia;https://www.jumia.ma/new-balance-550-white-green-64936862.html;#NOM?;New Balance;Mode & Sport;Chaussures;2953.00;MAD;Low mesh padded collar for added comfortBranding on sides, rear, and tonguePerforated detailing for breathabilityTonal stitching for a sleek lookSmooth leather uppers for durabilityExposed EVA midsole for cushioningRubber outsole for traction;https://ma.jumia.is/unsafe/fit-in/680x680/filters:fill(white)/product/26/863946/1.jpg?2763|https://ma.jumia.is/unsafe/fit-in/680x680/filters:fill(white)/product/26/863946/2.jpg?2763|https://ma.jumia.is/unsafe/fit-in/680x680/filters:fill(white)/product/26/863946/3.jpg?2763;3;ok
227;wildberries;227_wildberries;https://www.wildberries.ru/catalog/304861459/detail.aspx;Кроссовки 550;New Balance;Mode & Sport;Chaussures;10298;RUB;;https://basket-18.wbbasket.ru/vol3048/part304861/304861459/images/big/1.webp|https://basket-18.wbbasket.ru/vol3048/part304861/304861459/images/big/2.webp|https://basket-18.wbbasket.ru/vol3048/part304861/304861459/images/big/3.webp|https://basket-18.wbbasket.ru/vol3048/part304861/304861459/images/big/4.webp|https://basket-18.wbbasket.ru/vol3048/part304861/304861459/images/big/5.webp;5;ok
228;wildberries;228_wildberries;https://www.wildberries.ru/catalog/725506044/detail.aspx;New Balance 574 'Core Pack Black Grey';New Balance;Mode & Sport;Chaussures;2928;RUB;;https://basket-34.wbbasket.ru/vol7255/part725506/725506044/images/big/1.webp|https://basket-34.wbbasket.ru/vol7255/part725506/725506044/images/big/2.webp|https://basket-34.wbbasket.ru/vol7255/part725506/725506044/images/big/3.webp|https://basket-34.wbbasket.ru/vol7255/part725506/725506044/images/big/4.webp|https://basket-34.wbbasket.ru/vol7255/part725506/725506044/images/big/5.webp|https://basket-34.wbbasket.ru/vol7255/part725506/725506044/images/big/6.webp|https://basket-34.wbbasket.ru/vol7255/part725506/725506044/images/big/7.webp|https://basket-34.wbbasket.ru/vol7255/part725506/725506044/images/big/8.webp;8;ok
228;trendyol;228_trendyol;https://www.trendyol.ae/new-balance/574-unisex-black-casual-shoes-ml574evb-p-280069120;New Balance574 Unisex Black Casual Shoes - Ml574Evb;New Balance;Mode & Sport;Chaussures;271.45;AED;;https://cdn.dsmcdn.com/mnresize/300/-/sfweb/images/ae.png|https://cdn.dsmcdn.com/mnresize/420/620/ty1769/prod/QC_PREP/20251005/10/d995a8d2-edb2-3880-a537-ee269d5c801a/1_org_zoom.jpg|https://cdn.dsmcdn.com/indexing-sticker-stamp/stage/4b0d7ef1-8e8f-4c8f-b1c7-637e432ea2b4.png|https://cdn.dsmcdn.com/mnresize/620/920/ty1594/prod/QC/20241101/00/b8fb2505-f1cf-3ec0-b52d-f411b04bd31d/1_org_zoom.jpg|https://cdn.dsmcdn.com/mnresize/620/920/ty1593/prod/QC/20241101/00/4457c5ef-3cc1-33d9-b6c4-6f7c17a47b6f/1_org_zoom.jpg|https://cdn.dsmcdn.com/mnresize/128/-/indexing-sticker-stamp/mars/4eb12f65-00d2-4ebb-88bb-9706aff17df5.png|https://cdn.dsmcdn.com/mnresize/620/920/ty1594/prod/QC/20241101/00/e5d61751-b774-339d-9574-1490be3c974a/1_org_zoom.jpg|https://cdn.dsmcdn.com/mnresize/620/920/ty1593/prod/QC/20241101/00/515043bd-d6ed-3563-9c12-dbad345f47a2/1_org_zoom.jpg|https://cdn.dsmcdn.com/mnresize/620/920/ty1593/prod/QC/20241101/00/604267e8-95b6-3fbc-948f-3dad34e7c28f/1_org_zoom.jpg|https://cdn.dsmcdn.com/mnresize/620/920/ty1594/prod/QC/20241101/00/3058231c-e08f-32ab-8bca-02cf83abd766/1_org_zoom.jpg|https://cdn.dsmcdn.com/mnresize/620/920/ty1594/prod/QC/20241101/00/905b7e0b-c3a1-32a0-aed7-d722b411ba76/1_org_zoom.jpg|https://cdn.dsmcdn.com/mnresize/620/920/ty1593/prod/QC/20241101/00/3fe23854-e3ac-322e-91ef-5918c5ba13a5/1_org_zoom.jpg|https://cdn.dsmcdn.com/mnresize/30/30/mobile/pdp/Additional/orange-heart_1f9e1.png|https://cdn.dsmcdn.com/mnresize/128/192/ty1594/prod/QC/20241101/00/b8fb2505-f1cf-3ec0-b52d-f411b04bd31d/1_org_zoom.jpg|https://cdn.dsmcdn.com/mnresize/128/192/ty1862/prod/QC_PREP/20260427/15/1564d61e-8760-3d55-9730-d7d6a4fdfbcd/1_org_zoom.jpg|https://cdn.dsmcdn.com/mnresize/128/192/ty1862/prod/QC_PREP/20260427/15/1cd9d761-96ec-3af8-ae31-3eb40d63933f/1_org_zoom.jpg|https://cdn.dsmcdn.com/mnresize/128/192/ty1861/prod/QC_PREP/20260427/15/5d7e5cff-b9c0-37b9-ae53-ebff29fcd21e/1_org_zoom.jpg|https://cdn.dsmcdn.com/mnresize/128/192/ty1860/prod/QC_PREP/20260427/15/3d97e166-8085-3d08-a198-f700cc7aaf8f/1_org_zoom.jpg|https://cdn.dsmcdn.com/mnresize/128/192/ty1861/prod/QC_PREP/20260427/15/042b203c-19d7-3a76-ab8c-c9622d07b363/1_org_zoom.jpg|https://cdn.dsmcdn.com/mnresize/128/192/ty1861/prod/QC_PREP/20260427/15/f3331b21-1e42-376a-9eb0-da81507f9226/1_org_zoom.jpg|https://cdn.dsmcdn.com/mnresize/128/192/ty1861/prod/QC_PREP/20260427/15/9446e9cc-de7c-3ed4-884e-c0f642ecbbc9/1_org_zoom.jpg|https://cdn.dsmcdn.com/mnresize/128/192/ty1862/prod/QC_PREP/20260427/15/5105762f-98aa-33c6-801d-197aff6792c4/1_org_zoom.jpg|https://cdn.dsmcdn.com/mnresize/128/192/ty1862/prod/QC_PREP/20260427/15/1e5735f6-fb4e-36e0-bd84-42ac946ac9d4/1_org_zoom.jpg|https://cdn.dsmcdn.com/mnresize/128/192/ty1862/prod/QC_PREP/20260427/15/fdb52565-9320-326a-94a7-139011cd8e27/1_org_zoom.jpg|https://cdn.dsmcdn.com/mnresize/128/192/ty1860/prod/QC_PREP/20260427/15/d23b9168-447a-3da1-a69d-3a5dd157ce4c/1_org_zoom.jpg|https://cdn.dsmcdn.com/mnresize/128/192/ty1862/prod/QC_PREP/20260427/15/c07caae6-db09-39de-8fed-e831ba88fd40/1_org_zoom.jpg|https://cdn.dsmcdn.com/mnresize/128/192/ty1862/prod/QC_PREP/20260427/15/5ba6d17d-4134-3ce2-9c20-94deb0e1bd0c/1_org_zoom.jpg|https://cdn.dsmcdn.com/mnresize/128/192/ty1862/prod/QC_PREP/20260427/15/9e6afc62-a8e0-3f4f-812a-5f7dd5e2cbbb/1_org_zoom.jpg|https://cdn.dsmcdn.com/mnresize/128/192/ty1861/prod/QC_PREP/20260427/15/7bdf5b27-10a2-3880-a387-cc85041a6373/1_org_zoom.jpg|https://cdn.dsmcdn.com/mobile/international/PaymentLogo/tamara_snippet_en.png|https://cdn.dsmcdn.com/mobile/international/PaymentLogo/Tabby_snippet_new.png|https://cdn.dsmcdn.com/mobile/international/PaymentLogo/cod-v4.png|https://cdn.dsmcdn.com/mnresize/300/-/sfint/production/flags/ae.png|https://cdn.dsmcdn.com/indexing-sticker-stamp/mars/80be0713-6f99-4bc6-afb6-3f402c20c18b.png|https://cdn.dsmcdn.com/mnresize/34/34/indexing-sticker-stamp/stage/4b0d7ef1-8e8f-4c8f-b1c7-637e432ea2b4.png|https://cdn.dsmcdn.com/ty1594/prod/QC/20241101/00/b8fb2505-f1cf-3ec0-b52d-f411b04bd31d/1_org_zoom.jpg|https://cdn.dsmcdn.com/sfweb-checkout/images/basket-icon_1751630173674.png|https://cdn.dsmcdn.com/mobile/international/PaymentLogo/Mastercard3x.png|https://cdn.dsmcdn.com/mobile/international/PaymentLogo/Visa3x.png|https://cdn.dsmcdn.com/mobile/international/PaymentLogo/Applepay3x.png|https://cdn.dsmcdn.com/mobile/international/PaymentLogo/tamara_logo_en.png|https://cdn.dsmcdn.com/mobile/international/PaymentLogo/Tabby_Basket_new.png;42;ok
229;jumia;229_jumia;https://www.jumia.ma/puma-chaussure-homme-marron-clair-caven-2.0-392290-52-67140042.html;Chaussure Homme Marron Clair  CAVEN 2.0 (392290-52);Puma;Mode & Sport;Chaussures;865.00;MAD;DurabilitŽ exceptionnelleConfort optimalStyle polyvalent;https://ma.jumia.is/unsafe/fit-in/680x680/filters:fill(white)/product/24/004176/1.jpg?2575|https://ma.jumia.is/unsafe/fit-in/680x680/filters:fill(white)/product/24/004176/2.jpg?2575|https://ma.jumia.is/unsafe/fit-in/680x680/filters:fill(white)/product/24/004176/3.jpg?2575;3;ok
229;wildberries;229_wildberries;https://www.wildberries.ru/catalog/1009695314/detail.aspx;Кеды летние кожаные Caven 2.0 Lux;puma;Mode & Sport;Chaussures;5658;RUB;;https://basket-41.wbbasket.ru/vol10096/part1009695/1009695314/images/big/1.webp|https://basket-41.wbbasket.ru/vol10096/part1009695/1009695314/images/big/2.webp|https://basket-41.wbbasket.ru/vol10096/part1009695/1009695314/images/big/3.webp|https://basket-41.wbbasket.ru/vol10096/part1009695/1009695314/images/big/4.webp|https://basket-41.wbbasket.ru/vol10096/part1009695/1009695314/images/big/5.webp|https://basket-41.wbbasket.ru/vol10096/part1009695/1009695314/images/big/6.webp|https://basket-41.wbbasket.ru/vol10096/part1009695/1009695314/images/big/7.webp|https://basket-41.wbbasket.ru/vol10096/part1009695/1009695314/images/big/8.webp|https://basket-41.wbbasket.ru/vol10096/part1009695/1009695314/images/big/9.webp|https://basket-41.wbbasket.ru/vol10096/part1009695/1009695314/images/big/10.webp|https://basket-41.wbbasket.ru/vol10096/part1009695/1009695314/images/big/11.webp|https://basket-41.wbbasket.ru/vol10096/part1009695/1009695314/images/big/12.webp;12;ok
230;wildberries;230_wildberries;https://www.wildberries.ru/catalog/716057724/detail.aspx;Кроссовки New Balance x NB 1906R;New Balance;Mode & Sport;Chaussures;9284;RUB;;https://basket-34.wbbasket.ru/vol7160/part716057/716057724/images/big/1.webp|https://basket-34.wbbasket.ru/vol7160/part716057/716057724/images/big/2.webp|https://basket-34.wbbasket.ru/vol7160/part716057/716057724/images/big/3.webp|https://basket-34.wbbasket.ru/vol7160/part716057/716057724/images/big/4.webp|https://basket-34.wbbasket.ru/vol7160/part716057/716057724/images/big/5.webp|https://basket-34.wbbasket.ru/vol7160/part716057/716057724/images/big/6.webp|https://basket-34.wbbasket.ru/vol7160/part716057/716057724/images/big/7.webp|https://basket-34.wbbasket.ru/vol7160/part716057/716057724/images/big/8.webp|https://basket-34.wbbasket.ru/vol7160/part716057/716057724/images/big/9.webp|https://basket-34.wbbasket.ru/vol7160/part716057/716057724/images/big/10.webp|https://basket-34.wbbasket.ru/vol7160/part716057/716057724/images/big/11.webp|https://basket-34.wbbasket.ru/vol7160/part716057/716057724/images/big/12.webp|https://basket-34.wbbasket.ru/vol7160/part716057/716057724/images/big/13.webp;13;ok
230;trendyol;230_trendyol;https://www.trendyol.com/new-balance/m1906rer-nb-lifestyle-women-shoes-gri-kadin-lifestyle-ayakkabi-p-861340840;;;Mode & Sport;Chaussures;387.18;AED;;;0;ok
231;jumia;231_jumia;https://www.jumia.ma/power-bank-powercore-10000-slim-compact-10000mah-external-battery-high-speed-poweriq-anker-mpg1387792.html;Power Bank PowerCore 10000 Slim Compact 10000mAh External Battery, High-Speed PowerIQ;Anker;Electronique;Powerbanks;350.00;MAD;L'avantage Anker: Rejoignez les plus de 50 millions de personnes alimentées par notre technologie de pointe.Remarquablement compact: l'un des chargeurs portables de 10 000 mAh les plus petits (2,4 x 3,6 x 0,9 pouces) et les plus légers (6,4 oz). Fournit près de trois charges et demie pour iPhone 8 ou deux charges et demie de Galaxy S8.Chargement à grande vitesse: PowerIQ et VoltageBoost exclusifs d'Anker se combinent pour fournir la charge la plus rapide possible pour n'importe quel appareil. Qualcomm Quick Charge non pris en charge.Certifié sûr: le système de sécurité MultiProtect d'Anker assure une protection complète pour vous et vos appareils.Ce que vous obtenez: chargeur portable Anker PowerCore 10000, câble micro USB, pochette de voyage, guide de bienvenue, notre garantie sans souci de 12 mois et notre service client amical. Câble USB-C et Lightning pour iPhone / iPad vendu séparément.;https://ma.jumia.is/unsafe/fit-in/680x680/filters:fill(white)/product/13/338093/1.jpg?0026|https://ma.jumia.is/unsafe/fit-in/680x680/filters:fill(white)/product/13/338093/2.jpg?0026|https://ma.jumia.is/unsafe/fit-in/680x680/filters:fill(white)/product/13/338093/3.jpg?0026|https://ma.jumia.is/unsafe/fit-in/680x680/filters:fill(white)/product/13/338093/4.jpg?0026|https://ma.jumia.is/unsafe/fit-in/680x680/filters:fill(white)/product/13/338093/5.jpg?0026|https://ma.jumia.is/unsafe/fit-in/680x680/filters:fill(white)/product/13/338093/6.jpg?0026|https://ma.jumia.is/unsafe/fit-in/680x680/filters:fill(white)/product/13/338093/7.jpg?0026|https://ma.jumia.is/unsafe/fit-in/680x680/filters:fill(white)/product/13/338093/8.jpg?0026;8;ok
231;daraz;231_daraz;https://www.daraz.pk/products/10000-i425382994-s2032763321.html?c=&channelLpJumpArgs=&clickTrackInfo=query%253AAnker%252BPowerCore%252B10000%253Bnid%253A425382994%253Bsrc%253ALazadaMainSrp%253Brn%253Aa8927fcf44b5fb0241fc5ee925a15609%253Bregion%253Apk%253Bsku%253A425382994_PK%253Bprice%253A15999%253Bclient%253Adesktop%253Bsupplier_id%253A6005008008074%253Bsession_id%253A%253Bbiz_source%253Ah5_external%253Bslot%253A0%253Butlog_bucket_id%253A470687%253Basc_category_id%253A9562%253Bitem_id%253A425382994%253Bsku_id%253A2032763321%253Bshop_id%253A276458%253BtemplateInfo%253A&freeshipping=0&fs_ab=1&fuse_fs=&lang=en&location=Sindh&price=15999&priceCompare=skuId%3A2032763321%3Bsource%3Alazada-search-voucher%3Bsn%3Aa8927fcf44b5fb0241fc5ee925a15609%3BoriginPrice%3A1599900%3BdisplayPrice%3A1599900%3BisGray%3Afalse%3BsinglePromotionId%3A-1%3BsingleToolCode%3AmockedSalePrice%3BvoucherPricePlugin%3A0%3Btimestamp%3A1785854891572&ratingscore=&request_id=a8927fcf44b5fb0241fc5ee925a15609&review=&sale=1&search=1&source=search&spm=a2a0e.searchlist.list.0&stock=1;Anker PowerCore 10000 Power Bank;No Brand;Electronique;Powerbanks;15.999;PKR;;https://static-01.daraz.pk/p/98c4f8a2ae1a46f210fb9339605518ab.png|https://youtu.be/04kQcsBqcG8|https://static-01.daraz.pk/p/79618f23044f3fddeb606a17f45727be.jpg|https://static-01.daraz.pk/p/2510820c52e37e239f4201df074ee0cc.png|https://static-01.daraz.pk/p/28260f4d26f9ff9420bec1ce068e5bb7.png|https://static-01.daraz.pk/p/05cb63edb723eb476946191a49a5cc1a.png|https://static-01.daraz.pk/p/deb85e37da7c72108d4336d9a8bc9d2a.png|https://static-01.daraz.pk/p/85beaec9220c081c84c194b04db28272.png|https://static-01.daraz.pk/p/4de9e8c73361d52a6ddeb4e345b1c583.png|https://static-01.daraz.pk/p/9e7532448ecdb53dc9dfcf042aa9bc2e.png|https://static-01.daraz.pk/p/65475caefdced46e8e6f414fdfb7f8f3.png|https://static-01.daraz.pk/p/1a59d8b99eef849bd5453f4117937909.png;12;ok
232;wildberries;232_wildberries;https://www.wildberries.ru/catalog/265578949/detail.aspx;Магнитная беспроводная зарядка 525 Powerbank (A1287);ANKER;Electronique;Powerbanks;4733;RUB;;https://basket-17.wbbasket.ru/vol2655/part265578/265578949/images/big/1.webp|https://basket-17.wbbasket.ru/vol2655/part265578/265578949/images/big/2.webp|https://basket-17.wbbasket.ru/vol2655/part265578/265578949/images/big/3.webp;3;ok
232;daraz;232_daraz;https://www.daraz.pk/products/20000mah-pd-a1287h11-black-i1964296807-s14042084642.html?c=&channelLpJumpArgs=&clickTrackInfo=query%253AAnker%252BPowerCore%252BEssential%252B20000%253Bnid%253A1964296807%253Bsrc%253ALazadaMainSrp%253Brn%253A14333b790adf8a99fc6e95d2cf4f9054%253Bregion%253Apk%253Bsku%253A1964296807_PK%253Bprice%253A6900%253Bclient%253Adesktop%253Bsupplier_id%253A1051597%253Bsession_id%253A%253Bbiz_source%253Ah5_external%253Bslot%253A0%253Butlog_bucket_id%253A470687%253Basc_category_id%253A15%253Bitem_id%253A1964296807%253Bsku_id%253A14042084642%253Bshop_id%253A162992%253BtemplateInfo%253A&freeshipping=0&fs_ab=1&fuse_fs=&lang=en&location=Punjab&price=6.9E%203&priceCompare=skuId%3A14042084642%3Bsource%3Alazada-search-voucher%3Bsn%3A14333b790adf8a99fc6e95d2cf4f9054%3BoriginPrice%3A690000%3BdisplayPrice%3A690000%3BisGray%3Afalse%3BsinglePromotionId%3A-1%3BsingleToolCode%3AmockedSalePrice%3BvoucherPricePlugin%3A0%3Btimestamp%3A1785855273885&ratingscore=&request_id=14333b790adf8a99fc6e95d2cf4f9054&review=&sale=0&search=1&source=search&spm=a2a0e.searchlist.list.0&stock=1;Anker powerCore Essential Power Bank 20000mAh PD A1287H11-Black;Anker;Electronique;Powerbanks;6.900;PKR;;https://static-01.daraz.pk/p/92b8df30aed7de6b8627f90e933dfea1.jpg|https://static-01.daraz.pk/p/c3e89d7e3a5ef7369ff0890717ebee84.jpg|https://static-01.daraz.pk/p/03ef108cca977775a27cf86f723ed1ea.jpg;3;ok
233;wildberries;233_wildberries;https://www.wildberries.ru/catalog/847094594/detail.aspx;Power bank 10000 с быстрой зарядкой;Baseus;Electronique;Powerbanks;1548;RUB;;https://basket-38.wbbasket.ru/vol8470/part847094/847094594/images/big/1.webp|https://basket-38.wbbasket.ru/vol8470/part847094/847094594/images/big/2.webp|https://basket-38.wbbasket.ru/vol8470/part847094/847094594/images/big/3.webp|https://basket-38.wbbasket.ru/vol8470/part847094/847094594/images/big/4.webp|https://basket-38.wbbasket.ru/vol8470/part847094/847094594/images/big/5.webp|https://basket-38.wbbasket.ru/vol8470/part847094/847094594/images/big/6.webp|https://basket-38.wbbasket.ru/vol8470/part847094/847094594/images/big/7.webp|https://basket-38.wbbasket.ru/vol8470/part847094/847094594/images/big/8.webp;8;ok
233;trendyol;233_trendyol;https://www.trendyol.com/baseus/bipow-overseas-edition-dijital-ekranli-15w-10-000-mah-powerbank-siyah-p-475313453;BaseusBipow Overseas Edition Digital Display 15W 10.000 Mah Powerbank Black;Baseus;Electronique;Powerbanks;32.32;AED;;https://cdn.dsmcdn.com/mnresize/300/-/sfweb/images/ae.png|https://cdn.dsmcdn.com/mnresize/620/920/ty1634/prod/QC/20250204/10/582fb68c-37bd-34b2-b9d7-7421226b38c5/1_org_zoom.jpg|https://cdn.dsmcdn.com/mnresize/620/920/ty1632/prod/QC/20250204/10/e7cd4f5e-0451-36e9-8213-d5756de02071/1_org_zoom.jpg|https://cdn.dsmcdn.com/mnresize/620/920/ty1632/prod/QC/20250204/10/74677f7d-1c34-36da-9b81-104e45c21564/1_org_zoom.jpg|https://cdn.dsmcdn.com/mnresize/620/920/ty1633/prod/QC/20250204/10/ce9ef60a-4710-3cda-addd-2517afaec54b/1_org_zoom.jpg|https://cdn.dsmcdn.com/mnresize/620/920/ty1632/prod/QC/20250204/10/a26483aa-d5cc-3444-bf03-b7235c08c1ae/1_org_zoom.jpg|https://cdn.dsmcdn.com/mnresize/620/920/ty1634/prod/QC/20250204/10/d9951372-785b-324e-a004-937a4d550c85/1_org_zoom.jpg|https://cdn.dsmcdn.com/mnresize/620/920/ty1633/prod/QC/20250204/10/1c51acee-4c63-3c3d-8048-b4ce22aa5862/1_org_zoom.jpg|https://cdn.dsmcdn.com/mobile/international/PaymentLogo/tamara_snippet_en.png|https://cdn.dsmcdn.com/mobile/international/PaymentLogo/Tabby_snippet_new.png|https://cdn.dsmcdn.com/mobile/international/PaymentLogo/cod-v4.png|https://cdn.dsmcdn.com/ty1634/prod/QC/20250204/10/582fb68c-37bd-34b2-b9d7-7421226b38c5/1_org_zoom.jpg|https://cdn.dsmcdn.com/sfweb-checkout/images/basket-icon_1751630173674.png|https://cdn.dsmcdn.com/mobile/international/PaymentLogo/Mastercard3x.png|https://cdn.dsmcdn.com/mobile/international/PaymentLogo/Visa3x.png|https://cdn.dsmcdn.com/mobile/international/PaymentLogo/Applepay3x.png|https://cdn.dsmcdn.com/mobile/international/PaymentLogo/tamara_logo_en.png|https://cdn.dsmcdn.com/mobile/international/PaymentLogo/Tabby_Basket_new.png;18;ok
233;daraz;233_daraz;https://www.daraz.pk/products/15-mah-i457446187-s2165491859.html?c=&channelLpJumpArgs=&clickTrackInfo=query%253ABaseus%252BBipow%252B10000%253Bnid%253A457446187%253Bsrc%253ALazadaMainSrp%253Brn%253Ada214cfe4fd183758ed9def2c0ebdabc%253Bregion%253Apk%253Bsku%253A457446187_PK%253Bprice%253A6200%253Bclient%253Adesktop%253Bsupplier_id%253A6005016222043%253Bsession_id%253A%253Bbiz_source%253Ah5_external%253Bslot%253A0%253Butlog_bucket_id%253A470687%253Basc_category_id%253A9562%253Bitem_id%253A457446187%253Bsku_id%253A2165491859%253Bshop_id%253A764235%253BtemplateInfo%253A&freeshipping=0&fs_ab=1&fuse_fs=&lang=en&location=Punjab&price=6.2E%203&priceCompare=skuId%3A2165491859%3Bsource%3Alazada-search-voucher%3Bsn%3Ada214cfe4fd183758ed9def2c0ebdabc%3BoriginPrice%3A620000%3BdisplayPrice%3A620000%3BisGray%3Afalse%3BsinglePromotionId%3A-1%3BsingleToolCode%3AmockedSalePrice%3BvoucherPricePlugin%3A0%3Btimestamp%3A1785855705874&ratingscore=&request_id=da214cfe4fd183758ed9def2c0ebdabc&review=&sale=0&search=1&source=search&spm=a2a0e.searchlist.list.0&stock=1;Baseus Bipow Digital Display Power Bank 10000mAh 15W in Black;No Brand;Electronique;Powerbanks;6.200;PKR;;https://static-01.daraz.pk/p/ec1b7f21d5e798be4fb967f1d14023fe.jpg|https://static-01.daraz.pk/p/d3a7683e0bba5a648812c0691ac13433.jpg|https://static-01.daraz.pk/p/d3a7683e0bba5a648812c0691ac13433.jpg;3;ok
234;jumia;234_jumia;https://www.jumia.ma/baseus-power-bank-magnetique-sans-fil-20w-10000mah-pour-iphone-12131415-pro-65025664.html;Power Bank Magnétique Sans fil 20W 10000mAh, Pour iPhone 12/13/14/15 Pro,;Baseus;Electronique;Powerbanks;586.00;MAD;"Nom: Banque de puissance de charge rapide sans fil avec support magnétique 10000mAhBatterie : batterie lithium-ion polymèreMatériel: PC + ABSCapacité : 10 000 mAh / 3,85 V / 38,5 WhCapacité nominale : 5800 mAh (5 V/3 A).Taux de conversion d'énergie : ≥75 %Entrée de type C : 5 V/3 A ; 9V/2ASortie de type C : 5 V/3 A ; 9V/2.22A; 12V/1.5ASortie de charge sans fil : 5 W/7,5 W/10 W/15 WSortie totale : 5 V/3 ATaille : 117.3*69.7*20.3mmPoids : Environ 220g";https://ma.jumia.is/unsafe/fit-in/680x680/filters:fill(white)/product/46/652056/1.jpg?3884;1;ok
234;wildberries;234_wildberries;https://www.wildberries.ru/catalog/247202282/detail.aspx;Повербанк Magnetic Mini PPCXM20, 20000mAh, 20W;Baseus;Electronique;Powerbanks;3311;RUB;;https://basket-16.wbbasket.ru/vol2472/part247202/247202282/images/big/1.webp|https://basket-16.wbbasket.ru/vol2472/part247202/247202282/images/big/2.webp|https://basket-16.wbbasket.ru/vol2472/part247202/247202282/images/big/3.webp|https://basket-16.wbbasket.ru/vol2472/part247202/247202282/images/big/4.webp|https://basket-16.wbbasket.ru/vol2472/part247202/247202282/images/big/5.webp|https://basket-16.wbbasket.ru/vol2472/part247202/247202282/images/big/6.webp|https://basket-16.wbbasket.ru/vol2472/part247202/247202282/images/big/7.webp|https://basket-16.wbbasket.ru/vol2472/part247202/247202282/images/big/8.webp|https://basket-16.wbbasket.ru/vol2472/part247202/247202282/images/big/9.webp|https://basket-16.wbbasket.ru/vol2472/part247202/247202282/images/big/10.webp|https://basket-16.wbbasket.ru/vol2472/part247202/247202282/images/big/11.webp;11;ok
234;daraz;234_daraz;https://www.daraz.pk/products/baseus-magnetic-power-bank-10000mah-wireless-powerbank-pd-225w-with-usb-c-cable-i366125367-s3778840042.html?c=&channelLpJumpArgs=&clickTrackInfo=query%253ABaseus%252BMagnetic%252BMini%253Bnid%253A366125367%253Bsrc%253ALazadaMainSrp%253Brn%253A1e3284e0da4808dd9665db501ee6f873%253Bregion%253Apk%253Bsku%253A366125367_PK%253Bprice%253A9999%253Bclient%253Adesktop%253Bsupplier_id%253A1032507%253Bsession_id%253A%253Bbiz_source%253Ah5_external%253Bslot%253A1%253Butlog_bucket_id%253A470687%253Basc_category_id%253A9562%253Bitem_id%253A366125367%253Bsku_id%253A3778840042%253Bshop_id%253A144323%253BtemplateInfo%253A&freeshipping=0&fs_ab=1&fuse_fs=&lang=en&location=Islamabad&price=9999&priceCompare=skuId%3A3778840042%3Bsource%3Alazada-search-voucher%3Bsn%3A1e3284e0da4808dd9665db501ee6f873%3BoriginPrice%3A999900%3BdisplayPrice%3A999900%3BisGray%3Afalse%3BsinglePromotionId%3A-1%3BsingleToolCode%3AmockedSalePrice%3BvoucherPricePlugin%3A0%3Btimestamp%3A1785856056911&qSellingPoint=p--mini___p--magnetic___b--baseus&ratingscore=4.68503937007874&request_id=1e3284e0da4808dd9665db501ee6f873&review=127&sale=477&search=1&source=search&spm=a2a0e.searchlist.list.1&stock=1;Baseus Magnetic Power Bank, 10000mAh Wireless Powerbank PD 22.5W with USB-C Cable;No Brand;Electronique;Powerbanks;9.999;PKR;;https://static-01.daraz.pk/p/814bd957500a6aba91591be765c0d7fc.jpg|https://www.youtube.com/watch?v=QkCAq_T0FaE|https://static-01.daraz.pk/p/687d4dea528fb73f23bf4d356a1c8a57.jpg|https://static-01.daraz.pk/p/00804e99aa58f448d9f8a98c2789c524.jpg|https://static-01.daraz.pk/p/16d016a8361ebf8189e72e0b426f8661.jpg|https://static-01.daraz.pk/p/e00dbe62cd464ce3b3c0fcd333102d13.jpg|https://static-01.daraz.pk/p/7144fb595bd308f3f7e142784a359d21.jpg|https://static-01.daraz.pk/p/777ea5402016d6fc9d7dd822e959dbdd.jpg|https://static-01.daraz.pk/p/3b00937a5675b7c218e5bd607281b1d4.jpg|https://static-01.daraz.pk/p/80ea82e12f0a997c76cef8418b1f0282.jpg;10;ok
235;wildberries;235_wildberries;https://www.wildberries.ru/catalog/239147843/detail.aspx;Тонометр M1 Basic (АRU) с адаптером;Omron;Santé & Bien-être;Tensiomètres;4343;RUB;;https://basket-15.wbbasket.ru/vol2391/part239147/239147843/images/big/1.webp|https://basket-15.wbbasket.ru/vol2391/part239147/239147843/images/big/2.webp|https://basket-15.wbbasket.ru/vol2391/part239147/239147843/images/big/3.webp|https://basket-15.wbbasket.ru/vol2391/part239147/239147843/images/big/4.webp|https://basket-15.wbbasket.ru/vol2391/part239147/239147843/images/big/5.webp;5;ok
235;daraz;235_daraz;https://www.daraz.pk/products/omron-m1-5-i896635828-s3935555218.html?c=&channelLpJumpArgs=&clickTrackInfo=query%253AOMRON%252BM1%252BBasic%253Bnid%253A896635828%253Bsrc%253ALazadaMainSrp%253Brn%253A338d1984b38ffc031c4fd4c2f8123080%253Bregion%253Apk%253Bsku%253A896635828_PK%253Bprice%253A9115%253Bclient%253Adesktop%253Bsupplier_id%253A6005094848214%253Bsession_id%253A%253Bbiz_source%253Ah5_external%253Bslot%253A1%253Butlog_bucket_id%253A470687%253Basc_category_id%253A1688%253Bitem_id%253A896635828%253Bsku_id%253A3935555218%253Bshop_id%253A1433235%253BtemplateInfo%253A&freeshipping=0&fs_ab=1&fuse_fs=&lang=en&location=Punjab&price=9115&priceCompare=skuId%3A3935555218%3Bsource%3Alazada-search-voucher%3Bsn%3A338d1984b38ffc031c4fd4c2f8123080%3BoriginPrice%3A911500%3BdisplayPrice%3A911500%3BisGray%3Afalse%3BsinglePromotionId%3A-1%3BsingleToolCode%3AmockedSalePrice%3BvoucherPricePlugin%3A0%3Btimestamp%3A1785859921351&ratingscore=5.0&request_id=338d1984b38ffc031c4fd4c2f8123080&review=3&sale=20&search=1&source=search&spm=a2a0e.searchlist.list.1&stock=1;OMRON M1 BASIC AUTOMATIC UPPER ARM BLOOD PRESSURE MONITOR WITH 5 YEARS GUARANTEE;No Brand;Santé & Bien-être;Tensiomètres;9.115;PKR;;https://pk-live-21.slatic.net/kf/S184dbb255cba4721908a96ad417e1c27w.jpg|https://pk-live-21.slatic.net/kf/S0bc7b39533e64acab02c1d668281ac57e.jpg|https://pk-live-21.slatic.net/kf/S2d6a6ae569d447deab7ada51644cafabF.jpg;3;ok
236;jumia;236_jumia;https://www.jumia.ma/omron-tensiometre-brassard-m2-basic-67568676.html;Tensiometre Brassard M2 Basic;Omron;Santé & Bien-être;Tensiomètres;518.00;MAD;Le tensiomètre électronique de bras Omron M2 Basic permet de mesurer la tension artérielle et de déceler une éventuelle arythmie cardiaque. Il prend la forme d’un petit boîtier équipé d’un écran et d’un brassard qui se relie au terminal par un cordon épais et résistant. D’une grande simplicité d’utilisation, il n’est muni que d’un seul bouton qui permet de l’allumer et de l’éteindre. Le gonflage et le dégonflage du brassard sont automatiques.;https://ma.jumia.is/unsafe/fit-in/680x680/filters:fill(white)/product/67/686576/1.jpg?4770;1;ok
236;wildberries;236_wildberries;https://www.wildberries.ru/catalog/282397200/detail.aspx;Тонометр M2 Basic (HEM-7121-ARU) с адаптером;Omron;Santé & Bien-être;Tensiomètres;3726;RUB;;https://basket-17.wbbasket.ru/vol2823/part282397/282397200/images/big/1.webp|https://basket-17.wbbasket.ru/vol2823/part282397/282397200/images/big/2.webp|https://basket-17.wbbasket.ru/vol2823/part282397/282397200/images/big/3.webp|https://basket-17.wbbasket.ru/vol2823/part282397/282397200/images/big/4.webp|https://basket-17.wbbasket.ru/vol2823/part282397/282397200/images/big/5.webp|https://basket-17.wbbasket.ru/vol2823/part282397/282397200/images/big/6.webp|https://basket-17.wbbasket.ru/vol2823/part282397/282397200/images/big/7.webp|https://basket-17.wbbasket.ru/vol2823/part282397/282397200/images/big/8.webp|https://basket-17.wbbasket.ru/vol2823/part282397/282397200/images/big/9.webp;9;ok
237;jumia;237_jumia;https://www.jumia.ma/omron-m3-comfort-tensiometre-avec-brassard-67175839.html;M3 COMFORT tensiomètre avec brassard;Omron;Santé & Bien-être;Tensiomètres;1199.00;MAD;SPECIFICATIONS :Type d'appareil : Tensiomètre au bras Poids de l'appareil  : 0.34 kgType de brassard : Brassard Intelli Wrap 22–42 cmGuide d'enroulement du brassard : OuiGestion de la mémoire : 2 utilisateurs x 60 mesuresDétection des battements cardiaques irréguliers : OuiDétection des mouvements corporels : OuiValidation : Validation clinique Validation de diabète Validation de grossesseDétection de la fibrillation auriculaire : NonIndicateur facile de l'hypertension artérielle : NonCapteur de positionnement avancé : NonIntellisense : OuiMallette de rangement incluse : OuiFonction de calcul de la moyenne : NonConnecté : NonDimensions du produit (mm) : 105 x 152 x 85;https://ma.jumia.is/unsafe/fit-in/680x680/filters:fill(white)/product/93/857176/1.jpg?2507|https://ma.jumia.is/unsafe/fit-in/680x680/filters:fill(white)/product/93/857176/2.jpg?2507|https://ma.jumia.is/unsafe/fit-in/680x680/filters:fill(white)/product/93/857176/3.jpg?2507;3;ok
237;wildberries;237_wildberries;https://www.wildberries.ru/catalog/845180822/detail.aspx;Тонометр Omron M3 Comfort;OMRON.;Santé & Bien-être;Tensiomètres;6553;RUB;;https://basket-38.wbbasket.ru/vol8451/part845180/845180822/images/big/1.webp|https://basket-38.wbbasket.ru/vol8451/part845180/845180822/images/big/2.webp|https://basket-38.wbbasket.ru/vol8451/part845180/845180822/images/big/3.webp|https://basket-38.wbbasket.ru/vol8451/part845180/845180822/images/big/4.webp|https://basket-38.wbbasket.ru/vol8451/part845180/845180822/images/big/5.webp;5;ok
237;daraz;237_daraz;https://www.daraz.pk/products/3-5-i1957895877-s14019053962.html?c=&channelLpJumpArgs=&clickTrackInfo=query%253AOMRON%252BM3%252BComfort%253Bnid%253A1957895877%253Bsrc%253ALazadaMainSrp%253Brn%253Ab4c5307b4efc219d40e3932f7dfe3add%253Bregion%253Apk%253Bsku%253A1957895877_PK%253Bprice%253A26999%253Bclient%253Adesktop%253Bsupplier_id%253A6005623952574%253Bsession_id%253A%253Bbiz_source%253Ah5_external%253Bslot%253A0%253Butlog_bucket_id%253A470687%253Basc_category_id%253A1688%253Bitem_id%253A1957895877%253Bsku_id%253A14019053962%253Bshop_id%253A2594156%253BtemplateInfo%253A&freeshipping=0&fs_ab=1&fuse_fs=&lang=en&location=Punjab&price=26999&priceCompare=skuId%3A14019053962%3Bsource%3Alazada-search-voucher%3Bsn%3Ab4c5307b4efc219d40e3932f7dfe3add%3BoriginPrice%3A2699900%3BdisplayPrice%3A2699900%3BisGray%3Afalse%3BsinglePromotionId%3A-1%3BsingleToolCode%3AmockedSalePrice%3BvoucherPricePlugin%3A0%3Btimestamp%3A1785860290604&ratingscore=&request_id=b4c5307b4efc219d40e3932f7dfe3add&review=&sale=1&search=1&source=search&spm=a2a0e.searchlist.list.0&stock=1;Omron M3 Comfort Automatic Digital Blood Pressure Monitor 5 YEAR WARRENTY | Upper Arm BP Apparatus Machine | Original Omron BP Checker with IntelliSense Technology;Omron Healthcare Co. Ltd;Santé & Bien-être;Tensiomètres;26.999;PKR;;https://pk-live-21.slatic.net/kf/Sa1b9dfe4b6624eac81dc81c529191e5a0.jpg|https://static-01.daraz.pk/p/5db447b716dd01c09459d7d63c270e18.jpg|https://static-01.daraz.pk/p/1831ae61f28f3bd57086ec716128a127.jpg|https://static-01.daraz.pk/p/bed16543a03d7ae49b3922033ddde65f.jpg|https://static-01.daraz.pk/p/22b505ef2a52e81cca750cf9536fae13.jpg|https://static-01.daraz.pk/p/9c05ccf97bae92407a80f56d2e3f351c.jpg;6;ok
238;wildberries;238_wildberries;https://www.wildberries.ru/catalog/969597996/detail.aspx;Тонометр автоматический M7 Intelli IT с Bluetooth, манжета 22–42 см;Omron;Santé & Bien-être;Tensiomètres;13016;RUB;;https://basket-41.wbbasket.ru/vol9695/part969597/969597996/images/big/1.webp|https://basket-41.wbbasket.ru/vol9695/part969597/969597996/images/big/2.webp|https://basket-41.wbbasket.ru/vol9695/part969597/969597996/images/big/3.webp|https://basket-41.wbbasket.ru/vol9695/part969597/969597996/images/big/4.webp;4;ok
238;daraz;238_daraz;https://www.daraz.pk/products/omron-m7-3-i1958312370-s14019173757.html?c=&channelLpJumpArgs=&clickTrackInfo=query%253AOMRON%252BM7%252BIntelli%252BIT%252BAFib%253Bnid%253A1958312370%253Bsrc%253ALazadaMainSrp%253Brn%253A3e9f8280b44cdf429345376c579acb87%253Bregion%253Apk%253Bsku%253A1958312370_PK%253Bprice%253A44999%253Bclient%253Adesktop%253Bsupplier_id%253A6005623952574%253Bsession_id%253A%253Bbiz_source%253Ah5_external%253Bslot%253A0%253Butlog_bucket_id%253A470687%253Basc_category_id%253A1688%253Bitem_id%253A1958312370%253Bsku_id%253A14019173757%253Bshop_id%253A2594156%253BtemplateInfo%253A&freeshipping=0&fs_ab=1&fuse_fs=&lang=en&location=Punjab&price=44999&priceCompare=skuId%3A14019173757%3Bsource%3Alazada-search-voucher%3Bsn%3A3e9f8280b44cdf429345376c579acb87%3BoriginPrice%3A4499900%3BdisplayPrice%3A4499900%3BisGray%3Afalse%3BsinglePromotionId%3A-1%3BsingleToolCode%3AmockedSalePrice%3BvoucherPricePlugin%3A0%3Btimestamp%3A1785860655723&ratingscore=&request_id=3e9f8280b44cdf429345376c579acb87&review=&sale=0&search=1&source=search&spm=a2a0e.searchlist.list.0&stock=1;Omron M7 (ORIGNAL JAPNESE) Intelli IT Automatic Upper Arm Digital Blood Pressure Monitor With Bluetooth Connectivity & AFib Detection – 3 Years Brand Warranty;Omron Healthcare Co. Ltd;Santé & Bien-être;Tensiomètres;44.999;PKR;;https://static-01.daraz.pk/p/54c94853766190bdab4de047d3c34831.jpg|https://youtu.be/uH0Uj_gIeuA?si=jIoupOxnG5bX_6ZF|https://static-01.daraz.pk/p/c86ad27a0dbacee59539add77e88d7b3.jpg|https://static-01.daraz.pk/p/7355d748ecaf772efd1f15a07389ee62.jpg|https://static-01.daraz.pk/p/1c66ce205d904df5d23a415298f2d76d.jpg|https://pk-live-21.slatic.net/kf/Sffa9b15000684647b751106626ca31adN.jpg;6;ok
239;jumia;239_jumia;https://www.jumia.ma/logitech-g240-cloth-tapis-de-souris-de-jeu-optimise-pour-les-capteurs-friction-modereetapis-de-souris-antiderapant-accessoires-de-jeu-mac-et-pc-340-x-280-x-1-mm-65299017.html;G240 Cloth Tapis de souris de jeu, Optimisé pour les capteurs, Friction modérée,Tapis de souris antidérapant, Accessoires de jeu Mac et PC, 340 x 280 x 1 mm;Logitech;;;169.00;MAD;"FRICTION SUPERFICIELLE MOD&Eacute;R&Eacute;E
	TEXTURE DE SURFACE COH&Eacute;RENTE
	ADAPT&Eacute; AU CAPTEUR LOGITECH G
	​BASE EN CAOUTCHOUC STABLE";https://ma.jumia.is/unsafe/fit-in/680x680/filters:fill(white)/product/71/099256/1.jpg?3263|https://ma.jumia.is/unsafe/fit-in/680x680/filters:fill(white)/product/71/099256/2.jpg?3320|https://ma.jumia.is/unsafe/fit-in/680x680/filters:fill(white)/product/71/099256/3.jpg?3324|https://ma.jumia.is/unsafe/fit-in/680x680/filters:fill(white)/product/71/099256/4.jpg?3328|https://ma.jumia.is/unsafe/fit-in/680x680/filters:fill(white)/product/71/099256/5.jpg?3334|https://ma.jumia.is/unsafe/fit-in/680x680/filters:fill(white)/product/71/099256/6.jpg?3338|https://ma.jumia.is/unsafe/fit-in/680x680/filters:fill(white)/product/71/099256/7.jpg?3343;7;ok
239;wildberries;239_wildberries;https://www.wildberries.ru/catalog/534477948/detail.aspx;Коврик для мыши G240 Cloth Black (943-000095);LOGITECH;;;1909;RUB;;https://basket-28.wbbasket.ru/vol5344/part534477/534477948/images/big/1.webp|https://basket-28.wbbasket.ru/vol5344/part534477/534477948/images/big/2.webp;2;ok
239;daraz;239_daraz;https://www.daraz.pk/products/g240-i341909869-s1759692483.html?c=&channelLpJumpArgs=&clickTrackInfo=query%253ALogitech%252BMouse%252BPad%253Bnid%253A341909869%253Bsrc%253ALazadaMainSrp%253Brn%253A55390789fd319d91800d74f46ce07bb9%253Bregion%253Apk%253Bsku%253A341909869_PK%253Bprice%253A2999%253Bclient%253Adesktop%253Bsupplier_id%253A6005021379658%253Bsession_id%253A%253Bbiz_source%253Ah5_external%253Bslot%253A2%253Butlog_bucket_id%253A470687%253Basc_category_id%253A20000405%253Bitem_id%253A341909869%253Bsku_id%253A1759692483%253Bshop_id%253A830919%253BtemplateInfo%253A&freeshipping=1&fs_ab=1&fuse_fs=&lang=en&location=Punjab&price=2999&priceCompare=skuId%3A1759692483%3Bsource%3Alazada-search-voucher%3Bsn%3A55390789fd319d91800d74f46ce07bb9%3BoriginPrice%3A299900%3BdisplayPrice%3A299900%3BisGray%3Afalse%3BsinglePromotionId%3A-1%3BsingleToolCode%3AmockedSalePrice%3BvoucherPricePlugin%3A0%3Btimestamp%3A1785941005987&ratingscore=4.823529411764706&request_id=55390789fd319d91800d74f46ce07bb9&review=17&sale=63&search=1&source=search&spm=a2a0e.searchlist.list.2&stock=1;Logitech G240 Cloth Gaming Mouse Pad;Logitech;;;2.999;PKR;;https://static-01.daraz.pk/p/29f9a09b516f735e5b5590fb859773f7.jpg|https://static-01.daraz.pk/p/0a48af294a4b92631ce752ad68afd269.jpg|https://static-01.daraz.pk/p/75e9d0eb8e6bfdf600eafe356ff5e909.jpg|https://static-01.daraz.pk/p/2a88b3cca1a258ed846053621dc24ef5.jpg|https://static-01.daraz.pk/p/94f4bcbb748d4ab4f9515b585bd96f12.jpg|https://static-01.daraz.pk/p/2e0a0e03e97d21054378b9cd35a9542a.jpg|https://static-01.daraz.pk/p/9c08f509fa0cb0ca483f27c87af7c1d7.jpg;7;ok
240;jumia;240_jumia;https://www.jumia.ma/logitech-mouse-pad-studio-series-graphite-emea28i-935-mouse-pad-66166654.html;Mouse Pad Studio Series – GRAPHITE - EMEA28i-935 - MOUSE PAD;Logitech;;;119.00;MAD;"Dimensions: 23 x 20 cm
	&Eacute;paisseur : 2 mm sur base en caoutchouc
	Poids : 73 g";https://ma.jumia.is/unsafe/fit-in/680x680/filters:fill(white)/product/45/666166/1.jpg?0104;1;ok
240;wildberries;240_wildberries;https://www.wildberries.ru/catalog/494805237/detail.aspx;LOGITECH Mouse Pad Studio Series - GRAPHITE;LOGITECH;;;2019;RUB;;https://basket-27.wbbasket.ru/vol4948/part494805/494805237/images/big/1.webp|https://basket-27.wbbasket.ru/vol4948/part494805/494805237/images/big/2.webp|https://basket-27.wbbasket.ru/vol4948/part494805/494805237/images/big/3.webp|https://basket-27.wbbasket.ru/vol4948/part494805/494805237/images/big/4.webp|https://basket-27.wbbasket.ru/vol4948/part494805/494805237/images/big/5.webp|https://basket-27.wbbasket.ru/vol4948/part494805/494805237/images/big/6.webp;6;ok
240;daraz;240_daraz;https://www.daraz.pk/products/-i494910498-s2362459643.html?c=&channelLpJumpArgs=&clickTrackInfo=query%253ALOGITECH%252BMouse%252BPad%252BStudio%252BSeries%253Bnid%253A494910498%253Bsrc%253ALazadaMainSrp%253Brn%253A9796065a194e825a829292291c1ea7a5%253Bregion%253Apk%253Bsku%253A494910498_PK%253Bprice%253A3870%253Bclient%253Adesktop%253Bsupplier_id%253A6005025282749%253Bsession_id%253A%253Bbiz_source%253Ah5_external%253Bslot%253A1%253Butlog_bucket_id%253A470687%253Basc_category_id%253A7851%253Bitem_id%253A494910498%253Bsku_id%253A2362459643%253Bshop_id%253A881565%253BtemplateInfo%253A&freeshipping=0&fs_ab=1&fuse_fs=&lang=en&location=Punjab&price=3.87E%203&priceCompare=skuId%3A2362459643%3Bsource%3Alazada-search-voucher%3Bsn%3A9796065a194e825a829292291c1ea7a5%3BoriginPrice%3A387000%3BdisplayPrice%3A387000%3BisGray%3Afalse%3BsinglePromotionId%3A-1%3BsingleToolCode%3A-1%3BvoucherPricePlugin%3A0%3Btimestamp%3A1785941079345&ratingscore=&request_id=9796065a194e825a829292291c1ea7a5&review=&sale=0&search=1&source=search&spm=a2a0e.searchlist.list.1&stock=1;Logitech Studio Series Mouse Pad;No Brand;;;3.870;PKR;;https://static-01.daraz.pk/p/9c45c7b0cd941e35fb197d0be6e77326.jpg|https://static-01.daraz.pk/p/2bfa6914fad1ef9d27b26b814bdd2501.jpg|https://static-01.daraz.pk/p/c0f4dcfa958a180e84517fba389eaae5.jpg|https://static-01.daraz.pk/p/d6f9b5da656d5e9cbc67665e32a1be41.jpg|https://static-01.daraz.pk/p/c0f4dcfa958a180e84517fba389eaae5.jpg|https://static-01.daraz.pk/p/d6f9b5da656d5e9cbc67665e32a1be41.jpg;6;ok
241;wildberries;241_wildberries;https://www.wildberries.ru/catalog/367930238/detail.aspx;Коврик QcK Heavy Extra Thick Micro Woven Mousepad;Steelseries;;;2823;RUB;;https://basket-21.wbbasket.ru/vol3679/part367930/367930238/images/big/1.webp|https://basket-21.wbbasket.ru/vol3679/part367930/367930238/images/big/2.webp|https://basket-21.wbbasket.ru/vol3679/part367930/367930238/images/big/3.webp|https://basket-21.wbbasket.ru/vol3679/part367930/367930238/images/big/4.webp|https://basket-21.wbbasket.ru/vol3679/part367930/367930238/images/big/5.webp;5;ok
241;trendyol;241_trendyol;https://www.trendyol.com/steelseries/qck-small-gaming-mousepad-siyah-p-782249523;;;;;58.89;AED;;;;ok
241;daraz;241_daraz;https://www.daraz.pk/products/qck-i614161596-s2860630981.html?c=&channelLpJumpArgs=&clickTrackInfo=query%253ASteelSeries%252BQcK%253Bnid%253A614161596%253Bsrc%253ALazadaMainSrp%253Brn%253A7f1f6054092318774b86564dbe20a4e6%253Bregion%253Apk%253Bsku%253A614161596_PK%253Bprice%253A3000%253Bclient%253Adesktop%253Bsupplier_id%253A6005234912715%253Bsession_id%253A%253Bbiz_source%253Ah5_external%253Bslot%253A3%253Butlog_bucket_id%253A470687%253Basc_category_id%253A223%253Bitem_id%253A614161596%253Bsku_id%253A2860630981%253Bshop_id%253A1799516%253BtemplateInfo%253A&freeshipping=0&fs_ab=1&fuse_fs=&lang=en&location=Sindh&price=3E%203&priceCompare=skuId%3A2860630981%3Bsource%3Alazada-search-voucher%3Bsn%3A7f1f6054092318774b86564dbe20a4e6%3BoriginPrice%3A300000%3BdisplayPrice%3A300000%3BisGray%3Afalse%3BsinglePromotionId%3A-1%3BsingleToolCode%3A-1%3BvoucherPricePlugin%3A0%3Btimestamp%3A1785941123943&ratingscore=&request_id=7f1f6054092318774b86564dbe20a4e6&review=&sale=0&search=1&source=search&spm=a2a0e.searchlist.list.3&stock=1;SteelSeries QcK Mini Gaming Mouse Pad Black, Small;No Brand;;;3.000;PKR;;https://static-01.daraz.pk/p/dfa6deb6e3a84deac8e527ea053e1966.jpg|https://static-01.daraz.pk/p/904e2f102584872446cc8db5881b928b.jpg;2;ok
242;jumia;242_jumia;https://www.jumia.ma/razer-tapis-de-souris-gigantus-v2-large-65603027.html;Tapis de souris Gigantus V2 (large);Razer;;;499.00;MAD;Tapis de souris souple conçu pour le jeuSurface en tissu microtexturé idéal pour la vitesse et le contrôleOptimisé pour tous les capteurs de sourisBase caoutchoutée antidérapante pour une parfaite adhérenceDimensions :450 x 400 x 3 mm;https://ma.jumia.is/unsafe/fit-in/680x680/filters:fill(white)/product/72/030656/1.jpg?1923;1;ok
242;wildberries;242_wildberries;https://www.wildberries.ru/catalog/335540476/detail.aspx;Коврик для мыши Gigantus V2 Soft Gaming Mouse Mat Medium;Razer;;;1651;RUB;;https://basket-20.wbbasket.ru/vol3355/part335540/335540476/images/big/1.webp|https://basket-20.wbbasket.ru/vol3355/part335540/335540476/images/big/2.webp|https://basket-20.wbbasket.ru/vol3355/part335540/335540476/images/big/3.webp|https://basket-20.wbbasket.ru/vol3355/part335540/335540476/images/big/4.webp;4;ok
243;jumia;243_jumia;https://www.jumia.ma/razer-firefly-v2-hard-surface-mouse-mat-39219851.html;Firefly V2 - Hard Surface Mouse Mat;Razer;;;999.00;MAD;"Éclairage personnalisable
alimenté par Razer Chroma™ · 19 zones d’éclairage · Finition micro-texturée pour une
jouabilité équilibrée · Revêtement de surface optimisé
pour une excellente réactivité de suivi de la souris Prise de câble · Forme ultramince avec base
caoutchoutée antidérapante · Compatible avec Razer Synapse · Câble tressé USB ·";https://ma.jumia.is/unsafe/fit-in/680x680/filters:fill(white)/product/15/891293/1.jpg?3870|https://ma.jumia.is/unsafe/fit-in/680x680/filters:fill(white)/product/15/891293/2.jpg?3870|https://ma.jumia.is/unsafe/fit-in/680x680/filters:fill(white)/product/15/891293/3.jpg?3870|https://ma.jumia.is/unsafe/fit-in/680x680/filters:fill(white)/product/15/891293/4.jpg?3870|https://ma.jumia.is/unsafe/fit-in/680x680/filters:fill(white)/product/15/891293/5.jpg?3870;5;ok
243;wildberries;243_wildberries;https://www.wildberries.ru/catalog/971997835/detail.aspx;Коврик Razer Firefly V2, черный, коробка, 0.8 гр;Razer;;;7299;RUB;;https://basket-41.wbbasket.ru/vol9719/part971997/971997835/images/big/1.webp|https://basket-41.wbbasket.ru/vol9719/part971997/971997835/images/big/2.webp|https://basket-41.wbbasket.ru/vol9719/part971997/971997835/images/big/3.webp|https://basket-41.wbbasket.ru/vol9719/part971997/971997835/images/big/4.webp|https://basket-41.wbbasket.ru/vol9719/part971997/971997835/images/big/5.webp|https://basket-41.wbbasket.ru/vol9719/part971997/971997835/images/big/6.webp|https://basket-41.wbbasket.ru/vol9719/part971997/971997835/images/big/7.webp|https://basket-41.wbbasket.ru/vol9719/part971997/971997835/images/big/8.webp|https://basket-41.wbbasket.ru/vol9719/part971997/971997835/images/big/9.webp|https://basket-41.wbbasket.ru/vol9719/part971997/971997835/images/big/10.webp|https://basket-41.wbbasket.ru/vol9719/part971997/971997835/images/big/11.webp|https://basket-41.wbbasket.ru/vol9719/part971997/971997835/images/big/12.webp|https://basket-41.wbbasket.ru/vol9719/part971997/971997835/images/big/13.webp;13;ok
243;trendyol;243_trendyol;https://www.trendyol.com/razer/firefly-v2-mouse-pad-rz02-03020100-r3m1-p-35139819;RAZER Firefly V2 RGB Gaming Mousepad;RAZER;;;230.62;AED;;https://cdn.dsmcdn.com/ty1007/product/media/images/prod/SPM/PIM/20230929/11/50ee6e7b-7f3f-3297-89af-c3d4edca6278/1_org_zoom.jpg|https://cdn.dsmcdn.com/ty1007/product/media/images/prod/SPM/PIM/20230929/11/5709d0ff-7acd-350d-bafa-2f474077edca/1_org_zoom.jpg|https://cdn.dsmcdn.com/ty1007/product/media/images/prod/SPM/PIM/20230929/11/76e19d49-688d-3690-9a82-c519eb459074/1_org_zoom.jpg|https://cdn.dsmcdn.com/ty1007/product/media/images/prod/SPM/PIM/20230929/11/a598981d-51b9-3dc4-ad7d-fca9493cc9bf/1_org_zoom.jpg|https://cdn.dsmcdn.com/ty1005/product/media/images/prod/SPM/PIM/20230929/11/b8e3a11f-f340-3630-9c20-bed23701bd6b/1_org_zoom.jpg|https://cdn.dsmcdn.com/ty1007/product/media/images/prod/SPM/PIM/20230929/11/3e1b4413-360f-309f-a607-3029cdfa7e32/1_org_zoom.jpg|https://cdn.dsmcdn.com/ty1006/product/media/images/prod/SPM/PIM/20230929/11/97ef3dba-e56d-38c4-9f56-57f2832a1ab3/1_org_zoom.jpg|https://cdn.dsmcdn.com/ty1005/product/media/images/prod/SPM/PIM/20230929/11/28f0743d-20a2-3280-b01b-2080382b1c3a/1_org_zoom.jpg;8;ok
244;jumia;244_jumia;https://www.jumia.ma/razer-goliathus-chroma-67758612.html;Goliathus Chroma;Razer;;;549.00;MAD;Tapis de souris gaming avec surface micro‑texturée pour une glisse fluide et précision optimisée. Éclairage RGB Chroma personnalisable apporte du style et s’accorde à ton setup. Sa taille confortable et bord renforcé garantit durabilité pour les longues sessions;https://ma.jumia.is/unsafe/fit-in/680x680/filters:fill(white)/product/21/685776/1.jpg?5978|https://ma.jumia.is/unsafe/fit-in/680x680/filters:fill(white)/product/21/685776/2.jpg?5978|https://ma.jumia.is/unsafe/fit-in/680x680/filters:fill(white)/product/21/685776/3.jpg?5978;3;ok
244;wildberries;244_wildberries;https://www.wildberries.ru/catalog/173300312/detail.aspx;Коврик для компьютерной мыши Goliathus Chroma;Razer;;;5347;RUB;;https://basket-12.wbbasket.ru/vol1733/part173300/173300312/images/big/1.webp;1;ok
245;jumia;245_jumia;https://www.jumia.ma/hyperx-tapis-de-souris-gamer-pulsefire-mat-cloth-xl-66478734.html;tapis de souris gamer Pulsefire Mat Cloth (XL);HyperX;;;690.00;MAD;XL (900 x 420 mm) surface ultra-optimisée excellente résistance et precision.;https://ma.jumia.is/unsafe/fit-in/680x680/filters:fill(white)/product/43/787466/1.jpg?7026|https://ma.jumia.is/unsafe/fit-in/680x680/filters:fill(white)/product/43/787466/2.jpg?7026;2;ok
245;wildberries;245_wildberries;https://www.wildberries.ru/catalog/145236129/detail.aspx;Коврик для мышки большой Pulsefire Mat XXL 61х122 см;HYPERX;;;6475;RUB;;https://basket-10.wbbasket.ru/vol1452/part145236/145236129/images/big/1.webp|https://basket-10.wbbasket.ru/vol1452/part145236/145236129/images/big/2.webp|https://basket-10.wbbasket.ru/vol1452/part145236/145236129/images/big/3.webp|https://basket-10.wbbasket.ru/vol1452/part145236/145236129/images/big/4.webp|https://basket-10.wbbasket.ru/vol1452/part145236/145236129/images/big/5.webp|https://basket-10.wbbasket.ru/vol1452/part145236/145236129/images/big/6.webp|https://basket-10.wbbasket.ru/vol1452/part145236/145236129/images/big/7.webp;7;ok
246;jumia;246_jumia;https://www.jumia.ma/hyperx-fury-s-speed-edition-pro-tapis-de-souris-gaming-taille-m-36cm-x-30cm-50919781.html;FURY S Speed Edition Pro – Tapis de souris Gaming taille M (36cm x 30cm);HyperX;;;299.00;MAD;Bordures anti-effilochage avec surpiqures invisiblesOptions de surface disponibles pour la précision ou la vitesseSemelle en caoutchouc naturel texturé parfaitement stableQuatre tailles convenant à la plupart des espaces et des styles;https://ma.jumia.is/unsafe/fit-in/680x680/filters:fill(white)/product/18/791905/1.jpg?5948|https://ma.jumia.is/unsafe/fit-in/680x680/filters:fill(white)/product/18/791905/2.jpg?5948|https://ma.jumia.is/unsafe/fit-in/680x680/filters:fill(white)/product/18/791905/3.jpg?5948|https://ma.jumia.is/unsafe/fit-in/680x680/filters:fill(white)/product/18/791905/4.jpg?5948|https://ma.jumia.is/unsafe/fit-in/680x680/filters:fill(white)/product/18/791905/5.jpg?5948;5;ok
246;wildberries;246_wildberries;https://www.wildberries.ru/catalog/408261720/detail.aspx;HyperX Коврик Fury S Pro Speed Edition (M) :Разноцветный;;;;2235;RUB;;https://basket-23.wbbasket.ru/vol4082/part408261/408261720/images/big/1.webp;1;ok
246;daraz;246_daraz;https://www.daraz.pk/products/x-s-i103778904-s1250066076.html?c=&channelLpJumpArgs=&clickTrackInfo=query%253AHyperX%252BFURY%252BS%252BPro%253Bnid%253A103778904%253Bsrc%253ALazadaMainSrp%253Brn%253A582cbe887ce42e3c6d84e89d48329102%253Bregion%253Apk%253Bsku%253A103778904_PK%253Bprice%253A24750%253Bclient%253Adesktop%253Bsupplier_id%253A17844%253Bsession_id%253A%253Bbiz_source%253Ah5_external%253Bslot%253A0%253Butlog_bucket_id%253A470687%253Basc_category_id%253A20000405%253Bitem_id%253A103778904%253Bsku_id%253A1250066076%253Bshop_id%253A102482%253BtemplateInfo%253A&freeshipping=0&fs_ab=1&fuse_fs=&lang=en&location=Sindh&price=2.475E%204&priceCompare=skuId%3A1250066076%3Bsource%3Alazada-search-voucher%3Bsn%3A582cbe887ce42e3c6d84e89d48329102%3BoriginPrice%3A2475000%3BdisplayPrice%3A2475000%3BisGray%3Afalse%3BsinglePromotionId%3A-1%3BsingleToolCode%3A-1%3BvoucherPricePlugin%3A0%3Btimestamp%3A1785941987722&ratingscore=&request_id=582cbe887ce42e3c6d84e89d48329102&review=&sale=0&search=1&source=search&spm=a2a0e.searchlist.list.0&stock=1;HyperX Large FURY S Speed Edition Pro Gaming Mouse Pad - Black/Red;No Brand;;;24.750;PKR;;https://static-01.daraz.pk/p/75db0b70719953d7f4fa32d019d2b44c.jpg|https://static-01.daraz.pk/p/b21904add7afc9f5ec0e41b5ad3722dc.jpg|https://static-01.daraz.pk/p/e9497f532a1c9d2172480843713c6f08.jpg|https://static-01.daraz.pk/p/821a668d63d562ef3d8dfdb549774805.jpg|https://static-01.daraz.pk/p/b33eca716590b014daf00ac30742f1b4.jpg;5;ok
247;wildberries;247_wildberries;https://www.wildberries.ru/catalog/1277034779/detail.aspx;Игровой коврик для мыши Glorious XL Stealth;;;;5278;RUB;;https://basket-45.wbbasket.ru/vol12770/part1277034/1277034779/images/big/1.webp|https://basket-45.wbbasket.ru/vol12770/part1277034/1277034779/images/big/2.webp|https://basket-45.wbbasket.ru/vol12770/part1277034/1277034779/images/big/3.webp|https://basket-45.wbbasket.ru/vol12770/part1277034/1277034779/images/big/4.webp|https://basket-45.wbbasket.ru/vol12770/part1277034/1277034779/images/big/5.webp|https://basket-45.wbbasket.ru/vol12770/part1277034/1277034779/images/big/6.webp|https://basket-45.wbbasket.ru/vol12770/part1277034/1277034779/images/big/7.webp|https://basket-45.wbbasket.ru/vol12770/part1277034/1277034779/images/big/8.webp;8;ok
247;daraz;247_daraz;https://www.daraz.pk/products/xl-g-hxl-i185762701-s1371254179.html?c=&channelLpJumpArgs=&clickTrackInfo=query%253AGlorious%252BStealth%253Bnid%253A185762701%253Bsrc%253ALazadaMainSrp%253Brn%253A81bcde3047d94fe6353ffb49417ab8cf%253Bregion%253Apk%253Bsku%253A185762701_PK%253Bprice%253A20250%253Bclient%253Adesktop%253Bsupplier_id%253A17844%253Bsession_id%253A%253Bbiz_source%253Ah5_external%253Bslot%253A0%253Butlog_bucket_id%253A470687%253Basc_category_id%253A20000405%253Bitem_id%253A185762701%253Bsku_id%253A1371254179%253Bshop_id%253A102482%253BtemplateInfo%253A&freeshipping=0&fs_ab=1&fuse_fs=&lang=en&location=Sindh&price=2.025E%204&priceCompare=skuId%3A1371254179%3Bsource%3Alazada-search-voucher%3Bsn%3A81bcde3047d94fe6353ffb49417ab8cf%3BoriginPrice%3A2025000%3BdisplayPrice%3A2025000%3BisGray%3Afalse%3BsinglePromotionId%3A-1%3BsingleToolCode%3A-1%3BvoucherPricePlugin%3A0%3Btimestamp%3A1785942237005&ratingscore=&request_id=81bcde3047d94fe6353ffb49417ab8cf&review=&sale=0&search=1&source=search&spm=a2a0e.searchlist.list.0&stock=1;Glorious XL Heavy Gaming Mouse Mat/Pad G-HXL Stealth Edition;No Brand;;;20.250;PKR;;https://static-01.daraz.pk/p/8267d541a297d5b9fac4994d889f812f.jpg|https://static-01.daraz.pk/p/50d87a927800f38fca2cb8baab0b0992.jpg|https://static-01.daraz.pk/p/da3a165e781040af84820f386c40ab09.jpg|https://static-01.daraz.pk/p/1bf749baadc97c0bf71dde625deb26b3.jpg|https://static-01.daraz.pk/p/6c22b33c75655f0e2299ec8b60a0a686.jpg;5;ok
248;jumia;248_jumia;https://www.jumia.ma/xiaomi-aluminum-frame-luggage-26-silver-67759431.html;"Aluminum Frame Luggage 26""  - Silver";XIAOMI;;;2199.00;MAD;"Capacit&eacute; du produit&nbsp;82 L / 55 kg
Dimensions (bo&icirc;te seule) : 660 x 445 x 290 mm
Dimensions (avec roues et poign&eacute;e) : 735 x 468 x 290 mm
Poids 5,5 kg
Mat&eacute;riel Structure en alliage d&#039;aluminium.
Rev&ecirc;tement en polycarbonate. Covestro.
Volume&nbsp; 82 L";https://ma.jumia.is/unsafe/fit-in/680x680/filters:fill(white)/product/13/495776/1.jpg?4913|https://ma.jumia.is/unsafe/fit-in/680x680/filters:fill(white)/product/13/495776/2.jpg?4914|https://ma.jumia.is/unsafe/fit-in/680x680/filters:fill(white)/product/13/495776/3.jpg?4915|https://ma.jumia.is/unsafe/fit-in/680x680/filters:fill(white)/product/13/495776/4.jpg?4917|https://ma.jumia.is/unsafe/fit-in/680x680/filters:fill(white)/product/13/495776/5.jpg?4919|https://ma.jumia.is/unsafe/fit-in/680x680/filters:fill(white)/product/13/495776/6.jpg?4920;6;ok
248;wildberries;248_wildberries;https://www.wildberries.ru/catalog/458705566/detail.aspx;"Чемодан Aluminum Frame Luggage 26""";Xiaomi;;;31479;RUB;;https://basket-26.wbbasket.ru/vol4587/part458705/458705566/images/big/1.webp|https://basket-26.wbbasket.ru/vol4587/part458705/458705566/images/big/2.webp|https://basket-26.wbbasket.ru/vol4587/part458705/458705566/images/big/3.webp;3;ok
249;jumia;249_jumia;https://www.jumia.ma/modem-routeur-mobile-4g-lte-wifi-sim-tp-2000mah-link-m7200-tp-link-mpg931222.html;Modem routeur Mobile 4G LTE WiFi -Sim -TP- 2000mAh-LINK M7200;TP-Link;;;790.00;MAD;Ce routeur WiFi haut débit vous permet d'accéder à Internet sur 10 appareils, partout dans le monde. Il est déverrouillé afin que vous puissiez utiliser n'importe quelle carte SIM à l'intérieur. 4G avec une vitesse de téléchargement jusqu'à 150 Mbps Vitesse de téléchargement de 50 Mbps. Gestion facile avec l'application tpMiFi Batterie 2000mAh pour 8 heures d'utilisation Aucune configuration - insérez simplement une carte SIM et allumez-la pour profiter d'un accès Internet haut débit. Prend en charge la dernière génération 4G FDD / TDD-LTE, compatible avec le réseau de la plupart des pays et régions. Connectivité sans fil;https://ma.jumia.is/unsafe/fit-in/680x680/filters:fill(white)/product/39/273193/1.jpg?0767|https://ma.jumia.is/unsafe/fit-in/680x680/filters:fill(white)/product/39/273193/2.jpg?0767|https://ma.jumia.is/unsafe/fit-in/680x680/filters:fill(white)/product/39/273193/3.jpg?0767|https://ma.jumia.is/unsafe/fit-in/680x680/filters:fill(white)/product/39/273193/4.jpg?0767|https://ma.jumia.is/unsafe/fit-in/680x680/filters:fill(white)/product/39/273193/5.jpg?0767|https://ma.jumia.is/unsafe/fit-in/680x680/filters:fill(white)/product/39/273193/6.jpg?0767;6;ok
249;wildberries;249_wildberries;https://www.wildberries.ru/catalog/980526356/detail.aspx;Модем 2G/3G/4G M7200 micro USB Wi-Fi +Router внешний черный;TP-link;;;9855;RUB;;https://basket-41.wbbasket.ru/vol9805/part980526/980526356/images/big/1.webp|https://basket-41.wbbasket.ru/vol9805/part980526/980526356/images/big/2.webp|https://basket-41.wbbasket.ru/vol9805/part980526/980526356/images/big/3.webp|https://basket-41.wbbasket.ru/vol9805/part980526/980526356/images/big/4.webp|https://basket-41.wbbasket.ru/vol9805/part980526/980526356/images/big/5.webp|https://basket-41.wbbasket.ru/vol9805/part980526/980526356/images/big/6.webp|https://basket-41.wbbasket.ru/vol9805/part980526/980526356/images/big/7.webp|https://basket-41.wbbasket.ru/vol9805/part980526/980526356/images/big/8.webp|https://basket-41.wbbasket.ru/vol9805/part980526/980526356/images/big/9.webp|https://basket-41.wbbasket.ru/vol9805/part980526/980526356/images/big/10.webp|https://basket-41.wbbasket.ru/vol9805/part980526/980526356/images/big/11.webp|https://basket-41.wbbasket.ru/vol9805/part980526/980526356/images/big/12.webp|https://basket-41.wbbasket.ru/vol9805/part980526/980526356/images/big/13.webp|https://basket-41.wbbasket.ru/vol9805/part980526/980526356/images/big/14.webp|https://basket-41.wbbasket.ru/vol9805/part980526/980526356/images/big/15.webp|https://basket-41.wbbasket.ru/vol9805/part980526/980526356/images/big/16.webp|https://basket-41.wbbasket.ru/vol9805/part980526/980526356/images/big/17.webp|https://basket-41.wbbasket.ru/vol9805/part980526/980526356/images/big/18.webp|https://basket-41.wbbasket.ru/vol9805/part980526/980526356/images/big/19.webp|https://basket-41.wbbasket.ru/vol9805/part980526/980526356/images/big/20.webp|https://basket-41.wbbasket.ru/vol9805/part980526/980526356/images/big/21.webp|https://basket-41.wbbasket.ru/vol9805/part980526/980526356/images/big/22.webp|https://basket-41.wbbasket.ru/vol9805/part980526/980526356/images/big/23.webp|https://basket-41.wbbasket.ru/vol9805/part980526/980526356/images/big/24.webp|https://basket-41.wbbasket.ru/vol9805/part980526/980526356/images/big/25.webp|https://basket-41.wbbasket.ru/vol9805/part980526/980526356/images/big/26.webp|https://basket-41.wbbasket.ru/vol9805/part980526/980526356/images/big/27.webp|https://basket-41.wbbasket.ru/vol9805/part980526/980526356/images/big/28.webp;28;ok
250;jumia;250_jumia;https://www.jumia.ma/tp-link-m7350-4g-lte-wifi-mobile-modem-routeur-150mbps-49516186.html;M7350 4G LTE WiFi mobile Modem routeur 150Mbps;TP-Link;;;1150.00;MAD;"modem LTE + routeur WiFiCompatible réseau 4G LTE* via carte SIM** jusqu'à 150 Mbps en téléchargement et 50 Mbps en uploadSlot pour carte SIM** tout opérateurSupporte jusqu'à 10 appareils simultanémentWiFi sélectionnable en 2.4 GHz (débit jusqu'à 300 Mbps) Puissante batterie de 2000 mAh idéale pour plus 8 heures d'utilisation extérieurePort Micro USB pour une recharge facile de la batterieAffichage OLED 1.4"" couleur fournissant un état intuitif du produitEquipé d'un emplacement pour cartes Micro SD offrant en option jusqu'à 32 Go de stockage.";https://ma.jumia.is/unsafe/fit-in/680x680/filters:fill(white)/product/68/161594/1.jpg?4133|https://ma.jumia.is/unsafe/fit-in/680x680/filters:fill(white)/product/68/161594/2.jpg?4133|https://ma.jumia.is/unsafe/fit-in/680x680/filters:fill(white)/product/68/161594/3.jpg?4133|https://ma.jumia.is/unsafe/fit-in/680x680/filters:fill(white)/product/68/161594/4.jpg?4133|https://ma.jumia.is/unsafe/fit-in/680x680/filters:fill(white)/product/68/161594/5.jpg?4133|https://ma.jumia.is/unsafe/fit-in/680x680/filters:fill(white)/product/68/161594/6.jpg?4133|https://ma.jumia.is/unsafe/fit-in/680x680/filters:fill(white)/product/68/161594/7.jpg?4133;7;ok
250;wildberries;250_wildberries;https://www.wildberries.ru/catalog/1187128094/detail.aspx;Маршрутизатор TP-Link M7350 V10.0;TP-link;;;11543;RUB;;https://basket-43.wbbasket.ru/vol11871/part1187128/1187128094/images/big/1.webp|https://basket-43.wbbasket.ru/vol11871/part1187128/1187128094/images/big/2.webp|https://basket-43.wbbasket.ru/vol11871/part1187128/1187128094/images/big/3.webp|https://basket-43.wbbasket.ru/vol11871/part1187128/1187128094/images/big/4.webp|https://basket-43.wbbasket.ru/vol11871/part1187128/1187128094/images/big/5.webp|https://basket-43.wbbasket.ru/vol11871/part1187128/1187128094/images/big/6.webp|https://basket-43.wbbasket.ru/vol11871/part1187128/1187128094/images/big/7.webp;7;ok
251;wildberries;251_wildberries;https://www.wildberries.ru/catalog/991083663/detail.aspx;4G LTE Wi-Fi роутер B311-221;Huawei;;;3348;RUB;;https://basket-41.wbbasket.ru/vol9910/part991083/991083663/images/big/1.webp|https://basket-41.wbbasket.ru/vol9910/part991083/991083663/images/big/2.webp|https://basket-41.wbbasket.ru/vol9910/part991083/991083663/images/big/3.webp;3;ok
251;daraz;251_daraz;https://www.daraz.pk/products/b310-b310s-927-150mbps-4g-lte-3g-2g-cpe-i943641078-s4003738645.html?c=&channelLpJumpArgs=&clickTrackInfo=query%253AHuawei%252BB311%253Bnid%253A943641078%253Bsrc%253ALazadaMainSrp%253Brn%253A7c159f74dbb8a36f5557335edc97b306%253Bregion%253Apk%253Bsku%253A943641078_PK%253Bprice%253A10448%253Bclient%253Adesktop%253Bsupplier_id%253A6005055924592%253Bsession_id%253A%253Bbiz_source%253Ah5_external%253Bslot%253A0%253Butlog_bucket_id%253A470687%253Basc_category_id%253A128%253Bitem_id%253A943641078%253Bsku_id%253A4003738645%253Bshop_id%253A1298640%253BtemplateInfo%253A&freeshipping=0&fs_ab=1&fuse_fs=&lang=en&location=Punjab&price=10448&priceCompare=skuId%3A4003738645%3Bsource%3Alazada-search-voucher%3Bsn%3A7c159f74dbb8a36f5557335edc97b306%3BoriginPrice%3A1044800%3BdisplayPrice%3A1044800%3BisGray%3Afalse%3BsinglePromotionId%3A-1%3BsingleToolCode%3AmockedSalePrice%3BvoucherPricePlugin%3A0%3Btimestamp%3A1785947872209&ratingscore=&request_id=7c159f74dbb8a36f5557335edc97b306&review=&sale=0&search=1&source=search&spm=a2a0e.searchlist.list.0&stock=1;Unlocked Huawei B310 B310s-927 150Mbps 4G LTE  3G 2G CPE WIFI Wireless Router with antenna supported Hotspot Router;No Brand;;;10.448;PKR;Huawei B310s-927 Technical Specifications: LTE-FDD 900Mhz, 1800Mhz, 2100Mhz (B8, B3, B1) & LTE-TDD 2300MHz (B40) * LTE Download speed to 150mbps, upload speed to 50Mbps * WiFi 802.11b/g/n, Wireless speed to 300Mbps * Up to 32 wireless users could be connected simultaneously * Two connectors for external antennas * One Telephone port and one port for LAN/WLAN * Dimensions: 181.0mm x 126.0mm x 70.0mm * Weight: about 226g Package Contents: 1 x HUAWEI B310s-927 1 x Power Adapter 1 x network cable Huawei B310s-927 Technical Specifications: LTE-FDD 900Mhz, 1800Mhz, 2100Mhz (B8, B3, B1) & LTE-TDD 2300MHz (B40) * LTE Download speed to 150mbps, upload speed to 50Mbps * WiFi 802.11b/g/n, Wireless speed to 300Mbps * Up to 32 wireless users could be connected simultaneously * Two connectors for external antennas * One Telephone port and one port for LAN/WLAN * Dimensions: 181.0mm x 126.0mm x 70.0mm * Weight: about 226g Package Contents: 1 x HUAWEI B310s-927 1 x Power Adapter 1 x network cable Specifications of Brand No Brand SKU 943641078_PK-4003738645 Express delivery Lahore Graphics Memory No Number Cpus 1 System Memory 256mb Model B310s-927 What’s in the box Router+Power Adapter;https://pk-live-21.slatic.net/kf/Sa983f9d1907349c097edfa34995885bad.jpg|https://pk-live-21.slatic.net/kf/Sca1b7b6aee0b429b99ac870675980c41a.jpg|https://pk-live-21.slatic.net/kf/Sce4515b74d1145aab051ab290cde5d946.jpg|https://pk-live-21.slatic.net/kf/Sf9805ce43b38447dadac1e1d279e5c0eP.jpg|https://pk-live-21.slatic.net/kf/Sce840f0dcfac4d129bf5613d38526c23U.jpg|https://pk-live-21.slatic.net/kf/S621b532081f2466c966fe8c7ed9b67f1E.jpg;6;ok
252;wildberries;252_wildberries;https://www.wildberries.ru/catalog/211422579/detail.aspx;USB-адаптер, разветвитель портов CM511 (20956A);UGREEN;;;2206;RUB;;https://basket-14.wbbasket.ru/vol2114/part211422/211422579/images/big/1.webp|https://basket-14.wbbasket.ru/vol2114/part211422/211422579/images/big/2.webp|https://basket-14.wbbasket.ru/vol2114/part211422/211422579/images/big/3.webp|https://basket-14.wbbasket.ru/vol2114/part211422/211422579/images/big/4.webp|https://basket-14.wbbasket.ru/vol2114/part211422/211422579/images/big/5.webp|https://basket-14.wbbasket.ru/vol2114/part211422/211422579/images/big/6.webp|https://basket-14.wbbasket.ru/vol2114/part211422/211422579/images/big/7.webp|https://basket-14.wbbasket.ru/vol2114/part211422/211422579/images/big/8.webp;8;ok
252;daraz;252_daraz;https://www.daraz.pk/products/ugreen-15495-revodok-105-usb-c-hub-5-in-1-i943414955-s4003243209.html?c=&channelLpJumpArgs=&clickTrackInfo=query%253AUGREEN%252BCM511%253Bnid%253A943414955%253Bsrc%253ALazadaMainSrp%253Brn%253A66902a4edaabdebaf33620cbd10ab395%253Bregion%253Apk%253Bsku%253A943414955_PK%253Bprice%253A5499%253Bclient%253Adesktop%253Bsupplier_id%253A6005027169176%253Bsession_id%253A%253Bbiz_source%253Ah5_external%253Bslot%253A7%253Butlog_bucket_id%253A470687%253Basc_category_id%253A62515601%253Bitem_id%253A943414955%253Bsku_id%253A4003243209%253Bshop_id%253A909993%253BtemplateInfo%253A&freeshipping=0&fs_ab=1&fuse_fs=&lang=en&location=Punjab&price=5499&priceCompare=skuId%3A4003243209%3Bsource%3Alazada-search-voucher%3Bsn%3A66902a4edaabdebaf33620cbd10ab395%3BoriginPrice%3A549900%3BdisplayPrice%3A549900%3BisGray%3Afalse%3BsinglePromotionId%3A-1%3BsingleToolCode%3AmockedSalePrice%3BvoucherPricePlugin%3A0%3Btimestamp%3A1786012526068&ratingscore=5.0&request_id=66902a4edaabdebaf33620cbd10ab395&review=2&sale=4&search=1&source=search&spm=a2a0e.searchlist.list.7&stock=1;New - UGREEN 15495 Revodok 105 USB C Hub 5 in 1 Multifunction Hub;UGREEN;;;5.499;PKR;;https://static-01.daraz.pk/p/649f59b23ca16e46a178fe37af3422ac.png|https://static-01.daraz.pk/p/dc0d31d5a993ebe5001e420fb1d3cc05.png|https://static-01.daraz.pk/p/4f32b924e4cbd098777b247c78943260.png|https://static-01.daraz.pk/p/0092057b30019744f21fcdbe75a1f7ff.png|https://static-01.daraz.pk/p/7ba69090c641454afb31a8296b1514ef.png;5;ok
253;jumia;253_jumia;https://www.jumia.ma/adaptateur-usb-7-in-1-type-c-hub-sortie-hd-4k-hdmi-usb-3.0-generic-mpg1064326.html;Adaptateur USB 7 in 1 Type C HUB Sortie HD 4K HDMI USB 3.0;;;;169.00;MAD;usb to hdtv 7 ports2 ports USB standard avec une vitesse de transfert de 5 Gbit / s1 port Thunderbolt 3 3 (40 Gbit / s)1 port USB-C1 port HDMI avec sortie vidéo 4K2 emplacements pour carte SD SuperSpeed ports USB 3.0Power livraison USB-C PortStylish et portable;https://ma.jumia.is/unsafe/fit-in/680x680/filters:fill(white)/product/93/018974/1.jpg?7731|https://ma.jumia.is/unsafe/fit-in/680x680/filters:fill(white)/product/93/018974/2.jpg?7731|https://ma.jumia.is/unsafe/fit-in/680x680/filters:fill(white)/product/93/018974/3.jpg?7731|https://ma.jumia.is/unsafe/fit-in/680x680/filters:fill(white)/product/93/018974/4.jpg?7731|https://ma.jumia.is/unsafe/fit-in/680x680/filters:fill(white)/product/93/018974/5.jpg?7731|https://ma.jumia.is/unsafe/fit-in/680x680/filters:fill(white)/product/93/018974/6.jpg?7731|https://ma.jumia.is/unsafe/fit-in/680x680/filters:fill(white)/product/93/018974/7.jpg?7731;7;ok
253;wildberries;253_wildberries;https://www.wildberries.ru/catalog/1286394103/detail.aspx;Переходик для Lenovo Yoga Slim 7;;;;1966;RUB;;https://basket-45.wbbasket.ru/vol12863/part1286394/1286394103/images/big/1.webp|https://basket-45.wbbasket.ru/vol12863/part1286394/1286394103/images/big/2.webp|https://basket-45.wbbasket.ru/vol12863/part1286394/1286394103/images/big/3.webp|https://basket-45.wbbasket.ru/vol12863/part1286394/1286394103/images/big/4.webp;4;ok
254;jumia;254_jumia;https://www.jumia.ma/lenovo-thinkpad-universal-usb-c-dock-68001217.html;THINKPAD UNIVERSAL USB-C DOCK;Lenovo;;;1600.00;MAD;Caractéristiques:3 écrans (4K à 60 Hz)2 ports USB-A 2.0, 3 ports USB-A 3.2 Gen 2 (10 Gbps, 1 toujours actif)1 port USB-C (10 Gbps, 5 V/3 A)1 port RJ45, 1 GbpsCharge 65 WPrésentation:3840x2160 @ 60 Hz (Max)2 x DisplayPort, 1x HDMI3 x USB 3.2 Gen 2, 2 x USB 2.0, 1 x USB-C1 x Gigabit Ethernet;https://ma.jumia.is/unsafe/fit-in/680x680/filters:fill(white)/product/71/210086/1.jpg?4266|https://ma.jumia.is/unsafe/fit-in/680x680/filters:fill(white)/product/71/210086/2.jpg?4266|https://ma.jumia.is/unsafe/fit-in/680x680/filters:fill(white)/product/71/210086/3.jpg?4266;3;ok
254;wildberries;254_wildberries;https://www.wildberries.ru/catalog/817061625/detail.aspx;Док-станция Lenovo ThinkPad Universal USB-C Dock (RJ-45, 2xU;Lenovo;;;1501;RUB;;https://basket-37.wbbasket.ru/vol8170/part817061/817061625/images/big/1.webp|https://basket-37.wbbasket.ru/vol8170/part817061/817061625/images/big/2.webp|https://basket-37.wbbasket.ru/vol8170/part817061/817061625/images/big/3.webp|https://basket-37.wbbasket.ru/vol8170/part817061/817061625/images/big/4.webp;4;ok
254;daraz;254_daraz;https://www.daraz.pk/products/lenovo-thinkpad-universal-dock-dk1633-40a9-docking-station-with-90w-135w-adapter-black-usb-c-usb31-c-used-i1946900061-s14010544054.html?c=&channelLpJumpArgs=&clickTrackInfo=query%253ALenovo%252BThinkPad%252BUniversal%252BUSB-C%252BDock%253Bnid%253A1946900061%253Bsrc%253ALazadaMainSrp%253Brn%253A63c0fe051c2f9d5f87dadf90e2e9996c%253Bregion%253Apk%253Bsku%253A1946900061_PK%253Bprice%253A11500%253Bclient%253Adesktop%253Bsupplier_id%253A6005016246047%253Bsession_id%253A%253Bbiz_source%253Ah5_external%253Bslot%253A0%253Butlog_bucket_id%253A470687%253Basc_category_id%253A79%253Bitem_id%253A1946900061%253Bsku_id%253A14010544054%253Bshop_id%253A764319%253BtemplateInfo%253A-1_A3_C%2523&freeshipping=0&fs_ab=1&fuse_fs=&lang=en&location=Punjab&price=1.15E%204&priceCompare=skuId%3A14010544054%3Bsource%3Alazada-search-voucher%3Bsn%3A63c0fe051c2f9d5f87dadf90e2e9996c%3BoriginPrice%3A1150000%3BdisplayPrice%3A1150000%3BisGray%3Afalse%3BsinglePromotionId%3A-1%3BsingleToolCode%3AmockedSalePrice%3BvoucherPricePlugin%3A0%3Btimestamp%3A1786013900021&ratingscore=&request_id=63c0fe051c2f9d5f87dadf90e2e9996c&review=&sale=1&search=1&source=search&spm=a2a0e.searchlist.list.0&stock=0;Lenovo Thinkpad Universal Dock DK1633 40A9 Docking Station with 90W /135W  Adapter (Black, USB-C, USB3.1 C, USED);Nobrand1;;;11.500;PKR;Accessories: 90W /135W power adapter( CHOOSE UNDER PRODUCT NAME) + power cord, LENOVO DOCK + TYPE C CABLE Always Connect via USB Type-C : Connect your ThinkPad USB-C Dock to a notebook or tablet with one cable to instantly connect multiple displays, wired networks, audio devices, and all USB peripherals UNMATCHED VIDEOS: Ultra High Definition (UHD - 4K) display provides vivid images and multitasking with two FHD (1080p) displays at a new level For maximum display reduction we recommend connecting one or two displays to a dock DisplayPort Output Only: 3840 x 2160 pixels (30 Hz) VGA Output Only: 1920 x 1200 pixels (60 Hz) DisplayPort / VGA Simultaneous Output: 1920 x 1080 pixels (60 Hz) DisplayPort / DisplayPort Simultaneous Output: 1920 x 1080 pixels (60 Hz) USB 3.0 x 3 (1 x always-on mobile device charging) USB 2.0 x 2 x USB-C (Data Only, Upstream Terminal) 10/1000 Gigabit Ethernet DisplayPort x 2 VGA Stereo/Microphone Combo Audio Port Lenovo Thinkpad Universal Dock DK1633 40A9 Docking Station with 90W /135W  Adapter (Black, USB-C, USB3.1 C, USED) The ThinkPad USB-C Dock (40A9) is a universal docking solution ensuring a productive workstation. Experience all your productivity needs including video, data, and wired network all while delivering continuous power to your laptop via a robust USB Type-C TM port. Simply connect your laptop or tablet with the dock and boost your productivity in no time. Single UHD display@30Hz or dual FHD displays allows you to enjoy a vivid video experience. Features and benefits: Always Connected via USB Type-C: Connect the ThinkPad USB-C Dock to your laptop or tablet with a single cable and get immediate connectivity to multiple displays, a wired network, your audio device of choice, and all your USB peripherals. A Power Hub for Your Desk: Experience up to 60W of stable, reliable, and continuous power for your laptop or tablet ensuring your station is always ready for peak productivity. Apart from charging your notebook or tablet and mob;https://static-01.daraz.pk/p/67af8bd33a327bda9180f76744c8429f.png|https://static-01.daraz.pk/p/caf1e027c302588ca8b267de2d951a64.png|https://static-01.daraz.pk/p/44021db67ee2d65976f55952d9ed1423.png|https://static-01.daraz.pk/p/f41f221c40e9c5d29dea7789fd004618.png|https://static-01.daraz.pk/p/bbcff618978d9bbf253d690669e44039.png|https://static-01.daraz.pk/p/0700883342258a00cc361599501bf249.png|https://static-01.daraz.pk/p/9e10a9ba2e2c4f506ecd0ec432c0b2fa.png|https://static-01.daraz.pk/p/0ece2bcde68caf14115098656d3b7aa5.png;8;ok
255;jumia;255_jumia;https://www.jumia.ma/tp-link-hub-usb-type-c-9-en-1-uh9120c-station-daccueil-multiport-usb-c-hdmi-4k-60-hz-ethernet-1-gbits-lecteurs-de-cartes-sd-et-microsd-uhs-i-3-ports-usb-a-et-1-port-usb-c-charge-rapide-100-w-plug-and-play-67442813.html;Hub USB Type-C 9 en 1 UH9120C , Station d'accueil multiport USB-C , HDMI 4K 60 Hz , Ethernet 1 Gbit/s , Lecteurs de cartes SD et microSD UHS-I , 3 ports USB-A et 1 port USB-C , Charge rapide 100 W , Plug and Play;TP-Link;;;599.00;MAD;9 in 1 USB-C Hub --- UH9120C turns a single USB-C port into 9 ports with a 4K@60Hz HDMI, 1 Gbps ethernet, SD & microSD UHS-I, 100W Power Delivery, 1× USB-C Data Ports, 3× USB-A Data Ports.Ultra High-Definition Media Display --- Connect to an external monitor via the 4K@60Hz HDMI port for a stunning ultra high-definition experience.Stable Gigabit Connection --- This compact gadget provides stable Gigabit Ethernet connectivity for your ultrabook, Chromebook, laptop, or desktop.SD & microSD UHS-I --- Easily transfer data in SD and microSD cards (up to 104 MB/s). Experience seamless data management with simultaneous read/write capabilities on both microSD and SD cards.Powerful 100W Fast Charging --- Plug the charging cable into UH9120C and continuously deliver up to 100W of power to your PC while transferring files or streaming media.5 Gbps SuperSpeed Data Transfer --- UH9120C adds multiple USB 3.0 ports to your device, enabling simultaneous use of multiple USB devices.Easy to Use with Plug & Play --- Simply plug in and start using in seconds, thanks to driver-free install with Mac OS X El Capitan Version 10.11.6 and later, Windows 11/10/8.1, Linux OS, iPad OS, iOS, Android, Chrome OS, and Nintendo OS.;https://ma.jumia.is/unsafe/fit-in/680x680/filters:fill(white)/product/31/824476/1.jpg?4870|https://ma.jumia.is/unsafe/fit-in/680x680/filters:fill(white)/product/31/824476/2.jpg?4870|https://ma.jumia.is/unsafe/fit-in/680x680/filters:fill(white)/product/31/824476/3.jpg?4870|https://ma.jumia.is/unsafe/fit-in/680x680/filters:fill(white)/product/31/824476/4.jpg?4870|https://ma.jumia.is/unsafe/fit-in/680x680/filters:fill(white)/product/31/824476/5.jpg?4870|https://ma.jumia.is/unsafe/fit-in/680x680/filters:fill(white)/product/31/824476/6.jpg?4870|https://ma.jumia.is/unsafe/fit-in/680x680/filters:fill(white)/product/31/824476/7.jpg?4870|https://ma.jumia.is/unsafe/fit-in/680x680/filters:fill(white)/product/31/824476/8.jpg?4870;8;ok
255;wildberries;255_wildberries;https://www.wildberries.ru/catalog/1292275465/detail.aspx;USB HUB 9-port USB 3.0 Type-C TP-Link UH9120C, Gray;TP-link;;;6292;RUB;;https://basket-45.wbbasket.ru/vol12922/part1292275/1292275465/images/big/1.webp|https://basket-45.wbbasket.ru/vol12922/part1292275/1292275465/images/big/2.webp|https://basket-45.wbbasket.ru/vol12922/part1292275/1292275465/images/big/3.webp|https://basket-45.wbbasket.ru/vol12922/part1292275/1292275465/images/big/4.webp|https://basket-45.wbbasket.ru/vol12922/part1292275/1292275465/images/big/5.webp|https://basket-45.wbbasket.ru/vol12922/part1292275/1292275465/images/big/6.webp;6;ok
255;daraz;255_daraz;https://www.daraz.pk/products/tp-usb-c-9-1-uh9120c-usb-c-9-1-18-i884026926-s3912859376.html?c=&channelLpJumpArgs=&clickTrackInfo=query%253ATP-Link%252BUH9120C%253Bnid%253A884026926%253Bsrc%253ALazadaMainSrp%253Brn%253A3bb08947ea0987c045f44efd124a3883%253Bregion%253Apk%253Bsku%253A884026926_PK%253Bprice%253A15599%253Bclient%253Adesktop%253Bsupplier_id%253A1129658%253Bsession_id%253A%253Bbiz_source%253Ah5_external%253Bslot%253A0%253Butlog_bucket_id%253A470687%253Basc_category_id%253A10002883%253Bitem_id%253A884026926%253Bsku_id%253A3912859376%253Bshop_id%253A239297%253BtemplateInfo%253A-1_A3_C%2523&freeshipping=0&fs_ab=1&fuse_fs=&lang=en&location=Sindh&price=15599&priceCompare=skuId%3A3912859376%3Bsource%3Alazada-search-voucher%3Bsn%3A3bb08947ea0987c045f44efd124a3883%3BoriginPrice%3A1559900%3BdisplayPrice%3A1559900%3BisGray%3Afalse%3BsinglePromotionId%3A-1%3BsingleToolCode%3AmockedSalePrice%3BvoucherPricePlugin%3A0%3Btimestamp%3A1786014017839&ratingscore=&request_id=3bb08947ea0987c045f44efd124a3883&review=&sale=0&search=1&source=search&spm=a2a0e.searchlist.list.0&stock=0;TP-Link USB Type-C 9-in-1 Hub UH9120C USB Type-C 9-in-1 Hub  - 18 Months Brand Warranty;TP Link;;;15.599;PKR;"9-in-1 USB-C Hub: UH9120C turns a single USB-C port into 9 ports with a 4K@60Hz HDMI, 1 Gbps ethernet, SD & microSD UHS-I, 100W Power Delivery, 1× USB-C Data Port, 3× USB-A Data Ports. Ultra High-Definition Media Display: Connect to an external monitor via the 4K@60Hz HDMI port for a stunning ultra high-definition experience. Stable Gigabit Connection: This compact gadget provides stable Gigabit Ethernet connectivity for your ultrabook, Chromebook, laptop, or desktop. SD & microSD UHS-I: Easily transfer data in SD and microSD cards (up to 104 MB/s). Experience seamless data management with simultaneous read/write capabilities on both microSD and SD cards. Powerful 100W Fast Charging: Plug the charging cable into UH9120C and continuously deliver up to 100W of power to your PC while transferring files or streaming media. 5 Gbps SuperSpeed Data Transfer: UH9120C adds multiple USB 3.0 ports to your device, enabling simultaneous use of multiple USB devices. Easy to Use with Plug & Play: Simply plug in and start using in seconds, thanks to driver-free install with Mac OS X El Capitan Version 10.11.6 and later, Windows 11/10/8.1, Linux OS, iPad OS, iOS, Android, and Chrome OS. Specifications of Brand TP Link SKU 884026926_PK-3912859376 Express delivery Karachi Plug And Play Yes Condition Brand New Graphics Memory usb hub Usb Ports 9 Warranty Policy EN ""Warranty does not cover breaking, damage, or being declared dead. It is essential to handle the box in which the package arrived carefully; otherwise, warranty will not apply.""";https://static-01.daraz.pk/p/4eaf43b5316ef8281467aa3cba66028c.jpg|https://static-01.daraz.pk/p/0b5e608bb55b5ffa575ab4b849610272.png|https://static-01.daraz.pk/p/2d6c33b1dffde820668531528e98e71f.jpg|https://static-01.daraz.pk/p/2c595b6bde1c4cc1541ea580c0df74dd.jpg|https://static-01.daraz.pk/p/42d7c992f2aad5378d48df2c07bbc9f7.jpg|https://static-01.daraz.pk/p/1ff04d8e210ab382b1f9a4796775b1a5.jpg|https://static-01.daraz.pk/p/469b3c95b48388dd3cf1dce5cb1e2c5c.jpg;7;ok
256;jumia;256_jumia;https://www.jumia.ma/tp-link-hub-usb-type-c-7-en-1-uh7020c-station-daccueil-multiport-avec-adaptateur-usb-c-hdmi-4k-a-60-hz-port-usb-c-3.0-2-ports-usb-a-3.0-alimentation-100-w-et-lecteur-de-cartes-sdmicrosd-plug-and-play-67442543.html;Hub USB Type-C 7-en-1 UH7020C , Station d'accueil multiport avec adaptateur USB-C , HDMI 4K à 60 Hz , Port USB-C 3.0 , 2 ports USB-A 3.0 , Alimentation 100 W et lecteur de cartes SD/microSD , Plug and Play;TP-Link;;;549.00;MAD;7 in 1 USB-C Hub: UH7020C turns a single USB-C port into 7 ports with a 4K@60Hz HDMI, SD & microSD UHS-I, 100W Power Delivery, 1× USB-C Data Port, 2× USB-A Data Ports.Ultra High-Definition Media Display: Connect to an external monitor via the 4K@60Hz HDMI port for a stunning ultra high-definition experience.SD & microSD UHS-I: Easily transfer data in SD and microSD cards (up to 200 MB/s). Experience seamless data management with simultaneous read/write capabilities on both microSD and SD cards.Powerful 100W Fast Charging: Plug the charging cable into UH7020C and continuously deliver up to 100W of power to your PC while transferring files or streaming media.5 Gbps SuperSpeed Data Transfer: UH7020C adds three USB 3.0 ports to your device, enabling simultaneous use of multiple USB devices.Easy to Use with Plug & Play: Simply plug in and start using in seconds, thanks to driver-free install with Mac OS, Windows 11/10/8.1/8/7, Linux OS, iPadOS, iOS, Android, Chrome OS, and Nintendo OS.;https://ma.jumia.is/unsafe/fit-in/680x680/filters:fill(white)/product/34/524476/1.jpg?3745|https://ma.jumia.is/unsafe/fit-in/680x680/filters:fill(white)/product/34/524476/2.jpg?3745|https://ma.jumia.is/unsafe/fit-in/680x680/filters:fill(white)/product/34/524476/3.jpg?3745|https://ma.jumia.is/unsafe/fit-in/680x680/filters:fill(white)/product/34/524476/4.jpg?3745|https://ma.jumia.is/unsafe/fit-in/680x680/filters:fill(white)/product/34/524476/5.jpg?3745|https://ma.jumia.is/unsafe/fit-in/680x680/filters:fill(white)/product/34/524476/6.jpg?3745|https://ma.jumia.is/unsafe/fit-in/680x680/filters:fill(white)/product/34/524476/7.jpg?3745|https://ma.jumia.is/unsafe/fit-in/680x680/filters:fill(white)/product/34/524476/8.jpg?3745;8;ok
256;wildberries;256_wildberries;https://www.wildberries.ru/catalog/785025614/detail.aspx;Док-станция для ноутбука/ПК UH7020C;TP-link;;;3223;RUB;;https://basket-36.wbbasket.ru/vol7850/part785025/785025614/images/big/1.webp|https://basket-36.wbbasket.ru/vol7850/part785025/785025614/images/big/2.webp|https://basket-36.wbbasket.ru/vol7850/part785025/785025614/images/big/3.webp|https://basket-36.wbbasket.ru/vol7850/part785025/785025614/images/big/4.webp;4;ok
257;jumia;257_jumia;https://www.jumia.ma/tp-link-type-c-6-in-1-hub-uh6120c-6-in-1-usb-c-hub-usb-c-to-hdmi-docking-station-4k-60hz-hdmi-adapter-2-usb-a-data-ports-dock-100w-power-usb-c-3.0-multiport-adapter-aluminum-usb-type-c-splitter-for-pcxboxlaptop-67442306.html;Type-C 6 in 1 Hub, UH6120C 6-in-1 USB C Hub, USB C to HDMI Docking Station, 4K 60Hz HDMI Adapter, 2 USB-A Data Ports Dock, 100W Power, USB C 3.0 Multiport Adapter, Aluminum USB Type C Splitter for PC/Xbox/Laptop;TP-Link;;;499.00;MAD;"6 in 1 USB-C Hub: UH6120C turns a single USB-C port into 6 ports with a 4K@60Hz HDMI, 1 Gbps ethernet, 100W Power Delivery, 1× USB-C Data Ports, 2× USB-A Data PortsStable Gigabit Connection: This compact gadget provides stable Gigabit Ethernet connectivity for your ultrabook, Chromebook, laptop, or desktopPowerful 100W Fast Charging: Plug the charging cable into UH6120C and continuously output up to 85W of power to your PC while transferring files or streaming media; 15W is reserved for other interface operations5 Gbps SuperSpeed Data Transfer: UH6120C adds three USB 3.0 ports to your device, enabling simultaneous use of multiple USB devices6 in 1 USB-C Hub: UH6120C turns a single USB-C port into 6 ports with a 4K@60Hz HDMI, 1 Gbps ethernet, 100W Power Delivery, 1× USB-C Data Ports, 2× USB-A Data Ports.Ultra High-Definition Media Display: Connect to an external monitor via the 4K@60Hz HDMI port for a stunning ultra high-definition experience.Stable Gigabit Connection: This compact gadget provides stable Gigabit Ethernet connectivity for your ultrabook, Chromebook, laptop, or desktop.Powerful 100W Fast Charging: Plug the charging cable into UH6120C and continuously deliver up to 100W of power to your PC while transferring files or streaming media.5 Gbps SuperSpeed Data Transfer: UH6120C adds three USB 3.0 ports to your device, enabling simultaneous use of multiple USB devices.Easy to Use with Plug & Play: Simply plug in and start using in seconds, thanks to driver-free install with Mac OS X El Capitan Version 10.11.6 and later, Windows 11/10/8.1, Linux OS, iPad OS, iOS, Android, Chrome OS, and Nintendo OS.";https://ma.jumia.is/unsafe/fit-in/680x680/filters:fill(white)/product/60/324476/1.jpg?2724|https://ma.jumia.is/unsafe/fit-in/680x680/filters:fill(white)/product/60/324476/2.jpg?2724|https://ma.jumia.is/unsafe/fit-in/680x680/filters:fill(white)/product/60/324476/3.jpg?2724|https://ma.jumia.is/unsafe/fit-in/680x680/filters:fill(white)/product/60/324476/4.jpg?2724|https://ma.jumia.is/unsafe/fit-in/680x680/filters:fill(white)/product/60/324476/5.jpg?2724|https://ma.jumia.is/unsafe/fit-in/680x680/filters:fill(white)/product/60/324476/6.jpg?2724|https://ma.jumia.is/unsafe/fit-in/680x680/filters:fill(white)/product/60/324476/7.jpg?2724|https://ma.jumia.is/unsafe/fit-in/680x680/filters:fill(white)/product/60/324476/8.jpg?2724;8;ok
257;wildberries;257_wildberries;https://www.wildberries.ru/catalog/706367040/detail.aspx;Хаб (разветвитель) UH6120C, серый;TP-link;;;5992;RUB;;https://basket-34.wbbasket.ru/vol7063/part706367/706367040/images/big/1.webp|https://basket-34.wbbasket.ru/vol7063/part706367/706367040/images/big/2.webp|https://basket-34.wbbasket.ru/vol7063/part706367/706367040/images/big/3.webp|https://basket-34.wbbasket.ru/vol7063/part706367/706367040/images/big/4.webp|https://basket-34.wbbasket.ru/vol7063/part706367/706367040/images/big/5.webp|https://basket-34.wbbasket.ru/vol7063/part706367/706367040/images/big/6.webp|https://basket-34.wbbasket.ru/vol7063/part706367/706367040/images/big/7.webp|https://basket-34.wbbasket.ru/vol7063/part706367/706367040/images/big/8.webp|https://basket-34.wbbasket.ru/vol7063/part706367/706367040/images/big/9.webp|https://basket-34.wbbasket.ru/vol7063/part706367/706367040/images/big/10.webp;10;ok
257;trendyol;257_trendyol;https://www.trendyol.com/tp-link/uh6120c-usb-type-c-docking-station-6-port-usb-c-pd-usb-c-usb-3-0-x2-p-1080532834;;;;;144.4;AED;;https://cdn.dsmcdn.com/mnresize/300/-/sfweb/images/ae.png|https://cdn.dsmcdn.com/sfweb-checkout/images/basket-icon_1751630173674.png|https://cdn.dsmcdn.com/mobile/international/PaymentLogo/Mastercard3x.png|https://cdn.dsmcdn.com/mobile/international/PaymentLogo/Visa3x.png|https://cdn.dsmcdn.com/mobile/international/PaymentLogo/Applepay3x.png|https://cdn.dsmcdn.com/mobile/international/PaymentLogo/tamara_logo_en.png|https://cdn.dsmcdn.com/mobile/international/PaymentLogo/Tabby_Basket_new.png|https://cdn.dsmcdn.com/mobile/international/PaymentLogo/cod-v4.png;8;ok
257;daraz;257_daraz;https://www.daraz.pk/products/tp-usb-c-1-6-uh6120c-usb-c-1-6-18-i884022957-s3912839898.html?c=&channelLpJumpArgs=&clickTrackInfo=query%253ATP-Link%252BUH6120C%253Bnid%253A884022957%253Bsrc%253ALazadaMainSrp%253Brn%253A9faa1825accaa5601855478c46fe11f1%253Bregion%253Apk%253Bsku%253A884022957_PK%253Bprice%253A13499%253Bclient%253Adesktop%253Bsupplier_id%253A1129658%253Bsession_id%253A%253Bbiz_source%253Ah5_external%253Bslot%253A0%253Butlog_bucket_id%253A470687%253Basc_category_id%253A10002883%253Bitem_id%253A884022957%253Bsku_id%253A3912839898%253Bshop_id%253A239297%253BtemplateInfo%253A-1_A3_C%2523&freeshipping=0&fs_ab=1&fuse_fs=&lang=en&location=Sindh&price=13499&priceCompare=skuId%3A3912839898%3Bsource%3Alazada-search-voucher%3Bsn%3A9faa1825accaa5601855478c46fe11f1%3BoriginPrice%3A1349900%3BdisplayPrice%3A1349900%3BisGray%3Afalse%3BsinglePromotionId%3A-1%3BsingleToolCode%3AmockedSalePrice%3BvoucherPricePlugin%3A0%3Btimestamp%3A1786014183120&ratingscore=&request_id=9faa1825accaa5601855478c46fe11f1&review=&sale=1&search=1&source=search&spm=a2a0e.searchlist.list.0&stock=0;TP-Link USB Type-C 6-in-1 Hub UH6120C USB Type-C 6-in-1 Hub - 18 Months Brand Warranty;TP Link;;;13.499;PKR;"6-in-1 USB-C Hub: UH6120C turns a single USB-C port into 6 ports with a 4K@60Hz HDMI, 1 Gbps ethernet, 100W Power Delivery, 1× USB-C Data Ports, 2× USB-A Data Ports. Ultra High-Definition Media Display: Connect to an external monitor via the 4K@60Hz HDMI port for a stunning ultra high-definition experience. Stable Gigabit Connection: This compact gadget provides stable Gigabit Ethernet connectivity for your ultrabook, Chromebook, laptop, or desktop. Powerful 100W Fast Charging: Plug the charging cable into UH6120C and continuously deliver up to 100W of power to your PC while transferring files or streaming media. 5 Gbps SuperSpeed Data Transfer: UH6120C adds three USB 3.0 ports to your device, enabling simultaneous use of multiple USB devices. Easy to Use with Plug & Play: Simply plug in and start using in seconds, thanks to driver-free install with Mac OS X El Capitan Version 10.11.6 and later, Windows 11/10/8.1, Linux OS, iPad OS, iOS, Android, and Chrome OS. Specifications of Brand TP Link SKU 884022957_PK-3912839898 Express delivery Karachi Plug And Play Yes Condition Brand New Graphics Memory USB Type-C 6-in-1 Hub Usb Ports 6 Warranty Policy EN ""Warranty does not cover breaking, damage, or being declared dead. It is essential to handle the box in which the package arrived carefully; otherwise, warranty will not apply.""";https://static-01.daraz.pk/p/86f6f34021346be233ef878b1329c4bc.jpg|https://static-01.daraz.pk/p/1d1d5e88bf42956786dfaf735006eed0.png|https://static-01.daraz.pk/p/2d6c33b1dffde820668531528e98e71f.jpg|https://static-01.daraz.pk/p/ce47ff74404b048e6be4c1f753939d62.png|https://static-01.daraz.pk/p/a21720d176cf7e37526b57ca3909d4f9.jpg|https://static-01.daraz.pk/p/f625115725ddfbd2620c4e94b15c8479.jpg|https://static-01.daraz.pk/p/d35f3634a4129ffacb6365e79975c6f1.jpg;7;ok
258;wildberries;258_wildberries;https://www.wildberries.ru/catalog/432585355/detail.aspx;UM2 внешний интерфейс USB;Behringer;;;4312;RUB;;https://basket-24.wbbasket.ru/vol4325/part432585/432585355/images/big/1.webp|https://basket-24.wbbasket.ru/vol4325/part432585/432585355/images/big/2.webp|https://basket-24.wbbasket.ru/vol4325/part432585/432585355/images/big/3.webp|https://basket-24.wbbasket.ru/vol4325/part432585/432585355/images/big/4.webp;4;ok
258;daraz;258_daraz;https://www.daraz.pk/products/behringer-u-phoria-um2-usb-audio-interface-i113730230-s1265364192.html?c=&channelLpJumpArgs=&clickTrackInfo=query%253ABehringer%252BUM2%253Bnid%253A113730230%253Bsrc%253ALazadaMainSrp%253Brn%253A632335c9bafd2e444f0a6c5c6fc25942%253Bregion%253Apk%253Bsku%253A113730230_PK%253Bprice%253A29000%253Bclient%253Adesktop%253Bsupplier_id%253A1070147%253Bsession_id%253A%253Bbiz_source%253Ah5_external%253Bslot%253A0%253Butlog_bucket_id%253A470687%253Basc_category_id%253A3692%253Bitem_id%253A113730230%253Bsku_id%253A1265364192%253Bshop_id%253A181881%253BtemplateInfo%253A&freeshipping=0&fs_ab=1&fuse_fs=&lang=en&location=Punjab&price=2.9E%204&priceCompare=skuId%3A1265364192%3Bsource%3Alazada-search-voucher%3Bsn%3A632335c9bafd2e444f0a6c5c6fc25942%3BoriginPrice%3A2900000%3BdisplayPrice%3A2900000%3BisGray%3Afalse%3BsinglePromotionId%3A-1%3BsingleToolCode%3AmockedSalePrice%3BvoucherPricePlugin%3A0%3Btimestamp%3A1786014731042&ratingscore=5.0&request_id=632335c9bafd2e444f0a6c5c6fc25942&review=2&sale=6&search=1&source=search&spm=a2a0e.searchlist.list.0&stock=1;Behringer U Phoria UM2 USB Audio Interface;No Brand;;;29.000;PKR;;https://static-01.daraz.pk/p/473503d5c366c3beda74c2bcfbe030b4.jpg|https://static-01.daraz.pk/p/e8696d82f5d79e32212f417619714398.jpg;2;ok
259;wildberries;259_wildberries;https://www.wildberries.ru/catalog/261096839/detail.aspx;UMC22 Внешняя звуковая карта с USB;Behringer;;;7468;RUB;;https://basket-16.wbbasket.ru/vol2610/part261096/261096839/images/big/1.webp|https://basket-16.wbbasket.ru/vol2610/part261096/261096839/images/big/2.webp|https://basket-16.wbbasket.ru/vol2610/part261096/261096839/images/big/3.webp|https://basket-16.wbbasket.ru/vol2610/part261096/261096839/images/big/4.webp|https://basket-16.wbbasket.ru/vol2610/part261096/261096839/images/big/5.webp|https://basket-16.wbbasket.ru/vol2610/part261096/261096839/images/big/6.webp|https://basket-16.wbbasket.ru/vol2610/part261096/261096839/images/big/7.webp|https://basket-16.wbbasket.ru/vol2610/part261096/261096839/images/big/8.webp|https://basket-16.wbbasket.ru/vol2610/part261096/261096839/images/big/9.webp|https://basket-16.wbbasket.ru/vol2610/part261096/261096839/images/big/10.webp;10;ok
259;trendyol;259_trendyol;https://www.trendyol.com/behringer/umc22-2x2-ev-studyosu-icin-midas-mikrofon-preamfi-ses-karti-p-31479841;Behringer Umc22 2x2 Midas Microphone Preamfi Sound Card For Home Studio;Behringer;;;639.64;AED;;https://cdn.dsmcdn.com/ty1439/product/media/images/prod/QC/20240724/09/cd327ebf-8df9-3ab7-a0eb-822e9d43a99f/1_org_zoom.jpg|https://cdn.dsmcdn.com/ty1437/product/media/images/prod/QC/20240724/09/4ce0ba65-05db-3638-ac17-d018fbd34d16/1_org_zoom.jpg|https://cdn.dsmcdn.com/ty1437/product/media/images/prod/QC/20240724/09/816a488d-c1ff-30b4-9bcc-ac00a90a3224/1_org_zoom.jpg|https://cdn.dsmcdn.com/ty1438/product/media/images/prod/QC/20240724/09/4aab0a97-d375-3700-ae96-0cb0d8509a5a/1_org_zoom.jpg;4;ok
259;daraz;259_daraz;https://www.daraz.pk/products/behringer-u-phoria-umc22-audio-interface-i311757133-s2220784939.html?c=&channelLpJumpArgs=&clickTrackInfo=query%253ABehringer%252BUMC22%253Bnid%253A311757133%253Bsrc%253ALazadaMainSrp%253Brn%253A19430c6d36ae32215dc35a380d6297ca%253Bregion%253Apk%253Bsku%253A311757133_PK%253Bprice%253A32000%253Bclient%253Adesktop%253Bsupplier_id%253A1070147%253Bsession_id%253A%253Bbiz_source%253Ah5_external%253Bslot%253A0%253Butlog_bucket_id%253A470687%253Basc_category_id%253A7489%253Bitem_id%253A311757133%253Bsku_id%253A2220784939%253Bshop_id%253A181881%253BtemplateInfo%253A&freeshipping=0&fs_ab=1&fuse_fs=&lang=en&location=Punjab&price=3.2E%204&priceCompare=skuId%3A2220784939%3Bsource%3Alazada-search-voucher%3Bsn%3A19430c6d36ae32215dc35a380d6297ca%3BoriginPrice%3A3200000%3BdisplayPrice%3A3200000%3BisGray%3Afalse%3BsinglePromotionId%3A-1%3BsingleToolCode%3AmockedSalePrice%3BvoucherPricePlugin%3A0%3Btimestamp%3A1786014845642&qSellingPoint=b--behringer___p--umc22&ratingscore=5.0&request_id=19430c6d36ae32215dc35a380d6297ca&review=5&sale=13&search=1&source=search&spm=a2a0e.searchlist.list.0&stock=1;Behringer U Phoria UMC22 Audio Interface;No Brand;;;32.000;PKR;;https://static-01.daraz.pk/p/c82c19cc266e6bd3b29ffbbd92335c7b.jpg|https://static-01.daraz.pk/p/0363594395a76162aef211288dd6d128.jpg|https://static-01.daraz.pk/p/39b27ff4db3e3deb332496dab49431f0.jpg;3;ok
260;wildberries;260_wildberries;https://www.wildberries.ru/catalog/261096661/detail.aspx;UMC202HD Внешняя звуковая карта с USB;Behringer;;;11083;RUB;;https://basket-16.wbbasket.ru/vol2610/part261096/261096661/images/big/1.webp|https://basket-16.wbbasket.ru/vol2610/part261096/261096661/images/big/2.webp|https://basket-16.wbbasket.ru/vol2610/part261096/261096661/images/big/3.webp|https://basket-16.wbbasket.ru/vol2610/part261096/261096661/images/big/4.webp|https://basket-16.wbbasket.ru/vol2610/part261096/261096661/images/big/5.webp|https://basket-16.wbbasket.ru/vol2610/part261096/261096661/images/big/6.webp|https://basket-16.wbbasket.ru/vol2610/part261096/261096661/images/big/7.webp|https://basket-16.wbbasket.ru/vol2610/part261096/261096661/images/big/8.webp|https://basket-16.wbbasket.ru/vol2610/part261096/261096661/images/big/9.webp|https://basket-16.wbbasket.ru/vol2610/part261096/261096661/images/big/10.webp;10;ok
260;trendyol;260_trendyol;https://www.trendyol.com/behringer/umc202hd-ses-karti-p-40265391;Behringer Umc202Hd Sound Card;Behringer;;;682.37;AED;;https://cdn.dsmcdn.com/ty1610/prod/QC/20241202/14/5571b865-b28b-35ef-ae6c-17fdb7378139/1_org_zoom.jpg|https://cdn.dsmcdn.com/ty1610/prod/QC/20241202/14/f3f492cb-c1fe-321c-8046-a5a2ad3bb519/1_org_zoom.jpg|https://cdn.dsmcdn.com/ty1608/prod/QC/20241202/14/3843bf3b-e164-3271-b68e-ba2791046e21/1_org_zoom.jpg|https://cdn.dsmcdn.com/ty1610/prod/QC/20241202/14/621b59f5-965f-366f-a857-509cfcc2075c/1_org_zoom.jpg|https://cdn.dsmcdn.com/ty1609/prod/QC/20241202/14/ed310331-5eef-3f0e-89d5-a9cbb5cf8a8a/1_org_zoom.jpg|https://cdn.dsmcdn.com/ty1608/prod/QC/20241202/14/e141357a-eacf-3482-a100-3b0115ebb841/1_org_zoom.jpg;6;ok
260;daraz;260_daraz;https://www.daraz.pk/products/behringer-u-phoria-umc-202hd-i378174539-s1865779104.html?c=&channelLpJumpArgs=&clickTrackInfo=query%253ABehringer%252BUMC202HD%253Bnid%253A378174539%253Bsrc%253ALazadaMainSrp%253Brn%253A0771ced516f328168569c1c27baec4ce%253Bregion%253Apk%253Bsku%253A378174539_PK%253Bprice%253A42000%253Bclient%253Adesktop%253Bsupplier_id%253A1070147%253Bsession_id%253A%253Bbiz_source%253Ah5_external%253Bslot%253A0%253Butlog_bucket_id%253A470687%253Basc_category_id%253A7489%253Bitem_id%253A378174539%253Bsku_id%253A1865779104%253Bshop_id%253A181881%253BtemplateInfo%253A&freeshipping=0&fs_ab=1&fuse_fs=&lang=en&location=Punjab&price=4.2E%204&priceCompare=skuId%3A1865779104%3Bsource%3Alazada-search-voucher%3Bsn%3A0771ced516f328168569c1c27baec4ce%3BoriginPrice%3A4200000%3BdisplayPrice%3A4200000%3BisGray%3Afalse%3BsinglePromotionId%3A-1%3BsingleToolCode%3AmockedSalePrice%3BvoucherPricePlugin%3A0%3Btimestamp%3A1786014954260&ratingscore=&request_id=0771ced516f328168569c1c27baec4ce&review=0&sale=1&search=1&source=search&spm=a2a0e.searchlist.list.0&stock=1;Behringer U Phoria UMC 202HD;BEHRINGER;;;42.000;PKR;;https://static-01.daraz.pk/p/3a8f6ca1bfc2c25f64ad7dc82b54ab6a.jpg|https://static-01.daraz.pk/p/62a9ed3b837e24f39e1b4481b4056afc.jpg|https://static-01.daraz.pk/p/552c868977c7b9b90c6e50f68ee6cd22.jpg;3;ok
